table_method,source,ci_low,ci_high,ci_level,ci_sidedness,ci_method,ci_status,predictor,outcome,n,beta,se,t,p,r_squared,adj_r_squared,df_resid,p_two_tailed,r,moderator_ci_low,moderator_ci_high,moderator_ci_level,moderator_ci_sidedness,moderator_ci_method,moderator_ci_status,predictor_ci_low,predictor_ci_high,predictor_ci_level,predictor_ci_sidedness,predictor_ci_method,predictor_ci_status,interaction_ci_low,interaction_ci_high,interaction_ci_level,interaction_ci_sidedness,interaction_ci_method,interaction_ci_status,moderator,beta_interaction,se_interaction,t_interaction,p_interaction,beta_predictor,p_predictor,beta_moderator,p_moderator,analysis_type,motion_covariate,n_groups,z,re_var,log_likelihood,converged,degenerate_re,optimizer
OLS,results/tables/00a_diary_panas/regressions.csv,0.3409211138339864,0.6312961860326215,95.0,two-sided,student_t,ok,PA_score,C5SPGP,136,0.48610864993330394,0.07316196381827883,6.644281052114873,1.721799852013794e-09,0.557404291174637,0.3903018296793468,,,,,,,,,,,,,,,,,,,,,,,,,,,,,,,,,,,,,,,
OLS,results/tables/00a_diary_panas/regressions.csv,0.30290004234104334,0.8243334839676746,95.0,two-sided,student_t,ok,NA_score,C5SPGN,136,0.5636167631543589,0.13137868309794784,4.290016841881122,4.194345826230923e-05,0.3446501767429446,0.09722218224793389,,,,,,,,,,,,,,,,,,,,,,,,,,,,,,,,,,,,,,,
OLS,results/tables/00a_diary_panas/regressions.csv,0.027131230267438564,0.08730513561911853,95.0,two-sided,student_t,ok,NA_score_log,C5SPGN_log,136,0.057218182943278545,0.01516122252785044,3.7739821335760673,0.00027528170806714143,0.34282043028547005,0.09470161314835157,,,,,,,,,,,,,,,,,,,,,,,,,,,,,,,,,,,,,,,
OLS,results/tables/00d_erq_context/age_erq/regressions.csv,-0.022410712902180545,0.014798322041930047,95.0,two-sided,student_t,ok,C5PAGE,C5SER,229,-0.003806195430125248,0.009428807274119823,-0.4036772965518648,0.6869265433108919,0.24206877336223587,0.04525790235684968,181,0.6869265433108919,,,,,,,,,,,,,,,,,,,,,,,,,,,,,,,,,,,,,
OLS,results/tables/00d_erq_context/age_erq/regressions.csv,-0.0007633272349195953,0.03923288648444151,95.0,two-sided,student_t,ok,C5PAGE,C5SES,229,0.019234779624760955,0.010135081208658239,1.8978416875761182,0.059308663166551624,0.34246571762789835,0.17172477137657916,181,0.059308663166551624,,,,,,,,,,,,,,,,,,,,,,,,,,,,,,,,,,,,,
OLS,results/tables/00d_erq_context/erq_affect_diary/regressions.csv,-0.10715173225134494,0.12211933364786301,95.0,two-sided,student_t,ok,C5SER,PA_score,135,0.007483800698259033,0.05785095684657093,0.12936347307283352,0.8973041709683012,0.1401300176325797,-0.03804123997508402,111,0.8973041709683012,,,,,,,,,,,,,,,,,,,,,,,,,,,,,,,,,,,,,
OLS,results/tables/00d_erq_context/erq_affect_diary/regressions.csv,-0.021187156905111283,0.06836336208659874,95.0,two-sided,student_t,ok,C5SER,NA_score,135,0.023588102590743724,0.022595887490028648,1.043911313558847,0.29879457296595474,0.2122351591009478,0.049004606482225155,111,0.29879457296595474,,,,,,,,,,,,,,,,,,,,,,,,,,,,,,,,,,,,,
OLS,results/tables/00d_erq_context/erq_affect_diary/regressions.csv,-0.02413794618659945,0.4796065752202816,95.0,two-sided,student_t,ok,C5SER,NA_score_log,135,0.2277343145168411,0.12710763329559188,1.791665131449969,0.07591139268706329,0.197477442982112,0.03118898522164859,111,0.07591139268706329,,,,,,,,,,,,,,,,,,,,,,,,,,,,,,,,,,,,,
OLS,results/tables/00d_erq_context/erq_affect_diary/regressions.csv,-0.17628676190906561,0.05813284094756674,95.0,two-sided,student_t,ok,C5SES,PA_score,135,-0.05907696048074944,0.05915006446915194,-0.9987640928364393,0.32008129778493566,0.14766014810794892,-0.028950812194007636,111,0.32008129778493566,,,,,,,,,,,,,,,,,,,,,,,,,,,,,,,,,,,,,
OLS,results/tables/00d_erq_context/erq_affect_diary/regressions.csv,-0.05328684660576611,0.03908994779501169,95.0,two-sided,student_t,ok,C5SES,NA_score,135,-0.007098449405377212,0.023309029098566306,-0.30453646848009747,0.7612894363430168,0.2051653170705331,0.040469842229292174,111,0.7612894363430168,,,,,,,,,,,,,,,,,,,,,,,,,,,,,,,,,,,,,
OLS,results/tables/00d_erq_context/erq_affect_diary/regressions.csv,-0.3297800766331202,0.19435533125895071,95.0,two-sided,student_t,ok,C5SES,NA_score_log,135,-0.06771237268708476,0.13225277574735086,-0.5119920720336268,0.6096737141480573,0.17621433539378561,0.0055200084933987315,111,0.6096737141480573,,,,,,,,,,,,,,,,,,,,,,,,,,,,,,,,,,,,,
OLS,results/tables/00d_erq_context/erq_affect_panas/regressions.csv,0.06641938834328243,0.253772711280388,95.0,two-sided,student_t,ok,C5SER,C5SPGP,229,0.1600960498118352,0.04747374730489969,3.372306988610354,0.0009124899708799621,0.2355537888739564,0.031701465907011506,180,0.0009124899708799621,,,,,,,,,,,,,,,,,,,,,,,,,,,,,,,,,,,,,
OLS,results/tables/00d_erq_context/erq_affect_panas/regressions.csv,-0.05610597495358374,0.06430800142007795,95.0,two-sided,student_t,ok,C5SER,C5SPGN,229,0.004101013233247103,0.030511883091928958,0.13440708398400714,0.8932308474146826,0.14059885581062181,-0.08857478263987906,180,0.8932308474146826,,,,,,,,,,,,,,,,,,,,,,,,,,,,,,,,,,,,,
OLS,results/tables/00d_erq_context/erq_affect_panas/regressions.csv,-0.0312600494112155,0.04160188637458218,95.0,two-sided,student_t,ok,C5SER,C5SPGN_log,229,0.005170918481683344,0.018462598225716987,0.2800753403429779,0.7797413090532372,0.18221981578076307,-0.03585490001103331,180,0.7797413090532372,,,,,,,,,,,,,,,,,,,,,,,,,,,,,,,,,,,,,
OLS,results/tables/00d_erq_context/erq_affect_panas/regressions.csv,-0.18816512525593895,-0.01084545917196797,95.0,two-sided,student_t,ok,C5SES,C5SPGP,229,-0.09950529221395346,0.044931303527963366,-2.2146095127648704,0.028042130950001833,0.20881346088000463,-0.0021696162186608525,180,0.028042130950001833,,,,,,,,,,,,,,,,,,,,,,,,,,,,,,,,,,,,,
OLS,results/tables/00d_erq_context/erq_affect_panas/regressions.csv,0.004050180894502917,0.11470860346102435,95.0,two-sided,student_t,ok,C5SES,C5SPGN,229,0.05937939217776363,0.028039908274514046,2.1176742661364045,0.035575685972911684,0.16140546162291125,-0.06221974861097901,180,0.035575685972911684,,,,,,,,,,,,,,,,,,,,,,,,,,,,,,,,,,,,,
OLS,results/tables/00d_erq_context/erq_affect_panas/regressions.csv,0.0013897803143414766,0.06840736879123951,95.0,two-sided,student_t,ok,C5SES,C5SPGN_log,229,0.034898574552790496,0.016981690052031095,2.055070752431761,0.04131678621364446,0.20061919960743935,-0.012549013830576827,180,0.04131678621364446,,,,,,,,,,,,,,,,,,,,,,,,,,,,,,,,,,,,,
OLS,results/tables/00d_erq_context/reappraisal_suppression/regressions.csv,-0.0905959520910968,0.22497139652233325,95.0,two-sided,student_t,ok,C5SER,C5SES,229,0.06718772221561822,0.07996209691343632,0.8402446260051545,0.401885940083734,0.34503467731171966,0.17037725792817826,180,0.401885940083734,,,,,,,,,,,,,,,,,,,,,,,,,,,,,,,,,,,,,
OLS,results/tables/01_affect_age/regressions.csv,0.005879729370198105,0.014048404436332453,95.0,two-sided,student_t,ok,C2PAGE,PA_score,1168,0.00996406690326528,0.0020815593535139084,4.786828147102701,9.643970934970751e-07,0.10407492639605276,0.03636446000386506,1085,1.9287941869941502e-06,,,,,,,,,,,,,,,,,,,,,,,,,,,,,,,,,,,,,
OLS,results/tables/01_affect_age/regressions.csv,-0.004536236410434468,-0.0016641170411608559,95.0,two-sided,student_t,ok,C2PAGE,NA_score,1168,-0.0031001767257976616,0.0007318796364303355,-4.23591062174983,1.2346769165559342e-05,0.10885188909390431,0.0415024466106787,1085,2.4693538331118685e-05,,,,,,,,,,,,,,,,,,,,,,,,,,,,,,,,,,,,,
OLS,results/tables/01_affect_age/regressions.csv,-0.031986507876798305,-0.01477640122735801,95.0,two-sided,student_t,ok,C2PAGE,NA_score_log,1168,-0.023381454552078157,0.00438551640028292,-5.331516842707455,5.922652365424765e-08,0.09936618406743192,0.03129984959142218,1085,1.184530473084953e-07,,,,,,,,,,,,,,,,,,,,,,,,,,,,,,,,,,,,,
OLS,results/tables/01_affect_age/neuro_sample/regressions.csv,-0.0020488772548560193,0.02685123866237171,95.0,two-sided,student_t,ok,C5PAGE,PA_score,137,0.012401180703757845,0.007294353427652607,1.7001069151304702,0.045918788492337805,0.14102229497419894,-0.024745332311481905,114,0.09183757698467561,,,,,,,,,,,,,,,,,,,,,,,,,,,,,,,,,,,,,
OLS,results/tables/01_affect_age/neuro_sample/regressions.csv,-0.00891950794407661,0.0023558414609587703,95.0,two-sided,student_t,ok,C5PAGE,NA_score,137,-0.00328183324155892,0.00284588421085095,-1.1531857933804048,0.12562315028857193,0.21506087488786452,0.06358139460306644,114,0.25124630057714387,,,,,,,,,,,,,,,,,,,,,,,,,,,,,,,,,,,,,
OLS,results/tables/01_affect_age/neuro_sample/regressions.csv,-0.07582583090204625,-0.012118296206237826,95.0,two-sided,student_t,ok,C5PAGE,NA_score_log,137,-0.043972063554142043,0.016079702773740465,-2.7346316143325855,0.0036216421327514535,0.17236403432485203,0.01264481287877095,114,0.007243284265502907,,,,,,,,,,,,,,,,,,,,,,,,,,,,,,,,,,,,,
OLS,results/tables/01_affect_age/sensitivity_panas/regressions.csv,-0.009994595253204707,0.01423537899569574,95.0,two-sided,student_t,ok,C5PAGE,C5SPGP,230,0.002120391871245516,0.0061401271560767735,0.3453335439718056,0.3651212137753548,0.18726405635532584,-0.02261830271774934,182,0.7302424275507096,,,,,,,,,,,,,,,,,,,,,,,,,,,,,,,,,,,,,
OLS,results/tables/01_affect_age/sensitivity_panas/regressions.csv,-0.013092441988532969,0.0020278695512742743,95.0,two-sided,student_t,ok,C5PAGE,C5SPGN,230,-0.005532286218629347,0.0038316440017729103,-1.4438413944692006,0.0752513785600227,0.14115320160232514,-0.0806369056761953,182,0.1505027571200454,,,,,,,,,,,,,,,,,,,,,,,,,,,,,,,,,,,,,
OLS,results/tables/01_affect_age/sensitivity_panas/regressions.csv,-0.00872004591670231,0.00043736092774150463,95.0,two-sided,student_t,ok,C5PAGE,C5SPGN_log,230,-0.004141342494480403,0.0023205820141292306,-1.7846137172766074,0.037994868247458076,0.18245047865229047,-0.028674947190249878,182,0.07598973649491615,,,,,,,,,,,,,,,,,,,,,,,,,,,,,,,,,,,,,
OLS,results/tables/02_persistence_affect/regressions.csv,-2.8303040012960015,-0.371346810330085,95.0,two-sided,student_t,ok,neg_persist_crossrun_mean_z_L,PA_score,81,-1.6008254058130431,0.6156202785579657,-2.6003454752381296,0.005758196214440334,0.2391401472982475,0.06355710436707385,65,0.011516392428880667,,,,,,,,,,,,,,,,,,,,,,,,,,,,,,,,,,,,,
OLS,results/tables/02_persistence_affect/regressions.csv,0.08007575397533362,0.6734204478632354,95.0,two-sided,student_t,ok,neg_persist_crossrun_mean_z_L,NA_score,81,0.3767481009192845,0.1485487535424215,2.5361915999631424,0.0068092744434526285,0.26221606528334374,0.09195823419488458,65,0.013618548886905257,,,,,,,,,,,,,,,,,,,,,,,,,,,,,,,,,,,,,
OLS,results/tables/02_persistence_affect/regressions.csv,-0.004292579061903723,5.246882075248367,95.0,two-sided,student_t,ok,neg_persist_crossrun_mean_z_L,NA_score_log,81,2.6212947480932316,1.3146750237539322,1.9938727828025273,0.025182386013534102,0.2988224471162916,0.1370122426046665,65,0.050364772027068204,,,,,,,,,,,,,,,,,,,,,,,,,,,,,,,,,,,,,
OLS,results/tables/02_persistence_affect/sensitivity_other_persistence/regressions.csv,-1.232497434586029,1.4289711519199306,95.0,two-sided,student_t,ok,pos_persist_crossrun_mean_z_L,PA_score,81,0.09823685866695075,0.6663206820426443,0.14743180170514897,0.8832475705156877,0.16027049986487696,-0.033513230935536154,65,0.8832475705156877,,,,,,,,,,,,,,,,,,,,,,,,,,,,,,,,,,,,,
OLS,results/tables/02_persistence_affect/sensitivity_other_persistence/regressions.csv,-0.30899617129469964,0.331820359608155,95.0,two-sided,student_t,ok,pos_persist_crossrun_mean_z_L,NA_score,81,0.01141209415672767,0.16043372072858214,0.0711327650128764,0.9435105026462454,0.1892695779096496,0.002177942042645653,65,0.9435105026462454,,,,,,,,,,,,,,,,,,,,,,,,,,,,,,,,,,,,,
OLS,results/tables/02_persistence_affect/sensitivity_panas/regressions.csv,-1.6263692334020516,0.12755643272690365,95.0,two-sided,student_t,ok,neg_persist_crossrun_mean_z_L,C5SPGP,127,-0.749406400337574,0.4420774952798337,-1.6951923776694446,0.04655993806738269,0.2588638086078905,0.07541425628311094,101,0.09311987613476538,,,,,,,,,,,,,,,,,,,,,,,,,,,,,,,,,,,,,
OLS,results/tables/02_persistence_affect/sensitivity_panas/regressions.csv,-0.648040642767806,0.6494122130950795,95.0,two-sided,student_t,ok,neg_persist_crossrun_mean_z_L,C5SPGN,127,0.0006857851636367651,0.3270233852210246,0.002097052365760525,0.49916546596943845,0.10506701155225862,-0.11645105489520202,101,0.9983309319388769,,,,,,,,,,,,,,,,,,,,,,,,,,,,,,,,,,,,,
OLS,results/tables/02_persistence_affect/sensitivity_panas/regressions.csv,-0.329450271458821,0.41488555605826216,95.0,two-sided,student_t,ok,neg_persist_crossrun_mean_z_L,C5SPGN_log,127,0.04271764229972059,0.18761007072896163,0.22769375936878322,0.41017231081979527,0.15788387796919168,-0.05056070669189938,101,0.8203446216395905,,,,,,,,,,,,,,,,,,,,,,,,,,,,,,,,,,,,,
OLS,results/tables/02_persistence_affect/sensitivity_right_hemisphere/regressions.csv,-1.9569171807581875,0.7282200966641523,95.0,two-sided,student_t,ok,neg_persist_crossrun_mean_z_R,PA_score,81,-0.6143485420470176,0.672246334652042,-0.9138741416344166,0.3641605311597089,0.17064582129715855,-0.020743604557343476,65,0.3641605311597089,,,,,,,,,,,,,,,,,,,,,,,,,,,,,,,,,,,,,
OLS,results/tables/02_persistence_affect/sensitivity_right_hemisphere/regressions.csv,-0.3566142625090904,0.29377158143491094,95.0,two-sided,student_t,ok,neg_persist_crossrun_mean_z_R,NA_score,81,-0.031421340537089726,0.1628294774264387,-0.19297083693758652,0.8475835026838915,0.18967069551536597,0.00267162524968112,65,0.8475835026838915,,,,,,,,,,,,,,,,,,,,,,,,,,,,,,,,,,,,,
OLS,results/tables/02_persistence_affect/sensitivity_roi_activations/regressions.csv,-1.0084044646386485,2.117503803095038,95.0,two-sided,student_t,ok,l_amyg_neg_image,PA_score,81,0.5545496692281949,0.7825969990851842,0.7086018345028604,0.4811052651677785,0.16642892090926187,-0.025933635803985444,65,0.4811052651677785,,,,,,,,,,,,,,,,,,,,,,,,,,,,,,,,,,,,,
OLS,results/tables/02_persistence_affect/sensitivity_roi_activations/regressions.csv,-0.492550626814338,0.26071002975421437,95.0,two-sided,student_t,ok,l_amyg_neg_image,NA_score,81,-0.11592029853006182,0.18858503796942108,-0.6146844934159528,0.540908958023598,0.1938922726167166,0.00786741245134348,65,0.540908958023598,,,,,,,,,,,,,,,,,,,,,,,,,,,,,,,,,,,,,
OLS,results/tables/02_persistence_affect/sensitivity_roi_activations/regressions.csv,-0.9292906326836128,1.5395794567299108,95.0,two-sided,student_t,ok,ant_vmPFC_neg_image,PA_score,81,0.305144412023149,0.6181020547052095,0.49367965969419253,0.6231964943182184,0.16312757284644375,-0.02999683341976156,65,0.6231964943182184,,,,,,,,,,,,,,,,,,,,,,,,,,,,,,,,,,,,,
OLS,results/tables/02_persistence_affect/sensitivity_roi_activations/regressions.csv,-0.32155325489895925,0.27380983642265344,95.0,two-sided,student_t,ok,ant_vmPFC_neg_image,NA_score,81,-0.023871709238152905,0.14905407604048976,-0.16015468930663984,0.8732558922285218,0.18952628674995586,0.00249389138456102,65,0.8732558922285218,,,,,,,,,,,,,,,,,,,,,,,,,,,,,,,,,,,,,
OLS,results/tables/02_persistence_affect/sensitivity_roi_activations/regressions.csv,-0.40218707212346394,2.2041929043948985,95.0,two-sided,student_t,ok,post_vmPFC_neg_image,PA_score,81,0.9010029161357171,0.6525287927204012,1.3807864513984494,0.17207407615902537,0.18392664600265118,-0.004397974150583295,65,0.17207407615902537,,,,,,,,,,,,,,,,,,,,,,,,,,,,,,,,,,,,,
OLS,results/tables/02_persistence_affect/sensitivity_roi_activations/regressions.csv,-0.48634678428495043,0.14460766009875775,95.0,two-sided,student_t,ok,post_vmPFC_neg_image,NA_score,81,-0.17086956209309634,0.15796466576805443,-1.0816948287915897,0.283384956066961,0.20354346546405333,0.019745803648065552,65,0.283384956066961,,,,,,,,,,,,,,,,,,,,,,,,,,,,,,,,,,,,,
OLS,results/tables/02_persistence_affect/sensitivity_vmpfc_persistence/regressions.csv,-0.7653242243810251,1.2730276440750088,95.0,two-sided,student_t,ok,ant_vmPFC_neg_image_mean_z,PA_score,81,0.2538517098469918,0.5103182559128363,0.497438033826386,0.6205587998258089,0.16317535007915063,-0.029938030671814664,65,0.6205587998258089,,,,,,,,,,,,,,,,,,,,,,,,,,,,,,,,,,,,,
OLS,results/tables/02_persistence_affect/sensitivity_vmpfc_persistence/regressions.csv,-0.3101242553912803,0.18048127276322598,95.0,two-sided,student_t,ok,ant_vmPFC_neg_image_mean_z,NA_score,81,-0.06482149131402715,0.12282715332100365,-0.5277456129315224,0.5994728929158304,0.19266577559431075,0.006357877654536215,65,0.5994728929158304,,,,,,,,,,,,,,,,,,,,,,,,,,,,,,,,,,,,,
OLS,results/tables/02_persistence_affect/sensitivity_vmpfc_persistence/regressions.csv,-1.4489268116875587,0.8331775261203718,95.0,two-sided,student_t,ok,post_vmPFC_neg_image_mean_z,PA_score,81,-0.30787464278359344,0.571343703461462,-0.538860655886024,0.5918238580674808,0.16372553396301814,-0.029260881276285344,65,0.5918238580674808,,,,,,,,,,,,,,,,,,,,,,,,,,,,,,,,,,,,,
OLS,results/tables/02_persistence_affect/sensitivity_vmpfc_persistence/regressions.csv,-0.24366773456614038,0.30674078108963837,95.0,two-sided,student_t,ok,post_vmPFC_neg_image_mean_z,NA_score,81,0.031536523261748994,0.1377993260612985,0.22885832727309802,0.8196975644511775,0.1898592678906178,0.002903714326914164,65,0.8196975644511775,,,,,,,,,,,,,,,,,,,,,,,,,,,,,,,,,,,,,
OLS,results/tables/03_persistence_age/regressions.csv,-0.0049000180750234275,0.0008467651148402451,95.0,two-sided,student_t,ok,C5PAGE,neg_persist_crossrun_mean_z_L,127,-0.002026626480091591,0.0014486505993015046,-1.3989753506254503,0.08242693575111332,0.17687093740933768,-0.016806489082582976,102,0.16485387150222663,,,,,,,,,,,,,,,,,,,,,,,,,,,,,,,,,,,,,
OLS,results/tables/03_persistence_age/sensitivity_positive_persistence/regressions.csv,-0.0028283165114092817,0.002799002122450735,95.0,two-sided,student_t,ok,C5PAGE,pos_persist_crossrun_mean_z_L,127,-1.4657194479273349e-05,0.0014185359429916518,-0.010332621144841592,0.9917760902881181,0.19666432808222067,0.007644169983919591,102,0.9917760902881181,,,,,,,,,,,,,,,,,,,,,,,,,,,,,,,,,,,,,
OLS,results/tables/03_persistence_age/sensitivity_positive_persistence/regressions.csv,-0.002311065281281498,0.0029025378947313512,95.0,two-sided,student_t,ok,C5PAGE,pos_persist_crossrun_mean_z_R,127,0.0002957363067249266,0.0013142464429096393,0.2250234789071899,0.8224112091681344,0.1924123527495738,0.002391729867120551,102,0.8224112091681344,,,,,,,,,,,,,,,,,,,,,,,,,,,,,,,,,,,,,
OLS,results/tables/03_persistence_age/sensitivity_right_hemisphere/regressions.csv,-0.0025385113729789574,0.003169250617129593,95.0,two-sided,student_t,ok,C5PAGE,neg_persist_crossrun_mean_z_R,127,0.0003153696220753176,0.0014388141251309762,0.21918718795355815,0.8269422453215798,0.10603342862010279,-0.10431164699869666,102,0.8269422453215798,,,,,,,,,,,,,,,,,,,,,,,,,,,,,,,,,,,,,
OLS,results/tables/03_persistence_age/sensitivity_vmPFC/regressions.csv,-0.002745219473828809,0.003965473701126665,95.0,two-sided,student_t,ok,C5PAGE,ant_vmPFC_neg_image_mean_z,127,0.0006101271136489283,0.0016916332787314324,0.3606733925845127,0.7190894831435513,0.27969657034063866,0.11021341042078892,102,0.7190894831435513,,,,,,,,,,,,,,,,,,,,,,,,,,,,,,,,,,,,,
OLS,results/tables/03_persistence_age/sensitivity_vmPFC/regressions.csv,-0.0024572945631810396,0.0036387700951163423,95.0,two-sided,student_t,ok,C5PAGE,post_vmPFC_neg_image_mean_z,127,0.0005907377659676513,0.001536697562594617,0.38442031818559524,0.7014672355689127,0.15236831160023845,-0.04707443861147009,102,0.7014672355689127,,,,,,,,,,,,,,,,,,,,,,,,,,,,,,,,,,,,,
OLS,results/tables/04_fc_affect/regressions.csv,-0.3448044455939638,0.6654445194670673,95.0,two-sided,student_t,ok,l_amyg-ant_vmPFC_neg_vs_neu,PA_score,81,0.16032003693655178,0.2529241873623123,0.6338659762377503,0.2641963278616454,0.16515017005464827,-0.02750748300966377,65,0.5283926557232907,,,,,,,,,,,,,,,,,,,,,,,,,,,,,,,,,,,,,
OLS,results/tables/04_fc_affect/regressions.csv,-0.20391671236613967,0.03649489884247968,95.0,two-sided,student_t,ok,l_amyg-ant_vmPFC_neg_vs_neu,NA_score,81,-0.08371090676182999,0.06018903606966904,-1.3907999235098947,0.08451463158288351,0.21263746100977832,0.030938413550496313,65,0.16902926316576702,,,,,,,,,,,,,,,,,,,,,,,,,,,,,,,,,,,,,
OLS,results/tables/04_fc_affect/regressions.csv,-2.0243642876355556,0.03952489675457316,95.0,two-sided,student_t,ok,l_amyg-ant_vmPFC_neg_vs_neu,NA_score_log,81,-0.9924196954404914,0.516711734256717,-1.9206447805333353,0.02958257007011617,0.29589629415580687,0.13341082357637768,65,0.05916514014023234,,,,,,,,,,,,,,,,,,,,,,,,,,,,,,,,,,,,,
OLS,results/tables/04_fc_affect/regressions.csv,-0.45193546092780934,0.5694042254957637,95.0,two-sided,student_t,ok,l_amyg-post_vmPFC_neg_vs_neu,PA_score,81,0.058734382283977205,0.2557008412218026,0.22969960522354807,0.4095232506282279,0.16067099410457464,-0.03302031494821578,65,0.8190465012564558,,,,,,,,,,,,,,,,,,,,,,,,,,,,,,,,,,,,,
OLS,results/tables/04_fc_affect/regressions.csv,-0.1765398896981238,0.06796722262920285,95.0,two-sided,student_t,ok,l_amyg-post_vmPFC_neg_vs_neu,NA_score,81,-0.05428633353446046,0.06121437866155965,-0.8868232386151828,0.18922179190744742,0.19889923752720517,0.014029830802714027,65,0.37844358381489485,,,,,,,,,,,,,,,,,,,,,,,,,,,,,,,,,,,,,
OLS,results/tables/04_fc_affect/regressions.csv,-1.476361037822214,0.6531029585440867,95.0,two-sided,student_t,ok,l_amyg-post_vmPFC_neg_vs_neu,NA_score_log,81,-0.4116290396390637,0.533128931011289,-0.7721003601478673,0.22142661205336706,0.2626990983499723,0.09255273643073503,65,0.4428532241067341,,,,,,,,,,,,,,,,,,,,,,,,,,,,,,,,,,,,,
OLS,results/tables/04_fc_affect/sensitivity_neg_condition/regressions.csv,-0.3582716924846272,0.7487121199116711,95.0,two-sided,student_t,ok,l_amyg-ant_vmPFC_neg,PA_score,81,0.19522021371352194,0.2771425567920813,0.704403596377227,0.24184883072049568,0.16635342254587104,-0.026026556866620254,65,0.48369766144099136,,,,,,,,,,,,,,,,,,,,,,,,,,,,,,,,,,,,,
OLS,results/tables/04_fc_affect/sensitivity_neg_condition/regressions.csv,-0.17520185005663777,0.0915092916216301,95.0,two-sided,student_t,ok,l_amyg-ant_vmPFC_neg,NA_score,81,-0.041846279217503835,0.06677334112920887,-0.626691408724475,0.26652824113380624,0.19407601032410515,0.008093551168129376,65,0.5330564822676125,,,,,,,,,,,,,,,,,,,,,,,,,,,,,,,,,,,,,
OLS,results/tables/04_fc_affect/sensitivity_neg_condition/regressions.csv,-0.33019811539479493,0.9637988451116156,95.0,two-sided,student_t,ok,l_amyg-post_vmPFC_neg,PA_score,81,0.31680036485841034,0.3239628457977328,0.9778910420369797,0.1658769161613407,0.1721686316300034,-0.01886937645538045,65,0.3317538323226814,,,,,,,,,,,,,,,,,,,,,,,,,,,,,,,,,,,,,
OLS,results/tables/04_fc_affect/sensitivity_neg_condition/regressions.csv,-0.2073314245826,0.10545827714030748,95.0,two-sided,student_t,ok,l_amyg-post_vmPFC_neg,NA_score,81,-0.05093657372114626,0.07830948989765817,-0.6504521200139948,0.25884640788964874,0.19444983002792315,0.008553636957443822,65,0.5176928157792975,,,,,,,,,,,,,,,,,,,,,,,,,,,,,,,,,,,,,
OLS,results/tables/04_fc_affect/sensitivity_panas/regressions.csv,-0.3832648392727369,0.29983413496370437,95.0,two-sided,student_t,ok,l_amyg-ant_vmPFC_neg_vs_neu,C5SPGP,127,-0.04171535215451627,0.17217530331554354,-0.24228417985165424,0.5954743668199465,0.23821956677730105,0.04966005360336567,101,0.809051266360107,,,,,,,,,,,,,,,,,,,,,,,,,,,,,,,,,,,,,
OLS,results/tables/04_fc_affect/sensitivity_panas/regressions.csv,-0.6222820599051415,-0.1475900335317246,95.0,two-sided,student_t,ok,l_amyg-ant_vmPFC_neg_vs_neu,C5SPGN,127,-0.38493604671843307,0.11964626899589478,-3.217284165640307,0.0008697584949033522,0.18825782600340035,-0.01266845468882738,101,0.0017395169898067045,,,,,,,,,,,,,,,,,,,,,,,,,,,,,,,,,,,,,
OLS,results/tables/04_fc_affect/sensitivity_panas/regressions.csv,-0.3538479363384521,-0.08101878052317063,95.0,two-sided,student_t,ok,l_amyg-ant_vmPFC_neg_vs_neu,C5SPGN_log,127,-0.21743335843081135,0.06876667134265158,-3.161900295382646,0.0010349459774465141,0.23334038720058792,0.04357315630964431,101,0.0020698919548930283,,,,,,,,,,,,,,,,,,,,,,,,,,,,,,,,,,,,,
OLS,results/tables/04_fc_affect/sensitivity_panas/regressions.csv,-0.1841254851939757,0.4775524814928593,95.0,two-sided,student_t,ok,l_amyg-post_vmPFC_neg_vs_neu,C5SPGP,127,0.1467134981494418,0.16677613187585488,0.8797032075228406,0.19055420475267937,0.2435726807459746,0.05633819578210697,101,0.38110840950535874,,,,,,,,,,,,,,,,,,,,,,,,,,,,,,,,,,,,,
OLS,results/tables/04_fc_affect/sensitivity_panas/regressions.csv,-0.6039317618514324,-0.14237123831872225,95.0,two-sided,student_t,ok,l_amyg-post_vmPFC_neg_vs_neu,C5SPGN,127,-0.3731515000850773,0.11633646972835109,-3.2075195418633253,0.000896970192190865,0.1878002276612165,-0.013239319947393247,101,0.00179394038438173,,,,,,,,,,,,,,,,,,,,,,,,,,,,,,,,,,,,,
OLS,results/tables/04_fc_affect/sensitivity_panas/regressions.csv,-0.3358490962723105,-0.06959315238164476,95.0,two-sided,student_t,ok,l_amyg-post_vmPFC_neg_vs_neu,C5SPGN_log,127,-0.20272112432697764,0.0671098912865212,-3.020733910318426,0.0015971093190359597,0.2272643256146345,0.035993119083603475,101,0.0031942186380719195,,,,,,,,,,,,,,,,,,,,,,,,,,,,,,,,,,,,,
OLS,results/tables/04_fc_affect/sensitivity_pos_vs_neu/regressions.csv,-0.5268057557071784,0.3369146722793571,95.0,two-sided,student_t,ok,l_amyg-ant_vmPFC_pos_vs_neu,PA_score,81,-0.09494554171391062,0.21623955570548467,-0.4390757343361598,0.6620628250554106,0.16247376317317141,-0.030801522248404378,65,0.6620628250554106,,,,,,,,,,,,,,,,,,,,,,,,,,,,,,,,,,,,,
OLS,results/tables/04_fc_affect/sensitivity_pos_vs_neu/regressions.csv,-0.11509954723685248,0.09307317793762682,95.0,two-sided,student_t,ok,l_amyg-ant_vmPFC_pos_vs_neu,NA_score,81,-0.011013184649612835,0.052117764201394,-0.21131345172551094,0.833303822896465,0.18976307978948959,0.0027853289716794905,65,0.833303822896465,,,,,,,,,,,,,,,,,,,,,,,,,,,,,,,,,,,,,
OLS,results/tables/04_fc_affect/sensitivity_pos_vs_neu/regressions.csv,-0.5611003611713711,0.44971158277218215,95.0,two-sided,student_t,ok,l_amyg-post_vmPFC_pos_vs_neu,PA_score,81,-0.05569438919959446,0.2530651337837278,-0.2200792672102807,0.8264991660170454,0.1606151619017403,-0.03308903150555054,65,0.8264991660170454,,,,,,,,,,,,,,,,,,,,,,,,,,,,,,,,,,,,,
OLS,results/tables/04_fc_affect/sensitivity_pos_vs_neu/regressions.csv,-0.1423482863884161,0.10087304199180486,95.0,two-sided,student_t,ok,l_amyg-post_vmPFC_pos_vs_neu,NA_score,81,-0.02073762219830562,0.06089247201162255,-0.34056134548696637,0.7345320883484358,0.19065062088274554,0.00387768724030213,65,0.7345320883484358,,,,,,,,,,,,,,,,,,,,,,,,,,,,,,,,,,,,,
OLS,results/tables/04_fc_affect/sensitivity_right_amygdala/regressions.csv,-0.4670508918356676,0.6041224278940199,95.0,two-sided,student_t,ok,r_amyg-ant_vmPFC_neg_vs_neu,PA_score,81,0.06853576802917616,0.2681771036513306,0.2555615937976669,0.7990963592633382,0.16083288417036057,-0.03282106563647935,65,0.7990963592633382,,,,,,,,,,,,,,,,,,,,,,,,,,,,,,,,,,,,,
OLS,results/tables/04_fc_affect/sensitivity_right_amygdala/regressions.csv,-0.08396238246093359,0.17309982254409512,95.0,two-sided,student_t,ok,r_amyg-ant_vmPFC_neg_vs_neu,NA_score,81,0.04456872004158076,0.06435764999623948,0.6925162749756242,0.49107993111916914,0.1951447978192956,0.009408981931440685,65,0.49107993111916914,,,,,,,,,,,,,,,,,,,,,,,,,,,,,,,,,,,,,
OLS,results/tables/04_fc_affect/sensitivity_right_amygdala/regressions.csv,-0.6453150942294809,0.5171593579917938,95.0,two-sided,student_t,ok,r_amyg-post_vmPFC_neg_vs_neu,PA_score,81,-0.0640778681188435,0.2910350976105705,-0.2201723044571933,0.8264270142834383,0.16061569044648727,-0.03308838098893885,65,0.8264270142834383,,,,,,,,,,,,,,,,,,,,,,,,,,,,,,,,,,,,,
OLS,results/tables/04_fc_affect/sensitivity_right_amygdala/regressions.csv,-0.10068924007595592,0.17860845676246773,95.0,two-sided,student_t,ok,r_amyg-post_vmPFC_neg_vs_neu,NA_score,81,0.0389596083432559,0.06992448935669654,0.5571668624495263,0.57932703366709,0.19306034790397497,0.00684350511258458,65,0.57932703366709,,,,,,,,,,,,,,,,,,,,,,,,,,,,,,,,,,,,,
OLS,results/tables/04ex_fc_affect_antpost/diary/regressions.csv,-0.4208523941961776,0.6509121108205437,95.0,two-sided,student_t,ok,l_amyg-ant_minus_post_vmPFC_neg_vs_neu,PA_score,81,0.11502985831218304,0.26832511177949975,0.4286958367381976,0.3347809946426683,0.16235803013191785,-0.030943962914562695,65,0.6695619892853366,,,,,,,,,,,,,,,,,,,,,,,,,,,,,,,,,,,,,
OLS,results/tables/04ex_fc_affect_antpost/diary/regressions.csv,-0.16292055342284012,0.09491581031757586,95.0,two-sided,student_t,ok,l_amyg-ant_minus_post_vmPFC_neg_vs_neu,NA_score,81,-0.034002371552632124,0.06455146704115518,-0.5267482384397818,0.30008074517749794,0.19265276813727827,0.006341868476650081,65,0.6001614903549959,,,,,,,,,,,,,,,,,,,,,,,,,,,,,,,,,,,,,
OLS,results/tables/04ex_fc_affect_antpost/diary/regressions.csv,-1.7706620146502128,0.4525713114423561,95.0,two-sided,student_t,ok,l_amyg-ant_minus_post_vmPFC_neg_vs_neu,NA_score_log,81,-0.6590453516039284,0.5566048585704846,-1.1840452727928739,0.12035350715973371,0.2716466491663586,0.10356510666628749,65,0.24070701431946742,,,,,,,,,,,,,,,,,,,,,,,,,,,,,,,,,,,,,
OLS,results/tables/04ex_fc_affect_antpost/diary/regressions.csv,-0.4155427581854467,0.667537190014095,95.0,two-sided,student_t,ok,r_amyg-ant_minus_post_vmPFC_neg_vs_neu,PA_score,81,0.1259972159143241,0.2711580266060805,0.46466341967211644,0.3218626375562539,0.1627707375282672,-0.030436015349825096,65,0.6437252751125078,,,,,,,,,,,,,,,,,,,,,,,,,,,,,,,,,,,,,
OLS,results/tables/04ex_fc_affect_antpost/diary/regressions.csv,-0.11879286911127082,0.14232051350584415,95.0,two-sided,student_t,ok,r_amyg-ant_minus_post_vmPFC_neg_vs_neu,NA_score,81,0.011763822197286666,0.06537189583150783,0.17995228756417309,0.571125068452548,0.18961020130857975,0.002597170841328822,65,0.8577498630949042,,,,,,,,,,,,,,,,,,,,,,,,,,,,,,,,,,,,,
OLS,results/tables/04ex_fc_affect_antpost/diary/regressions.csv,-1.0884983759735052,1.1827469306821752,95.0,two-sided,student_t,ok,r_amyg-ant_minus_post_vmPFC_neg_vs_neu,NA_score_log,81,0.04712427735433494,0.5686250551631596,0.08287407831653362,0.5328968225055022,0.256015651753409,0.08432695600419571,65,0.9342063549889956,,,,,,,,,,,,,,,,,,,,,,,,,,,,,,,,,,,,,
OLS,results/tables/04ex_fc_affect_antpost/panas/regressions.csv,-0.5500882328260394,0.14127339503924422,95.0,two-sided,student_t,ok,l_amyg-ant_minus_post_vmPFC_neg_vs_neu,C5SPGP,127,-0.20440741889339756,0.17425790766482893,-1.1730166029914624,0.8782259057546509,0.24802135652740664,0.06188802893518053,101,0.24354818849069823,,,,,,,,,,,,,,,,,,,,,,,,,,,,,,,,,,,,,
OLS,results/tables/04ex_fc_affect_antpost/panas/regressions.csv,-0.24350793056228098,0.26420460041659494,95.0,two-sided,student_t,ok,l_amyg-ant_minus_post_vmPFC_neg_vs_neu,C5SPGN,127,0.01034833492715699,0.12796909718112545,0.08086588993052064,0.5321456839779299,0.10512491169147709,-0.11637882303835534,101,0.9357086320441402,,,,,,,,,,,,,,,,,,,,,,,,,,,,,,,,,,,,,
OLS,results/tables/04ex_fc_affect_antpost/panas/regressions.csv,-0.14867706340074516,0.1426743393246775,95.0,two-sided,student_t,ok,l_amyg-ant_minus_post_vmPFC_neg_vs_neu,C5SPGN_log,127,-0.0030013620380338404,0.0734352092853467,-0.04087088560436272,0.483739756205665,0.15746554478787067,-0.0510825876903791,101,0.96747951241133,,,,,,,,,,,,,,,,,,,,,,,,,,,,,,,,,,,,,
OLS,results/tables/04ex_fc_affect_antpost/panas/regressions.csv,-0.591398071744553,0.15370218855175338,95.0,two-sided,student_t,ok,r_amyg-ant_minus_post_vmPFC_neg_vs_neu,C5SPGP,127,-0.2188479415963998,0.187802746242454,-1.1653074620850665,0.8766803459942657,0.24788892400641882,0.061722816087215526,101,0.2466393080114686,,,,,,,,,,,,,,,,,,,,,,,,,,,,,,,,,,,,,
OLS,results/tables/04ex_fc_affect_antpost/panas/regressions.csv,-0.37446714588889585,0.17120573939071992,95.0,two-sided,student_t,ok,r_amyg-ant_minus_post_vmPFC_neg_vs_neu,C5SPGN,127,-0.10163070324908798,0.1375370159779602,-0.7389334611227418,0.2308305981922451,0.1098791129271951,-0.11044783931854862,101,0.4616611963844902,,,,,,,,,,,,,,,,,,,,,,,,,,,,,,,,,,,,,
OLS,results/tables/04ex_fc_affect_antpost/panas/regressions.csv,-0.22061085157136912,0.0923392994523599,95.0,two-sided,student_t,ok,r_amyg-ant_minus_post_vmPFC_neg_vs_neu,C5SPGN_log,127,-0.06413577605950462,0.07887918033456952,-0.8130887743441285,0.20903986342007524,0.16293079465373173,-0.044264553204255375,101,0.4180797268401505,,,,,,,,,,,,,,,,,,,,,,,,,,,,,,,,,,,,,
OLS,results/tables/05_fc_persistence/regressions.csv,-0.09234048063404834,0.05917381489665035,95.0,two-sided,student_t,ok,l_amyg-ant_vmPFC_neg_vs_neu,neg_persist_crossrun_mean_z_L,127,-0.016583332868699,0.038189224070785156,-0.43424115760930815,0.332519792559634,0.17840484241458243,-0.02496029560160995,101,0.665039585119268,,,,,,,,,,,,,,,,,,,,,,,,,,,,,,,,,,,,,
OLS,results/tables/05_fc_persistence/regressions.csv,-0.051624980855845756,0.09553880008615954,95.0,two-sided,student_t,ok,l_amyg-post_vmPFC_neg_vs_neu,neg_persist_crossrun_mean_z_L,127,0.02195690961515689,0.03709267555126167,0.5919473127467627,0.7223956818249551,0.17971676488773702,-0.023323639843021216,101,0.5552086363500899,,,,,,,,,,,,,,,,,,,,,,,,,,,,,,,,,,,,,
OLS,results/tables/05_fc_persistence/sensitivity_neg_condition/regressions.csv,-0.09169089671756128,0.07992898561053341,95.0,two-sided,student_t,ok,l_amyg-ant_vmPFC_neg,neg_persist_crossrun_mean_z_L,127,-0.005880955553513938,0.0432568433115373,-0.1359543393205808,0.44606399289538196,0.17702154721160668,-0.02668599060730248,101,0.8921279857907639,,,,,,,,,,,,,,,,,,,,,,,,,,,,,,,,,,,,,
OLS,results/tables/05_fc_persistence/sensitivity_neg_condition/regressions.csv,-0.04852460726243213,0.1422692425484369,95.0,two-sided,student_t,ok,l_amyg-post_vmPFC_neg,neg_persist_crossrun_mean_z_L,127,0.046872317643002384,0.04808964762192171,0.9746862362458983,0.8339777012791953,0.1845412014773421,-0.017305035780741607,101,0.3320445974416094,,,,,,,,,,,,,,,,,,,,,,,,,,,,,,,,,,,,,
OLS,results/tables/05_fc_persistence/sensitivity_other_persistence/regressions.csv,-0.0878031447647859,0.06060280402999898,95.0,two-sided,student_t,ok,l_amyg-ant_vmPFC_neg_vs_neu,pos_persist_crossrun_mean_z_L,127,-0.013600170367393463,0.03740576433471388,-0.3635848808139985,0.7169279524438592,0.19771440050703137,-0.0008711439219213357,101,0.7169279524438592,,,,,,,,,,,,,,,,,,,,,,,,,,,,,,,,,,,,,
OLS,results/tables/05_fc_persistence/sensitivity_other_persistence/regressions.csv,-0.10105261008648961,0.042843688439243556,95.0,two-sided,student_t,ok,l_amyg-post_vmPFC_neg_vs_neu,pos_persist_crossrun_mean_z_L,127,-0.029104460823623023,0.03626910561876586,-0.8024587407681814,0.42417184315685874,0.20175366244912163,0.0041679353325675406,101,0.42417184315685874,,,,,,,,,,,,,,,,,,,,,,,,,,,,,,,,,,,,,
OLS,results/tables/05_fc_persistence/sensitivity_pos_vs_neu/regressions.csv,-0.06439354683559675,0.08052256863085938,95.0,two-sided,student_t,ok,l_amyg-ant_vmPFC_pos_vs_neu,neg_persist_crossrun_mean_z_L,127,0.008064510897631315,0.036526150787500856,0.22078731877739954,0.8257037503733248,0.17726802402964714,-0.02637850467588576,101,0.8257037503733248,,,,,,,,,,,,,,,,,,,,,,,,,,,,,,,,,,,,,
OLS,results/tables/05_fc_persistence/sensitivity_pos_vs_neu/regressions.csv,-0.05979251416318173,0.09524686624159254,95.0,two-sided,student_t,ok,l_amyg-post_vmPFC_pos_vs_neu,neg_persist_crossrun_mean_z_L,127,0.017727176039205407,0.03907772278077871,0.4536389220695565,0.6510619495128627,0.17854465894246951,-0.024785871022265704,101,0.6510619495128627,,,,,,,,,,,,,,,,,,,,,,,,,,,,,,,,,,,,,
OLS,results/tables/05_fc_persistence/sensitivity_right_amygdala/regressions.csv,-0.0876461144553334,0.07878206631290315,95.0,two-sided,student_t,ok,r_amyg-ant_vmPFC_neg_vs_neu,neg_persist_crossrun_mean_z_L,127,-0.0044320240712151186,0.04194827336119954,-0.105654505324993,0.9160660314196019,0.1769619024686222,-0.026760398900530724,101,0.9160660314196019,,,,,,,,,,,,,,,,,,,,,,,,,,,,,,,,,,,,,
OLS,results/tables/05_fc_persistence/sensitivity_right_amygdala/regressions.csv,-0.08524616856402253,0.07779381931074691,95.0,two-sided,student_t,ok,r_amyg-post_vmPFC_neg_vs_neu,neg_persist_crossrun_mean_z_L,127,-0.0037261746266378064,0.04109427831637263,-0.09067380616715291,0.9279313669508892,0.17693793742480346,-0.02679029588588877,101,0.9279313669508892,,,,,,,,,,,,,,,,,,,,,,,,,,,,,,,,,,,,,
OLS,results/tables/05_fc_persistence/sensitivity_right_hemisphere/regressions.csv,-0.10781543666003027,0.04225351723849388,95.0,two-sided,student_t,ok,l_amyg-ant_vmPFC_neg_vs_neu,neg_persist_crossrun_mean_z_R,127,-0.03278095971076819,0.0378249252747104,-0.8666496886032294,0.3881881870083237,0.11263229622578719,-0.10701317500545371,101,0.3881881870083237,,,,,,,,,,,,,,,,,,,,,,,,,,,,,,,,,,,,,
OLS,results/tables/05_fc_persistence/sensitivity_right_hemisphere/regressions.csv,-0.06803352254858554,0.07837011228711539,95.0,two-sided,student_t,ok,l_amyg-post_vmPFC_neg_vs_neu,neg_persist_crossrun_mean_z_R,127,0.005168294869264928,0.036901080494976625,0.14005809043907244,0.8888930212353838,0.10620702152332728,-0.11502886423822534,101,0.8888930212353838,,,,,,,,,,,,,,,,,,,,,,,,,,,,,,,,,,,,,
OLS,results/tables/sensitivity_novel_sample/novel_sample_regressions.csv,-2.637936751376864,0.10325065558591229,95.0,two-sided,student_t,ok,neg_persist_crossrun_mean_z_L,PA_score,55,-1.267343047895476,0.6786659560473495,-1.8674033029101218,0.03450279649206869,0.2782883863682525,0.04945299668013736,41,0.06900559298413737,,,,,,,,,,,,,,,,,,,,,,,,,,,,,,,,,,,,,
OLS,results/tables/sensitivity_novel_sample/novel_sample_regressions.csv,-0.018621451440941628,0.6346322893927571,95.0,two-sided,student_t,ok,neg_persist_crossrun_mean_z_L,NA_score,55,0.3080054189759077,0.16173322314202132,1.9044041353546868,0.03194519014100097,0.34419746197351053,0.1362600718675504,41,0.06389038028200195,,,,,,,,,,,,,,,,,,,,,,,,,,,,,,,,,,,,,
OLS,results/tables/sensitivity_novel_sample/novel_sample_regressions.csv,-0.39725191976427254,5.323446077471082,95.0,two-sided,student_t,ok,neg_persist_crossrun_mean_z_L,NA_score_log,55,2.4630970788534046,1.416336207327619,1.739062424663168,0.044764053779474774,0.2846361812036351,0.05781350695112908,41,0.08952810755894955,,,,,,,,,,,,,,,,,,,,,,,,,,,,,,,,,,,,,
Pearson,results/tables/00a_diary_panas/correlations.csv,0.385320513832799,0.6328727245892023,95.0,two-sided,fisher_z,ok,PA_score,C5SPGP,136,,,,8.76998323535409e-11,,,,,0.5199296596666022,,,,,,,,,,,,,,,,,,,,,,,,,,,,,,,,,,,,
Pearson,results/tables/00a_diary_panas/correlations.csv,0.2755904160098094,0.553077731196441,95.0,two-sided,fisher_z,ok,NA_score,C5SPGN,136,,,,2.6462911241090454e-07,,,,,0.4242423033953033,,,,,,,,,,,,,,,,,,,,,,,,,,,,,,,,,,,,
Pearson,results/tables/00a_diary_panas/correlations.csv,0.23278417482495267,0.5205048877980685,95.0,two-sided,fisher_z,ok,NA_score_log,C5SPGN_log,136,,,,3.4671746616869013e-06,,,,,0.3859918759401689,,,,,,,,,,,,,,,,,,,,,,,,,,,,,,,,,,,,
Pearson,results/tables/00d_erq_context/age_erq/correlations.csv,-0.1749767482952636,0.08375700893046328,95.0,two-sided,fisher_z,ok,C5PAGE,C5SER,229,,,,0.48485810020882836,,,,0.48485810020882836,-0.04638785302949322,,,,,,,,,,,,,,,,,,,,,,,,,,,,,,,,,,,,
Pearson,results/tables/00d_erq_context/age_erq/correlations.csv,-0.06618834748806447,0.19204967627506728,95.0,two-sided,fisher_z,ok,C5PAGE,C5SES,229,,,,0.3349381635167507,,,,0.3349381635167507,0.06400200283240949,,,,,,,,,,,,,,,,,,,,,,,,,,,,,,,,,,,,
Pearson,results/tables/00d_erq_context/erq_affect_diary/correlations.csv,-0.1289367091213477,0.20842810961266983,95.0,two-sided,fisher_z,ok,C5SER,PA_score,135,,,,0.6375493858673463,,,,0.6375493858673463,0.04091168735290674,,,,,,,,,,,,,,,,,,,,,,,,,,,,,,,,,,,,
Pearson,results/tables/00d_erq_context/erq_affect_diary/correlations.csv,-0.1253690171302106,0.21189426473071127,95.0,two-sided,fisher_z,ok,C5SER,NA_score,135,,,,0.6080554210504534,,,,0.6080554210504534,0.04453139083575748,,,,,,,,,,,,,,,,,,,,,,,,,,,,,,,,,,,,
Pearson,results/tables/00d_erq_context/erq_affect_diary/correlations.csv,-0.026266072355021142,0.3049007589805796,95.0,two-sided,fisher_z,ok,C5SER,NA_score_log,135,,,,0.09723694550312882,,,,0.09723694550312882,0.14332713506130826,,,,,,,,,,,,,,,,,,,,,,,,,,,,,,,,,,,,
Pearson,results/tables/00d_erq_context/erq_affect_diary/correlations.csv,-0.30258466660400973,0.028815629540528968,95.0,two-sided,fisher_z,ok,C5SES,PA_score,135,,,,0.10327536835618067,,,,0.10327536835618067,-0.14082714685960124,,,,,,,,,,,,,,,,,,,,,,,,,,,,,,,,,,,,
Pearson,results/tables/00d_erq_context/erq_affect_diary/correlations.csv,-0.060413034789753246,0.2735521221915167,95.0,two-sided,fisher_z,ok,C5SES,NA_score,135,,,,0.20545997582841205,,,,0.20545997582841205,0.10966346812036959,,,,,,,,,,,,,,,,,,,,,,,,,,,,,,,,,,,,
Pearson,results/tables/00d_erq_context/erq_affect_diary/correlations.csv,-0.1400375184169847,0.1975887502775313,95.0,two-sided,fisher_z,ok,C5SES,NA_score_log,135,,,,0.7330786355074241,,,,0.7330786355074241,0.02962045606149539,,,,,,,,,,,,,,,,,,,,,,,,,,,,,,,,,,,,
Pearson,results/tables/00d_erq_context/erq_affect_panas/correlations.csv,0.14050897402586227,0.3818250882931902,95.0,two-sided,fisher_z,ok,C5SER,C5SPGP,229,,,,4.780287093216331e-05,,,,4.780287093216331e-05,0.26531718928976566,,,,,,,,,,,,,,,,,,,,,,,,,,,,,,,,,,,,
Pearson,results/tables/00d_erq_context/erq_affect_panas/correlations.csv,-0.14428456698537606,0.1149409979497949,95.0,two-sided,fisher_z,ok,C5SER,C5SPGN,229,,,,0.8222938722823885,,,,0.8222938722823885,-0.014922530062590308,,,,,,,,,,,,,,,,,,,,,,,,,,,,,,,,,,,,
Pearson,results/tables/00d_erq_context/erq_affect_panas/correlations.csv,-0.14435731873882018,0.11486767962500431,95.0,two-sided,fisher_z,ok,C5SER,C5SPGN_log,229,,,,0.8214240572374518,,,,0.8214240572374518,-0.014996812733980364,,,,,,,,,,,,,,,,,,,,,,,,,,,,,,,,,,,,
Pearson,results/tables/00d_erq_context/erq_affect_panas/correlations.csv,-0.2880638582809372,-0.03568873952474418,95.0,two-sided,fisher_z,ok,C5SES,C5SPGP,229,,,,0.012639394605183261,,,,0.012639394605183261,-0.16456849170185356,,,,,,,,,,,,,,,,,,,,,,,,,,,,,,,,,,,,
Pearson,results/tables/00d_erq_context/erq_affect_panas/correlations.csv,0.040563337358716804,0.29253415242719355,95.0,two-sided,fisher_z,ok,C5SES,C5SPGN,229,,,,0.010266397864317258,,,,0.010266397864317258,0.1693141349053137,,,,,,,,,,,,,,,,,,,,,,,,,,,,,,,,,,,,
Pearson,results/tables/00d_erq_context/erq_affect_panas/correlations.csv,0.037965361861927865,0.29015302529146364,95.0,two-sided,fisher_z,ok,C5SES,C5SPGN_log,229,,,,0.011476540247352892,,,,0.011476540247352892,0.16678563016462436,,,,,,,,,,,,,,,,,,,,,,,,,,,,,,,,,,,,
Pearson,results/tables/00d_erq_context/reappraisal_suppression/correlations.csv,-0.16023364251447558,0.09879987201646186,95.0,two-sided,fisher_z,ok,C5SER,C5SES,229,,,,0.6381430912445416,,,,0.6381430912445416,-0.03124145119113019,,,,,,,,,,,,,,,,,,,,,,,,,,,,,,,,,,,,
Pearson,results/tables/01_affect_age/correlations.csv,0.08829239626702175,0.200327865098467,95.0,two-sided,fisher_z,ok,C2PAGE,PA_score,1174,,,,3.155052940298267e-07,,,,6.310105880596534e-07,0.1447741238573062,,,,,,,,,,,,,,,,,,,,,,,,,,,,,,,,,,,,
Pearson,results/tables/01_affect_age/correlations.csv,-0.1666785740381359,-0.05364561652620632,95.0,two-sided,fisher_z,ok,C2PAGE,NA_score,1174,,,,7.400079018809984e-05,,,,0.0001480015803761997,-0.11051945775722836,,,,,,,,,,,,,,,,,,,,,,,,,,,,,,,,,,,,
Pearson,results/tables/01_affect_age/correlations.csv,-0.2022144870378985,-0.09024300356927996,95.0,two-sided,fisher_z,ok,C2PAGE,NA_score_log,1174,,,,2.2274325157578574e-07,,,,4.454865031515715e-07,-0.14669863792379223,,,,,,,,,,,,,,,,,,,,,,,,,,,,,,,,,,,,
Pearson,results/tables/01_affect_age/neuro_sample/correlations.csv,-0.0699020212352549,0.2623346800731321,95.0,two-sided,fisher_z,ok,C5PAGE,PA_score,137,,,,0.1249336315888914,,,,0.2498672631777828,0.09897380089626091,,,,,,,,,,,,,,,,,,,,,,,,,,,,,,,,,,,,
Pearson,results/tables/01_affect_age/neuro_sample/correlations.csv,-0.23758033668278966,0.09612435475934798,95.0,two-sided,fisher_z,ok,C5PAGE,NA_score,137,,,,0.19905530850655537,,,,0.39811061701311073,-0.07276420426536404,,,,,,,,,,,,,,,,,,,,,,,,,,,,,,,,,,,,
Pearson,results/tables/01_affect_age/neuro_sample/correlations.csv,-0.34035170423880534,-0.015858728299177095,95.0,two-sided,fisher_z,ok,C5PAGE,NA_score_log,137,,,,0.01611759891405936,,,,0.03223519782811872,-0.18308724896540113,,,,,,,,,,,,,,,,,,,,,,,,,,,,,,,,,,,,
Pearson,results/tables/01_affect_age/sensitivity_panas/correlations.csv,-0.12625843186028693,0.13245604362376748,95.0,two-sided,fisher_z,ok,C5PAGE,C5SPGP,230,,,,0.4810433343856302,,,,0.9620866687712604,0.003151542079953787,,,,,,,,,,,,,,,,,,,,,,,,,,,,,,,,,,,,
Pearson,results/tables/01_affect_age/sensitivity_panas/correlations.csv,-0.24384147092761987,0.011319882992913016,95.0,two-sided,fisher_z,ok,C5PAGE,C5SPGN,230,,,,0.036784825375124515,,,,0.07356965075024903,-0.11821171821566845,,,,,,,,,,,,,,,,,,,,,,,,,,,,,,,,,,,,
Pearson,results/tables/01_affect_age/sensitivity_panas/correlations.csv,-0.2683230696354811,-0.014880056712713655,95.0,two-sided,fisher_z,ok,C5PAGE,C5SPGN_log,230,,,,0.014526347628535117,,,,0.029052695257070233,-0.1439614518680934,,,,,,,,,,,,,,,,,,,,,,,,,,,,,,,,,,,,
Pearson,results/tables/02_persistence_affect/correlations.csv,-0.4808225245593896,-0.0800375867408699,95.0,two-sided,fisher_z,ok,neg_persist_crossrun_mean_z_L,PA_score,81,,,,0.003941666561069564,,,,0.007883333122139128,-0.2932618990009812,,,,,,,,,,,,,,,,,,,,,,,,,,,,,,,,,,,,
Pearson,results/tables/02_persistence_affect/correlations.csv,-0.0017454776385494415,0.41538275643475386,95.0,two-sided,fisher_z,ok,neg_persist_crossrun_mean_z_L,NA_score,81,,,,0.02600690323549386,,,,0.05201380647098772,0.21668651073219145,,,,,,,,,,,,,,,,,,,,,,,,,,,,,,,,,,,,
Pearson,results/tables/02_persistence_affect/correlations.csv,-0.030801201350686706,0.39104534700214283,95.0,two-sided,fisher_z,ok,neg_persist_crossrun_mean_z_L,NA_score_log,81,,,,0.045689119195858226,,,,0.09137823839171645,0.18881808425701951,,,,,,,,,,,,,,,,,,,,,,,,,,,,,,,,,,,,
Pearson,results/tables/02_persistence_affect/sensitivity_other_persistence/correlations.csv,-0.20627988082853316,0.23035249453943765,95.0,two-sided,fisher_z,ok,pos_persist_crossrun_mean_z_L,PA_score,81,,,,0.9108348570743361,,,,0.9108348570743361,0.012638787882221461,,,,,,,,,,,,,,,,,,,,,,,,,,,,,,,,,,,,
Pearson,results/tables/02_persistence_affect/sensitivity_other_persistence/correlations.csv,-0.2466439874087065,0.18968287792747182,95.0,two-sided,fisher_z,ok,pos_persist_crossrun_mean_z_L,NA_score,81,,,,0.7909925366677377,,,,0.7909925366677377,-0.029905110250777772,,,,,,,,,,,,,,,,,,,,,,,,,,,,,,,,,,,,
Pearson,results/tables/02_persistence_affect/sensitivity_panas/correlations.csv,-0.3403416563981741,-0.0024589657036623346,95.0,two-sided,fisher_z,ok,neg_persist_crossrun_mean_z_L,C5SPGP,127,,,,0.023510047126178876,,,,0.04702009425235775,-0.1765979517504283,,,,,,,,,,,,,,,,,,,,,,,,,,,,,,,,,,,,
Pearson,results/tables/02_persistence_affect/sensitivity_panas/correlations.csv,-0.14644762174431641,0.2017073420144577,95.0,two-sided,fisher_z,ok,neg_persist_crossrun_mean_z_L,C5SPGN,127,,,,0.3752422291620373,,,,0.7504844583240746,0.028493993062327003,,,,,,,,,,,,,,,,,,,,,,,,,,,,,,,,,,,,
Pearson,results/tables/02_persistence_affect/sensitivity_panas/correlations.csv,-0.11345516091346991,0.23367589660439547,95.0,two-sided,fisher_z,ok,neg_persist_crossrun_mean_z_L,C5SPGN_log,127,,,,0.24437734569194183,,,,0.48875469138388367,0.061984637996672254,,,,,,,,,,,,,,,,,,,,,,,,,,,,,,,,,,,,
Pearson,results/tables/02_persistence_affect/sensitivity_right_hemisphere/correlations.csv,-0.2547470034515024,0.18133399753326762,95.0,two-sided,fisher_z,ok,neg_persist_crossrun_mean_z_R,PA_score,81,,,,0.7326456285282896,,,,0.7326456285282896,-0.03854142203400683,,,,,,,,,,,,,,,,,,,,,,,,,,,,,,,,,,,,
Pearson,results/tables/02_persistence_affect/sensitivity_right_hemisphere/correlations.csv,-0.2682143879900922,0.16731751677068446,95.0,two-sided,fisher_z,ok,neg_persist_crossrun_mean_z_R,NA_score,81,,,,0.6386241967264906,,,,0.6386241967264906,-0.052966965334983115,,,,,,,,,,,,,,,,,,,,,,,,,,,,,,,,,,,,
Pearson,results/tables/02_persistence_affect/sensitivity_roi_activations/correlations.csv,-0.11113374803949767,0.32054082277153156,95.0,two-sided,fisher_z,ok,l_amyg_neg_image,PA_score,81,,,,0.32880258601669626,,,,0.32880258601669626,0.10988205242739296,,,,,,,,,,,,,,,,,,,,,,,,,,,,,,,,,,,,
Pearson,results/tables/02_persistence_affect/sensitivity_roi_activations/correlations.csv,-0.26450775267656207,0.17119292048323104,95.0,two-sided,fisher_z,ok,l_amyg_neg_image,NA_score,81,,,,0.6640728052626136,,,,0.6640728052626136,-0.04898763499004762,,,,,,,,,,,,,,,,,,,,,,,,,,,,,,,,,,,,
Pearson,results/tables/02_persistence_affect/sensitivity_roi_activations/correlations.csv,-0.11899259039976152,0.31337666169921646,95.0,two-sided,fisher_z,ok,ant_vmPFC_neg_image,PA_score,81,,,,0.3648501853270238,,,,0.3648501853270238,0.10200715960243689,,,,,,,,,,,,,,,,,,,,,,,,,,,,,,,,,,,,
Pearson,results/tables/02_persistence_affect/sensitivity_roi_activations/correlations.csv,-0.17558931745721387,0.2602871694828221,95.0,two-sided,fisher_z,ok,ant_vmPFC_neg_image,NA_score,81,,,,0.6934637899098213,,,,0.6934637899098213,0.04446486139013609,,,,,,,,,,,,,,,,,,,,,,,,,,,,,,,,,,,,
Pearson,results/tables/02_persistence_affect/sensitivity_roi_activations/correlations.csv,-0.0915601739671882,0.33817206689771173,95.0,two-sided,fisher_z,ok,post_vmPFC_neg_image,PA_score,81,,,,0.24967906918946167,,,,0.24967906918946167,0.12937572359456626,,,,,,,,,,,,,,,,,,,,,,,,,,,,,,,,,,,,
Pearson,results/tables/02_persistence_affect/sensitivity_roi_activations/correlations.csv,-0.28035104518682796,0.15453337346085602,95.0,two-sided,fisher_z,ok,post_vmPFC_neg_image,NA_score,81,,,,0.5580084530262679,,,,0.5580084530262679,-0.06604452259201314,,,,,,,,,,,,,,,,,,,,,,,,,,,,,,,,,,,,
Pearson,results/tables/02_persistence_affect/sensitivity_vmpfc_persistence/correlations.csv,-0.19315991133673005,0.24325125701234368,95.0,two-sided,fisher_z,ok,ant_vmPFC_neg_image_mean_z,PA_score,81,,,,0.8157229207199196,,,,0.8157229207199196,0.026298674754442555,,,,,,,,,,,,,,,,,,,,,,,,,,,,,,,,,,,,
Pearson,results/tables/02_persistence_affect/sensitivity_vmpfc_persistence/correlations.csv,-0.3084445872985701,0.12437160558535534,95.0,two-sided,fisher_z,ok,ant_vmPFC_neg_image_mean_z,NA_score,81,,,,0.39094434387465204,,,,0.39094434387465204,-0.09660114403360316,,,,,,,,,,,,,,,,,,,,,,,,,,,,,,,,,,,,
Pearson,results/tables/02_persistence_affect/sensitivity_vmpfc_persistence/correlations.csv,-0.23447474784509215,0.20210393355253733,95.0,two-sided,fisher_z,ok,post_vmPFC_neg_image_mean_z,PA_score,81,,,,0.8802970639834747,,,,0.8802970639834747,-0.016995468044381144,,,,,,,,,,,,,,,,,,,,,,,,,,,,,,,,,,,,
Pearson,results/tables/02_persistence_affect/sensitivity_vmpfc_persistence/correlations.csv,-0.2062257353297539,0.23040604430600128,95.0,two-sided,fisher_z,ok,post_vmPFC_neg_image_mean_z,NA_score,81,,,,0.9104376030069324,,,,0.9104376030069324,0.01269533000762127,,,,,,,,,,,,,,,,,,,,,,,,,,,,,,,,,,,,
Pearson,results/tables/03_persistence_age/correlations.csv,-0.33986011310597797,-0.0019144402009218836,95.0,two-sided,fisher_z,ok,C5PAGE,neg_persist_crossrun_mean_z_L,127,,,,0.02384665861099192,,,,0.04769331722198384,-0.17607035505706198,,,,,,,,,,,,,,,,,,,,,,,,,,,,,,,,,,,,
Pearson,results/tables/03_persistence_age/sensitivity_positive_persistence/correlations.csv,-0.3029668084451136,0.039216763600585056,95.0,two-sided,fisher_z,ok,C5PAGE,pos_persist_crossrun_mean_z_L,127,,,,0.12757120806079508,,,,0.12757120806079508,-0.13592654325532577,,,,,,,,,,,,,,,,,,,,,,,,,,,,,,,,,,,,
Pearson,results/tables/03_persistence_age/sensitivity_positive_persistence/correlations.csv,-0.1690517989709936,0.17936791762970147,95.0,two-sided,fisher_z,ok,C5PAGE,pos_persist_crossrun_mean_z_R,127,,,,0.9526689756077699,,,,0.9526689756077699,0.005319505839418034,,,,,,,,,,,,,,,,,,,,,,,,,,,,,,,,,,,,
Pearson,results/tables/03_persistence_age/sensitivity_right_hemisphere/correlations.csv,-0.13389664800415263,0.2139568563742243,95.0,two-sided,fisher_z,ok,C5PAGE,neg_persist_crossrun_mean_z_R,127,,,,0.6449353859856515,,,,0.6449353859856515,0.04128094089514771,,,,,,,,,,,,,,,,,,,,,,,,,,,,,,,,,,,,
Pearson,results/tables/03_persistence_age/sensitivity_vmPFC/correlations.csv,-0.22608665169414927,0.12135739532769162,95.0,two-sided,fisher_z,ok,C5PAGE,ant_vmPFC_neg_image_mean_z,127,,,,0.5465352741629501,,,,0.5465352741629501,-0.05399890056283636,,,,,,,,,,,,,,,,,,,,,,,,,,,,,,,,,,,,
Pearson,results/tables/03_persistence_age/sensitivity_vmPFC/correlations.csv,-0.15803946167654953,0.19029634333564022,95.0,two-sided,fisher_z,ok,C5PAGE,post_vmPFC_neg_image_mean_z,127,,,,0.8527542355469193,,,,0.8527542355469193,0.01663313330980936,,,,,,,,,,,,,,,,,,,,,,,,,,,,,,,,,,,,
Pearson,results/tables/04_fc_affect/correlations.csv,-0.23946640946841982,0.19702591359955166,95.0,two-sided,fisher_z,ok,l_amyg-ant_vmPFC_neg_vs_neu,PA_score,81,,,,0.5782608252158556,,,,0.8434783495682887,-0.022282076194888985,,,,,,,,,,,,,,,,,,,,,,,,,,,,,,,,,,,,
Pearson,results/tables/04_fc_affect/correlations.csv,-0.35540023713660274,0.07210784117865586,95.0,two-sided,fisher_z,ok,l_amyg-ant_vmPFC_neg_vs_neu,NA_score,81,,,,0.09278385960137638,,,,0.18556771920275275,-0.14858092547450485,,,,,,,,,,,,,,,,,,,,,,,,,,,,,,,,,,,,
Pearson,results/tables/04_fc_affect/correlations.csv,-0.39158358899722756,0.03016622792910654,95.0,two-sided,fisher_z,ok,l_amyg-ant_vmPFC_neg_vs_neu,NA_score_log,81,,,,0.04515617829288431,,,,0.09031235658576862,-0.1894309153760913,,,,,,,,,,,,,,,,,,,,,,,,,,,,,,,,,,,,
Pearson,results/tables/04_fc_affect/correlations.csv,-0.18743748558666226,0.24882926981975068,95.0,two-sided,fisher_z,ok,l_amyg-post_vmPFC_neg_vs_neu,PA_score,81,,,,0.38757506816867315,,,,0.7751501363373463,0.032231033452583796,,,,,,,,,,,,,,,,,,,,,,,,,,,,,,,,,,,,
Pearson,results/tables/04_fc_affect/correlations.csv,-0.31693256762835914,0.11509864159868129,95.0,two-sided,fisher_z,ok,l_amyg-post_vmPFC_neg_vs_neu,NA_score,81,,,,0.17334027760219586,,,,0.3466805552043917,-0.10591252627422072,,,,,,,,,,,,,,,,,,,,,,,,,,,,,,,,,,,,
Pearson,results/tables/04_fc_affect/correlations.csv,-0.3543266394033002,0.07332961770914093,95.0,two-sided,fisher_z,ok,l_amyg-post_vmPFC_neg_vs_neu,NA_score_log,81,,,,0.09459443359257297,,,,0.18918886718514594,-0.14737955071219946,,,,,,,,,,,,,,,,,,,,,,,,,,,,,,,,,,,,
Pearson,results/tables/04_fc_affect/sensitivity_neg_condition/correlations.csv,-0.21631754151174562,0.2203793749770959,95.0,two-sided,fisher_z,ok,l_amyg-ant_vmPFC_neg,PA_score,81,,,,0.49246242829875686,,,,0.9849248565975137,0.00213259067081982,,,,,,,,,,,,,,,,,,,,,,,,,,,,,,,,,,,,
Pearson,results/tables/04_fc_affect/sensitivity_neg_condition/correlations.csv,-0.2483290906448997,0.1879518257121927,95.0,two-sided,fisher_z,ok,l_amyg-ant_vmPFC_neg,NA_score,81,,,,0.38938490161282363,,,,0.7787698032256473,-0.03169845654729631,,,,,,,,,,,,,,,,,,,,,,,,,,,,,,,,,,,,
Pearson,results/tables/04_fc_affect/sensitivity_neg_condition/correlations.csv,-0.14156062272802974,0.29252624282263306,95.0,two-sided,fisher_z,ok,l_amyg-post_vmPFC_neg,PA_score,81,,,,0.2409766063850849,,,,0.4819532127701698,0.07923800231740163,,,,,,,,,,,,,,,,,,,,,,,,,,,,,,,,,,,,
Pearson,results/tables/04_fc_affect/sensitivity_neg_condition/correlations.csv,-0.2154774682220232,0.22121756241250962,95.0,two-sided,fisher_z,ok,l_amyg-post_vmPFC_neg,NA_score,81,,,,0.5106513092989102,,,,0.9786973814021795,0.0030137298287048753,,,,,,,,,,,,,,,,,,,,,,,,,,,,,,,,,,,,
Pearson,results/tables/04_fc_affect/sensitivity_panas/correlations.csv,-0.29895116289640994,0.04362478350275897,95.0,two-sided,fisher_z,ok,l_amyg-ant_vmPFC_neg_vs_neu,C5SPGP,127,,,,0.9298536165060745,,,,0.14029276698785098,-0.1315899485505464,,,,,,,,,,,,,,,,,,,,,,,,,,,,,,,,,,,,
Pearson,results/tables/04_fc_affect/sensitivity_panas/correlations.csv,-0.34392863093908194,-0.006521404327085943,95.0,two-sided,fisher_z,ok,l_amyg-ant_vmPFC_neg_vs_neu,C5SPGN,127,,,,0.02112319696240489,,,,0.04224639392480978,-0.1805309372375384,,,,,,,,,,,,,,,,,,,,,,,,,,,,,,,,,,,,
Pearson,results/tables/04_fc_affect/sensitivity_panas/correlations.csv,-0.3285805985291606,0.010783279911358848,95.0,two-sided,fisher_z,ok,l_amyg-ant_vmPFC_neg_vs_neu,C5SPGN_log,127,,,,0.03292563372334077,,,,0.06585126744668154,-0.1637389594095744,,,,,,,,,,,,,,,,,,,,,,,,,,,,,,,,,,,,
Pearson,results/tables/04_fc_affect/sensitivity_panas/correlations.csv,-0.13039543230809936,0.21735457224001328,95.0,two-sided,fisher_z,ok,l_amyg-post_vmPFC_neg_vs_neu,C5SPGP,127,,,,0.3083432645784906,,,,0.6166865291569812,0.04483777664536433,,,,,,,,,,,,,,,,,,,,,,,,,,,,,,,,,,,,
Pearson,results/tables/04_fc_affect/sensitivity_panas/correlations.csv,-0.3694664281315521,-0.03576984626617229,95.0,two-sided,fisher_z,ok,l_amyg-post_vmPFC_neg_vs_neu,C5SPGN,127,,,,0.00927428263815258,,,,0.01854856527630516,-0.20868404280875477,,,,,,,,,,,,,,,,,,,,,,,,,,,,,,,,,,,,
Pearson,results/tables/04_fc_affect/sensitivity_panas/correlations.csv,-0.34714355003993147,-0.010171959454451106,95.0,two-sided,fisher_z,ok,l_amyg-post_vmPFC_neg_vs_neu,C5SPGN_log,127,,,,0.01915700514712553,,,,0.03831401029425106,-0.18406042365601755,,,,,,,,,,,,,,,,,,,,,,,,,,,,,,,,,,,,
Pearson,results/tables/04_fc_affect/sensitivity_pos_vs_neu/correlations.csv,-0.2988662167457188,0.13474578658336112,95.0,two-sided,fisher_z,ok,l_amyg-ant_vmPFC_pos_vs_neu,PA_score,81,,,,0.4445009997998872,,,,0.4445009997998872,-0.08613793869061688,,,,,,,,,,,,,,,,,,,,,,,,,,,,,,,,,,,,
Pearson,results/tables/04_fc_affect/sensitivity_pos_vs_neu/correlations.csv,-0.2672388991787648,0.1683387275998445,95.0,two-sided,fisher_z,ok,l_amyg-ant_vmPFC_pos_vs_neu,NA_score,81,,,,0.6452869952137865,,,,0.6452869952137865,-0.05191904714744921,,,,,,,,,,,,,,,,,,,,,,,,,,,,,,,,,,,,
Pearson,results/tables/04_fc_affect/sensitivity_pos_vs_neu/correlations.csv,-0.20934071894792697,0.22732102684381567,95.0,two-sided,fisher_z,ok,l_amyg-post_vmPFC_pos_vs_neu,PA_score,81,,,,0.9333402649566916,,,,0.9333402649566916,0.009440190643006678,,,,,,,,,,,,,,,,,,,,,,,,,,,,,,,,,,,,
Pearson,results/tables/04_fc_affect/sensitivity_pos_vs_neu/correlations.csv,-0.2978334986322642,0.13585865875529476,95.0,two-sided,fisher_z,ok,l_amyg-post_vmPFC_pos_vs_neu,NA_score,81,,,,0.45049559888163,,,,0.45049559888163,-0.08501261527155685,,,,,,,,,,,,,,,,,,,,,,,,,,,,,,,,,,,,
Pearson,results/tables/04_fc_affect/sensitivity_right_amygdala/correlations.csv,-0.15830416472398087,0.2767856349316813,95.0,two-sided,fisher_z,ok,r_amyg-ant_vmPFC_neg_vs_neu,PA_score,81,,,,0.5812294808554302,,,,0.5812294808554302,0.062195049669936255,,,,,,,,,,,,,,,,,,,,,,,,,,,,,,,,,,,,
Pearson,results/tables/04_fc_affect/sensitivity_right_amygdala/correlations.csv,-0.17694215326846807,0.25898507399651444,95.0,two-sided,fisher_z,ok,r_amyg-ant_vmPFC_neg_vs_neu,NA_score,81,,,,0.7026140992860141,,,,0.7026140992860141,0.043071320337635284,,,,,,,,,,,,,,,,,,,,,,,,,,,,,,,,,,,,
Pearson,results/tables/04_fc_affect/sensitivity_right_amygdala/correlations.csv,-0.18983115186299984,0.2464995264674629,95.0,two-sided,fisher_z,ok,r_amyg-post_vmPFC_neg_vs_neu,PA_score,81,,,,0.7920423227513526,,,,0.7920423227513526,0.02975143473261948,,,,,,,,,,,,,,,,,,,,,,,,,,,,,,,,,,,,
Pearson,results/tables/04_fc_affect/sensitivity_right_amygdala/correlations.csv,-0.21771039942934575,0.21898822126381023,95.0,two-sided,fisher_z,ok,r_amyg-post_vmPFC_neg_vs_neu,NA_score,81,,,,0.9952572245103599,,,,0.9952572245103599,0.0006708968939258195,,,,,,,,,,,,,,,,,,,,,,,,,,,,,,,,,,,,
Pearson,results/tables/04ex_fc_affect_antpost/diary/correlations.csv,-0.26992454552530076,0.16552494440849225,95.0,two-sided,fisher_z,ok,l_amyg-ant_minus_post_vmPFC_neg_vs_neu,PA_score,81,,,,0.6864973604183123,,,,0.6270052791633753,-0.05480524568052239,,,,,,,,,,,,,,,,,,,,,,,,,,,,,,,,,,,,
Pearson,results/tables/04ex_fc_affect_antpost/diary/correlations.csv,-0.259312018179419,0.1766026234608116,95.0,two-sided,fisher_z,ok,l_amyg-ant_minus_post_vmPFC_neg_vs_neu,NA_score,81,,,,0.3501565104970987,,,,0.7003130209941975,-0.04342114668516156,,,,,,,,,,,,,,,,,,,,,,,,,,,,,,,,,,,,
Pearson,results/tables/04ex_fc_affect_antpost/diary/correlations.csv,-0.25888575967060684,0.17704527012987503,95.0,two-sided,fisher_z,ok,l_amyg-ant_minus_post_vmPFC_neg_vs_neu,NA_score_log,81,,,,0.35165677450239885,,,,0.7033135490047977,-0.042965065685185384,,,,,,,,,,,,,,,,,,,,,,,,,,,,,,,,,,,,
Pearson,results/tables/04ex_fc_affect_antpost/diary/correlations.csv,-0.18670985512681204,0.24953646973475418,95.0,two-sided,fisher_z,ok,r_amyg-ant_minus_post_vmPFC_neg_vs_neu,PA_score,81,,,,0.3850195376456807,,,,0.7700390752913614,0.03298425025233376,,,,,,,,,,,,,,,,,,,,,,,,,,,,,,,,,,,,
Pearson,results/tables/04ex_fc_affect_antpost/diary/correlations.csv,-0.1782978968714195,0.2576785882660736,95.0,two-sided,fisher_z,ok,r_amyg-ant_minus_post_vmPFC_neg_vs_neu,NA_score,81,,,,0.6440838196801918,,,,0.7118323606396164,0.0416739246092866,,,,,,,,,,,,,,,,,,,,,,,,,,,,,,,,,,,,
Pearson,results/tables/04ex_fc_affect_antpost/diary/correlations.csv,-0.1859938524633034,0.25023191439507353,95.0,two-sided,fisher_z,ok,r_amyg-ant_minus_post_vmPFC_neg_vs_neu,NA_score_log,81,,,,0.6174895584380353,,,,0.7650208831239295,0.03372518685484887,,,,,,,,,,,,,,,,,,,,,,,,,,,,,,,,,,,,
Pearson,results/tables/04ex_fc_affect_antpost/panas/correlations.csv,-0.35079297519717706,-0.014326812112264525,95.0,two-sided,fisher_z,ok,l_amyg-ant_minus_post_vmPFC_neg_vs_neu,C5SPGP,127,,,,0.9828888111879348,,,,0.03422237762413045,-0.18807203398447897,,,,,,,,,,,,,,,,,,,,,,,,,,,,,,,,,,,,
Pearson,results/tables/04ex_fc_affect_antpost/panas/correlations.csv,-0.14727189787073902,0.2008990346067677,95.0,two-sided,fisher_z,ok,l_amyg-ant_minus_post_vmPFC_neg_vs_neu,C5SPGN,127,,,,0.6211880280868836,,,,0.7576239438262329,0.027652211169826,,,,,,,,,,,,,,,,,,,,,,,,,,,,,,,,,,,,
Pearson,results/tables/04ex_fc_affect_antpost/panas/correlations.csv,-0.15517503858475062,0.19312486211411276,95.0,two-sided,fisher_z,ok,l_amyg-ant_minus_post_vmPFC_neg_vs_neu,C5SPGN_log,127,,,,0.5864286233195108,,,,0.8271427533609782,0.01956861312810152,,,,,,,,,,,,,,,,,,,,,,,,,,,,,,,,,,,,
Pearson,results/tables/04ex_fc_affect_antpost/panas/correlations.csv,-0.2629074131760136,0.08260213182385771,95.0,two-sided,fisher_z,ok,r_amyg-ant_minus_post_vmPFC_neg_vs_neu,C5SPGP,127,,,,0.850688219609379,,,,0.2986235607812419,-0.09295010517255729,,,,,,,,,,,,,,,,,,,,,,,,,,,,,,,,,,,,
Pearson,results/tables/04ex_fc_affect_antpost/panas/correlations.csv,-0.18513306909483496,0.16325320195979443,95.0,two-sided,fisher_z,ok,r_amyg-ant_minus_post_vmPFC_neg_vs_neu,C5SPGN,127,,,,0.4499086548153892,,,,0.8998173096307784,-0.011282318005790496,,,,,,,,,,,,,,,,,,,,,,,,,,,,,,,,,,,,
Pearson,results/tables/04ex_fc_affect_antpost/panas/correlations.csv,-0.19489029280685044,0.1533842246773333,95.0,two-sided,fisher_z,ok,r_amyg-ant_minus_post_vmPFC_neg_vs_neu,C5SPGN_log,127,,,,0.40561695169205064,,,,0.8112339033841013,-0.021402321858463167,,,,,,,,,,,,,,,,,,,,,,,,,,,,,,,,,,,,
Pearson,results/tables/05_fc_persistence/correlations.csv,-0.20444717079826985,0.14365006425299343,95.0,two-sided,fisher_z,ok,l_amyg-ant_vmPFC_neg_vs_neu,neg_persist_crossrun_mean_z_L,127,,,,0.3632145547353039,,,,0.7264291094706078,-0.03134911541255064,,,,,,,,,,,,,,,,,,,,,,,,,,,,,,,,,,,,
Pearson,results/tables/05_fc_persistence/correlations.csv,-0.165763242864847,0.18264044584097686,95.0,two-sided,fisher_z,ok,l_amyg-post_vmPFC_neg_vs_neu,neg_persist_crossrun_mean_z_L,127,,,,0.5386791938201678,,,,0.9226416123596642,0.008702715962065361,,,,,,,,,,,,,,,,,,,,,,,,,,,,,,,,,,,,
Pearson,results/tables/05_fc_persistence/sensitivity_neg_condition/correlations.csv,-0.172645588769813,0.17578280399188895,95.0,two-sided,fisher_z,ok,l_amyg-ant_vmPFC_neg,neg_persist_crossrun_mean_z_L,127,,,,0.507200668328992,,,,0.985598663342016,0.0016177060629713816,,,,,,,,,,,,,,,,,,,,,,,,,,,,,,,,,,,,
Pearson,results/tables/05_fc_persistence/sensitivity_neg_condition/correlations.csv,-0.14243218778945016,0.20563821433421622,95.0,two-sided,fisher_z,ok,l_amyg-post_vmPFC_neg,neg_persist_crossrun_mean_z_L,127,,,,0.6419772422540175,,,,0.7160455154919649,0.032591160293073504,,,,,,,,,,,,,,,,,,,,,,,,,,,,,,,,,,,,
Pearson,results/tables/05_fc_persistence/sensitivity_other_persistence/correlations.csv,-0.22583416152315533,0.12161954368150758,95.0,two-sided,fisher_z,ok,l_amyg-ant_vmPFC_neg_vs_neu,pos_persist_crossrun_mean_z_L,127,,,,0.5485106884674844,,,,0.5485106884674844,-0.05373359711904726,,,,,,,,,,,,,,,,,,,,,,,,,,,,,,,,,,,,
Pearson,results/tables/05_fc_persistence/sensitivity_other_persistence/correlations.csv,-0.24948259333323405,0.09685436366759283,95.0,two-sided,fisher_z,ok,l_amyg-post_vmPFC_neg_vs_neu,pos_persist_crossrun_mean_z_L,127,,,,0.37920308725475466,,,,0.37920308725475466,-0.07868801288051186,,,,,,,,,,,,,,,,,,,,,,,,,,,,,,,,,,,,
Pearson,results/tables/05_fc_persistence/sensitivity_pos_vs_neu/correlations.csv,-0.12735930452125463,0.22029414198654687,95.0,two-sided,fisher_z,ok,l_amyg-ant_vmPFC_pos_vs_neu,neg_persist_crossrun_mean_z_L,127,,,,0.5926618115091836,,,,0.5926618115091836,0.04791854364463748,,,,,,,,,,,,,,,,,,,,,,,,,,,,,,,,,,,,
Pearson,results/tables/05_fc_persistence/sensitivity_pos_vs_neu/correlations.csv,-0.15654632720974707,0.19177148394313653,95.0,two-sided,fisher_z,ok,l_amyg-post_vmPFC_pos_vs_neu,neg_persist_crossrun_mean_z_L,127,,,,0.8393795749333962,,,,0.8393795749333962,0.018163683238725265,,,,,,,,,,,,,,,,,,,,,,,,,,,,,,,,,,,,
Pearson,results/tables/05_fc_persistence/sensitivity_right_amygdala/correlations.csv,-0.22782087299273626,0.11955552642753198,95.0,two-sided,fisher_z,ok,r_amyg-ant_vmPFC_neg_vs_neu,neg_persist_crossrun_mean_z_L,127,,,,0.5330572045314472,,,,0.5330572045314472,-0.055821786214213735,,,,,,,,,,,,,,,,,,,,,,,,,,,,,,,,,,,,
Pearson,results/tables/05_fc_persistence/sensitivity_right_amygdala/correlations.csv,-0.22692620665785246,0.12048537728814915,95.0,two-sided,fisher_z,ok,r_amyg-post_vmPFC_neg_vs_neu,neg_persist_crossrun_mean_z_L,127,,,,0.5399906750275587,,,,0.5399906750275587,-0.054881235673991724,,,,,,,,,,,,,,,,,,,,,,,,,,,,,,,,,,,,
Pearson,results/tables/05_fc_persistence/sensitivity_right_hemisphere/correlations.csv,-0.26250927166030813,0.08302685537207284,95.0,two-sided,fisher_z,ok,l_amyg-ant_vmPFC_neg_vs_neu,neg_persist_crossrun_mean_z_R,127,,,,0.3008426203484083,,,,0.3008426203484083,-0.09252612665240775,,,,,,,,,,,,,,,,,,,,,,,,,,,,,,,,,,,,
Pearson,results/tables/05_fc_persistence/sensitivity_right_hemisphere/correlations.csv,-0.197123782106319,0.15111533986843712,95.0,two-sided,fisher_z,ok,l_amyg-post_vmPFC_neg_vs_neu,neg_persist_crossrun_mean_z_R,127,,,,0.7912034351834294,,,,0.7912034351834294,-0.023723865024682163,,,,,,,,,,,,,,,,,,,,,,,,,,,,,,,,,,,,
Pearson,results/tables/sensitivity_novel_sample/novel_sample_correlations.csv,-0.5100630509280916,-0.019216419240902744,95.0,two-sided,fisher_z,ok,neg_persist_crossrun_mean_z_L,PA_score,55,,,,0.018124204425445465,,,,0.03624840885089093,-0.2830704864822664,,,,,,,,,,,,,,,,,,,,,,,,,,,,,,,,,,,,
Pearson,results/tables/sensitivity_novel_sample/novel_sample_correlations.csv,-0.06885283214799365,0.44193609289447705,95.0,two-sided,fisher_z,ok,neg_persist_crossrun_mean_z_L,NA_score,55,,,,0.0714943290809599,,,,0.1429886581619198,0.2000994550322846,,,,,,,,,,,,,,,,,,,,,,,,,,,,,,,,,,,,
Pearson,results/tables/sensitivity_novel_sample/novel_sample_correlations.csv,-0.06513393803536757,0.4449371855894664,95.0,two-sided,fisher_z,ok,neg_persist_crossrun_mean_z_L,NA_score_log,55,,,,0.06790962985187984,,,,0.1358192597037597,0.203682849110657,,,,,,,,,,,,,,,,,,,,,,,,,,,,,,,,,,,,
OLS interaction,results/tables/06_persistence_affect_moderation/reappraisal/moderation_ols.csv,,,,,,,neg_persist_crossrun_mean_z_L,PA_score,80,,,,,0.274011195412577,0.07494974899344486,,,,-0.1991303966542335,0.13014152104684062,95.0,two-sided,student_t,ok,-2.5669066601169366,0.006720703981720533,95.0,two-sided,student_t,ok,-0.18110739982356538,2.1388054412896733,95.0,two-sided,student_t,ok,C5SER,0.9788490207330539,0.5802766125842955,1.6868662281143696,0.09665491428474059,-1.280092978067608,0.051171596315642345,-0.03449443780369644,0.6767925801261182,,,,,,,,,
OLS interaction,results/tables/06_persistence_affect_moderation/reappraisal/moderation_ols.csv,,,,,,,neg_persist_crossrun_mean_z_L,NA_score,80,,,,,0.31362894282575815,0.12543042714894992,,,,0.002513666801186934,0.08090690639549007,95.0,two-sided,student_t,ok,0.03758369556808361,0.6503143164751538,95.0,two-sided,student_t,ok,-0.41519353987876817,0.13713258759984415,95.0,two-sided,student_t,ok,C5SER,-0.139030476139462,0.13815257565508113,-1.0063545719666689,0.3181565680873974,0.3439490060216187,0.028399217377426244,0.0417102865983385,0.03739207221331338,,,,,,,,,
OLS interaction,results/tables/06_persistence_affect_moderation/reappraisal/moderation_ols.csv,,,,,,,neg_persist_crossrun_mean_z_L,NA_score_log,80,,,,,0.3593723829935992,0.18371642349184414,,,,0.04512193707849049,0.7330791592201003,95.0,two-sided,student_t,ok,-0.33248613187001164,5.044667026512343,95.0,two-sided,student_t,ok,-3.5105350270690368,1.3365251319811042,95.0,two-sided,student_t,ok,C5SER,-1.0870049475439663,1.2123885002232389,-0.8965813741583778,0.37341050422169264,2.3560904473211655,0.08475895712634379,0.3891005481492954,0.027266265112692572,,,,,,,,,
OLS interaction,results/tables/06_persistence_affect_moderation/sensitivity_panas/reappraisal/moderation_ols.csv,,,,,,,neg_persist_crossrun_mean_z_L,C5SPGP,126,,,,,0.26965849204659276,0.06844195414106224,,,,-0.049326974554351435,0.19103114671887383,95.0,two-sided,student_t,ok,-1.643404930943829,0.13139829655694213,95.0,two-sided,student_t,ok,-0.7835505830245373,0.8540109957194775,95.0,two-sided,student_t,ok,C5SER,0.035230206347470094,0.4125947178148866,0.08538695437995492,0.932127966197136,-0.7560033171934435,0.09408664591832393,0.0708520860822612,0.2448579725340149,,,,,,,,,
OLS interaction,results/tables/06_persistence_affect_moderation/sensitivity_panas/reappraisal/moderation_ols.csv,,,,,,,neg_persist_crossrun_mean_z_L,C5SPGN,126,,,,,0.10921237600629885,-0.13620870407359842,,,,-0.09664865258156477,0.08168976808280992,95.0,two-sided,student_t,ok,-0.6595243810323659,0.6573256713223272,95.0,two-sided,student_t,ok,-0.7871148980924654,0.4279060221363675,95.0,two-sided,student_t,ok,C5SER,-0.17960443797804895,0.30613274042830035,-0.5866881070177931,0.5587622587027536,-0.0010993548550192744,0.9973630194065,-0.007479442249377431,0.8681414148440199,,,,,,,,,
OLS interaction,results/tables/06_persistence_affect_moderation/sensitivity_panas/reappraisal/moderation_ols.csv,,,,,,,neg_persist_crossrun_mean_z_L,C5SPGN_log,126,,,,,0.16348797047445063,-0.06697962949687408,,,,-0.05756133896413792,0.04449037106603584,95.0,two-sided,student_t,ok,-0.3331745870179312,0.42037475582967937,95.0,two-sided,student_t,ok,-0.4574705508081854,0.2378084707838078,95.0,two-sided,student_t,ok,C5SER,-0.10983104001218878,0.1751802530298633,-0.6269601631039184,0.5321432584414932,0.04360008440587408,0.8188492875027633,-0.006535483949051041,0.7998935374012762,,,,,,,,,
OLS interaction,results/tables/06_persistence_affect_moderation/sensitivity_panas/suppression/moderation_ols.csv,,,,,,,neg_persist_crossrun_mean_z_L,C5SPGP,126,,,,,0.26863729453146645,0.06713940629013582,,,,-0.13040214998291383,0.06830665367300635,95.0,two-sided,student_t,ok,-1.6426471776325993,0.1451013004897368,95.0,two-sided,student_t,ok,-0.4236100030934934,1.1501413718663325,95.0,two-sided,student_t,ok,C5SES,0.3632656843864196,0.39651730529752605,0.9161408078112602,0.36184196729522045,-0.7487729385714312,0.09964171696937606,-0.03104774815495373,0.5366075851133246,,,,,,,,,
OLS interaction,results/tables/06_persistence_affect_moderation/sensitivity_panas/suppression/moderation_ols.csv,,,,,,,neg_persist_crossrun_mean_z_L,C5SPGN,126,,,,,0.12510268820230408,-0.11594044872155096,,,,-0.0211757877303482,0.12483712502722719,95.0,two-sided,student_t,ok,-0.6031615675539468,0.7104911633062632,95.0,two-sided,student_t,ok,-0.6757646886550548,0.48064115741918007,95.0,two-sided,student_t,ok,C5SES,-0.09756176561793733,0.29136427596599657,-0.3348446383637066,0.7384579192129064,0.05366479787615813,0.8715315747350186,0.05183066864843949,0.16203998230484798,,,,,,,,,
OLS interaction,results/tables/06_persistence_affect_moderation/sensitivity_panas/suppression/moderation_ols.csv,,,,,,,neg_persist_crossrun_mean_z_L,C5SPGN_log,126,,,,,0.17732997954296248,-0.04932400568499684,,,,-0.010853049921665761,0.0727557367782071,95.0,two-sided,student_t,ok,-0.296269395242512,0.45594428845101104,95.0,two-sided,student_t,ok,-0.34558550951473543,0.31658667715640876,95.0,two-sided,student_t,ok,C5SES,-0.014499416179163338,0.16683876200490377,-0.08690675958586391,0.9309229519561245,0.0798374466042495,0.6744953871182042,0.030951343428270668,0.14496254658879612,,,,,,,,,
OLS interaction,results/tables/06_persistence_affect_moderation/sensitivity_right_hemisphere/reappraisal/moderation_ols.csv,,,,,,,neg_persist_crossrun_mean_z_R,PA_score,80,,,,,0.18431956005723393,-0.03933475412062126,,,,-0.15428757284174918,0.18408356061504652,95.0,two-sided,student_t,ok,-1.8481698990716178,0.9776963188031889,95.0,two-sided,student_t,ok,-0.7019297755932394,1.9630404132661072,95.0,two-sided,student_t,ok,C5SER,0.6305553188364339,0.666585333045255,0.9459483843663044,0.3478470894396163,-0.43523679013421446,0.5403077323880755,0.01489799388664867,0.8608490225467527,,,,,,,,,
OLS interaction,results/tables/06_persistence_affect_moderation/sensitivity_right_hemisphere/reappraisal/moderation_ols.csv,,,,,,,neg_persist_crossrun_mean_z_R,NA_score,80,,,,,0.22516918911127248,0.0127155796740408,,,,-0.006598306832539605,0.07415236102276311,95.0,two-sided,student_t,ok,-0.3501427117656015,0.3242368726627052,95.0,two-sided,student_t,ok,-0.33192952910613194,0.3040529802953139,95.0,two-sided,student_t,ok,C5SER,-0.013938274405408999,0.15907743156473056,-0.08761943330558077,0.930461542979224,-0.012952919551448172,0.9390385485394332,0.03377702709511175,0.09950659991953861,,,,,,,,,
OLS interaction,results/tables/06_persistence_affect_moderation/sensitivity_right_hemisphere/reappraisal/moderation_ols.csv,,,,,,,neg_persist_crossrun_mean_z_R,NA_score_log,80,,,,,0.3208920674223502,0.1346850536510592,,,,-0.016984882107468346,0.6697222506288525,95.0,two-sided,student_t,ok,-2.112039605038106,3.622913220720638,95.0,two-sided,student_t,ok,-3.923441173311045,1.4849812843719192,95.0,two-sided,student_t,ok,C5SER,-1.219229944469563,1.3528012809580856,-0.9012631504947095,0.3709362002527661,0.7554368078412661,0.6003302460903857,0.3263686842606921,0.06207444542799455,,,,,,,,,
OLS interaction,results/tables/06_persistence_affect_moderation/sensitivity_right_hemisphere/suppression/moderation_ols.csv,,,,,,,neg_persist_crossrun_mean_z_R,PA_score,80,,,,,0.1855620064246164,-0.037751636975085434,,,,-0.1878711355364803,0.09800304073135827,95.0,two-sided,student_t,ok,-1.9551538245020106,0.8239953196299961,95.0,two-sided,student_t,ok,-0.8465681662298954,1.7205131672136058,95.0,two-sided,student_t,ok,C5SES,0.4369725004918552,0.6421005280888743,0.6805359618570086,0.49869877741684976,-0.5655792524360073,0.4189800448173757,-0.04493404740256102,0.532049142871375,,,,,,,,,
OLS interaction,results/tables/06_persistence_affect_moderation/sensitivity_right_hemisphere/suppression/moderation_ols.csv,,,,,,,neg_persist_crossrun_mean_z_R,NA_score,80,,,,,0.1946700182824651,-0.02614626702718148,,,,-0.030940449320143795,0.03866484067713191,95.0,two-sided,student_t,ok,-0.3835749546550905,0.2930985548183558,95.0,two-sided,student_t,ok,-0.40084208068705085,0.22419667934952783,95.0,two-sided,student_t,ok,C5SES,-0.0883227006687615,0.1563400865671619,-0.5649395660966267,0.5741533901420264,-0.04523819991836739,0.7901424296103919,0.0038621956784940584,0.8251719730828013,,,,,,,,,
OLS interaction,results/tables/06_persistence_affect_moderation/sensitivity_right_hemisphere/suppression/moderation_ols.csv,,,,,,,neg_persist_crossrun_mean_z_R,NA_score_log,80,,,,,0.2682102959956083,0.06755828038150091,,,,-0.32715383937340775,0.27555551984314647,95.0,two-sided,student_t,ok,-2.1498073392468564,3.709480903205982,95.0,two-sided,student_t,ok,-2.7755464393642875,2.6366386195859777,95.0,two-sided,student_t,ok,C5SES,-0.06945390988915512,1.3537424152452027,-0.051305114700550304,0.9592473315947457,0.7798367819795626,0.5965565757473494,-0.02579915976513064,0.8646763423725666,,,,,,,,,
OLS interaction,results/tables/06_persistence_affect_moderation/suppression/moderation_ols.csv,,,,,,,neg_persist_crossrun_mean_z_L,PA_score,80,,,,,0.26037050096111247,0.0575688641278691,,,,-0.20894604134959063,0.06538968195611503,95.0,two-sided,student_t,ok,-2.928314599396688,-0.3820551312174847,95.0,two-sided,student_t,ok,-0.7615914175484101,1.4501147475525125,95.0,two-sided,student_t,ok,C5SES,0.34426166500205124,0.553211025333482,0.622297187216264,0.5360284625837151,-1.6551848653070864,0.011673561973564681,-0.0717781796967378,0.29960544637688613,,,,,,,,,
OLS interaction,results/tables/06_persistence_affect_moderation/suppression/moderation_ols.csv,,,,,,,neg_persist_crossrun_mean_z_L,NA_score,80,,,,,0.2761735748771945,0.07770503895642533,,,,-0.019062581150086425,0.04738847208524777,95.0,two-sided,student_t,ok,0.10456077083467485,0.7213292377047383,95.0,two-sided,student_t,ok,-0.15732208439634998,0.3784091078343542,95.0,two-sided,student_t,ok,C5SES,0.1105435117190021,0.13400170729440128,0.8249410694159172,0.412567766009575,0.4129450042697066,0.009499863316399772,0.014162945467580672,0.39744055425268165,,,,,,,,,
OLS interaction,results/tables/06_persistence_affect_moderation/suppression/moderation_ols.csv,,,,,,,neg_persist_crossrun_mean_z_L,NA_score_log,80,,,,,0.30691649361215734,0.11687746766710372,,,,-0.2750999112007377,0.3155592012317349,95.0,two-sided,student_t,ok,-0.0749570224854792,5.40727234004475,95.0,two-sided,student_t,ok,-2.009853790949059,2.752064870967943,95.0,two-sided,student_t,ok,C5SES,0.371105540009442,1.1910921744858178,0.3115674403365503,0.7564145694746688,2.6661576587796354,0.0563987933966466,0.020229645015498635,0.8915324575314141,,,,,,,,,
OLS interaction,results/tables/07_fc_affect_moderation/reappraisal/moderation_ols.csv,,,,,,,l_amyg-ant_vmPFC_neg_vs_neu,PA_score,80,,,,,0.18310998390296107,-0.040875988252678574,,,,-0.141049486230941,0.21392405723584285,95.0,two-sided,student_t,ok,-0.3261707306218744,0.8530577364242127,95.0,two-sided,student_t,ok,-0.8756578712680454,0.38019958384596114,95.0,two-sided,student_t,ok,C5SER,-0.2477291437110421,0.3141259003474426,-0.7886301111657409,0.4333334404342032,0.26344350290116914,0.37522870784501805,0.03643728550245093,0.6829416536960562,,,,,,,,,
OLS interaction,results/tables/07_fc_affect_moderation/reappraisal/moderation_ols.csv,,,,,,,l_amyg-ant_vmPFC_neg_vs_neu,NA_score,80,,,,,0.2479008724940348,0.04168014398433473,,,,-0.01425551328570256,0.06914354254041968,95.0,two-sided,student_t,ok,-0.21157181237413575,0.06548134430465717,95.0,two-sided,student_t,ok,-0.08935408867619592,0.20570262170792736,95.0,two-sided,student_t,ok,C5SER,0.05817426651586573,0.07380212971268577,0.7882464468483519,0.43355610951506707,-0.0730452340347393,0.29594587576688647,0.02744401462735856,0.19315338436108517,,,,,,,,,
OLS interaction,results/tables/07_fc_affect_moderation/reappraisal/moderation_ols.csv,,,,,,,l_amyg-ant_vmPFC_neg_vs_neu,NA_score_log,80,,,,,0.349098364724471,0.17062533569730975,,,,-0.12716178675530423,0.5775974029905214,95.0,two-sided,student_t,ok,-2.287752091373084,0.05347055537433176,95.0,two-sided,student_t,ok,-0.906539826505437,1.5868208726003594,95.0,two-sided,student_t,ok,C5SER,0.3401405230474613,0.623660887076102,0.5453933862072639,0.5874398168800463,-1.1171407679993761,0.06106898853998739,0.22521780811760858,0.20614996601050578,,,,,,,,,
OLS interaction,results/tables/07_fc_affect_moderation/reappraisal/moderation_ols.csv,,,,,,,l_amyg-post_vmPFC_neg_vs_neu,PA_score,80,,,,,0.16541612470834144,-0.06342138948453258,,,,-0.15442233885854945,0.18652140697253944,95.0,two-sided,student_t,ok,-0.4748423761966424,0.6717261932656587,95.0,two-sided,student_t,ok,-0.485200807967899,0.5920329206767577,95.0,two-sided,student_t,ok,C5SER,0.053416056354429364,0.2694469929825091,0.1982432825216083,0.843503322460582,0.09844190853450818,0.7325680175836098,0.01604953405699501,0.8513356289949414,,,,,,,,,
OLS interaction,results/tables/07_fc_affect_moderation/reappraisal/moderation_ols.csv,,,,,,,l_amyg-post_vmPFC_neg_vs_neu,NA_score,80,,,,,0.238056034918672,0.029135915460888562,,,,-0.005987305076652356,0.07377884844866239,95.0,two-sided,student_t,ok,-0.20282333212977013,0.06542433528554717,95.0,two-sided,student_t,ok,-0.10391780805232924,0.1481084925687914,95.0,two-sided,student_t,ok,C5SER,0.022095342258231083,0.06303899242024875,0.3505027826417771,0.7271494746703571,-0.06869949842211148,0.30986467314460336,0.03389577168600502,0.09435443413423344,,,,,,,,,
OLS interaction,results/tables/07_fc_affect_moderation/reappraisal/moderation_ols.csv,,,,,,,l_amyg-post_vmPFC_neg_vs_neu,NA_score_log,80,,,,,0.3197840260923026,0.1332731945369663,,,,-0.01294861790869134,0.6716563104968782,95.0,two-sided,student_t,ok,-1.802460136319171,0.49981554114022675,95.0,two-sided,student_t,ok,-0.8790134187691178,1.2840399549689758,95.0,two-sided,student_t,ok,C5SER,0.20251326809992898,0.541041569453732,0.3743026035955028,0.7094563250298028,-0.6513222975894721,0.26239735768758776,0.3293538462940935,0.0590305583999778,,,,,,,,,
OLS interaction,results/tables/07_fc_affect_moderation/sensitivity_panas/reappraisal/moderation_ols.csv,,,,,,,l_amyg-ant_vmPFC_neg_vs_neu,C5SPGP,126,,,,,0.24897083572070844,0.04205463739886284,,,,-0.05203076527129612,0.19209739070910858,95.0,two-sided,student_t,ok,-0.38314939737090364,0.37781553425011255,95.0,two-sided,student_t,ok,-0.28978878320295753,0.41184848539855445,95.0,two-sided,student_t,ok,C5SER,0.06102985109779846,0.17678225637724387,0.3452261123286266,0.7306642713451936,-0.002666931560395547,0.9889302135392899,0.07003331271890623,0.25765708444936575,,,,,,,,,
OLS interaction,results/tables/07_fc_affect_moderation/sensitivity_panas/reappraisal/moderation_ols.csv,,,,,,,l_amyg-ant_vmPFC_neg_vs_neu,C5SPGN,126,,,,,0.21093694177653055,-0.006457982427894748,,,,-0.12795787217040416,0.04015746870805364,95.0,two-sided,student_t,ok,-0.6486903655725391,-0.12466281798278889,95.0,two-sided,student_t,ok,-0.41329642048886267,0.06987598586577826,95.0,two-sided,student_t,ok,C5SER,-0.1717102173115422,0.12173855642652207,-1.410483435584203,0.16156327756089503,-0.386676591777664,0.004233896836506478,-0.043900201731175266,0.30255977910022785,,,,,,,,,
OLS interaction,results/tables/07_fc_affect_moderation/sensitivity_panas/reappraisal/moderation_ols.csv,,,,,,,l_amyg-ant_vmPFC_neg_vs_neu,C5SPGN_log,126,,,,,0.25336724952334655,0.0476623080654931,,,,-0.07522727190358611,0.021340312947513748,95.0,two-sided,student_t,ok,-0.3644873934724078,-0.06347932126576636,95.0,two-sided,student_t,ok,-0.23768077269826474,0.0398595880121522,95.0,two-sided,student_t,ok,C5SER,-0.09891059234305627,0.06992817143242032,-1.4144598709926945,0.16039626458961562,-0.21398335736908705,0.005787871523908878,-0.02694347947803618,0.2708407399802028,,,,,,,,,
OLS interaction,results/tables/07_fc_affect_moderation/sensitivity_panas/reappraisal/moderation_ols.csv,,,,,,,l_amyg-post_vmPFC_neg_vs_neu,C5SPGP,126,,,,,0.25773574936361954,0.053234374188290245,,,,-0.045579748934999706,0.19000509342426058,95.0,two-sided,student_t,ok,-0.2235716683122887,0.48887352682732776,95.0,two-sided,student_t,ok,-0.23111847513265854,0.4436175214204728,95.0,two-sided,student_t,ok,C5SER,0.10624952314390712,0.1700042988984319,0.624981390661099,0.5334357993580109,0.13265092925751953,0.4616852905969753,0.07221267224463043,0.22668665575165783,,,,,,,,,
OLS interaction,results/tables/07_fc_affect_moderation/sensitivity_panas/reappraisal/moderation_ols.csv,,,,,,,l_amyg-post_vmPFC_neg_vs_neu,C5SPGN,126,,,,,0.20244490994400288,-0.01728965568366969,,,,-0.09941328852912024,0.06464963183708086,95.0,two-sided,student_t,ok,-0.5737479242396961,-0.07759614238088769,95.0,two-sided,student_t,ok,-0.40740658399827206,0.06248425007284614,95.0,two-sided,student_t,ok,C5SER,-0.17246116696271296,0.11839217444028795,-1.4566939730437602,0.1483974950501264,-0.32567203331029193,0.010612250602615612,-0.01738182834601968,0.6750457988605277,,,,,,,,,
OLS interaction,results/tables/07_fc_affect_moderation/sensitivity_panas/reappraisal/moderation_ols.csv,,,,,,,l_amyg-post_vmPFC_neg_vs_neu,C5SPGN_log,126,,,,,0.23421254778806133,0.023230290545996568,,,,-0.059515064406655487,0.035416486774659174,95.0,two-sided,student_t,ok,-0.3196549910860673,-0.03256721910140373,95.0,two-sided,student_t,ok,-0.2163901884258993,0.05550223958090256,95.0,two-sided,student_t,ok,C5SER,-0.08044397442249837,0.06850513657966513,-1.174276535146375,0.2431299321670432,-0.1761111050937355,0.016712922437423058,-0.012049288815998156,0.6155596866727668,,,,,,,,,
OLS interaction,results/tables/07_fc_affect_moderation/sensitivity_panas/suppression/moderation_ols.csv,,,,,,,l_amyg-ant_vmPFC_neg_vs_neu,C5SPGP,126,,,,,0.241427554868608,0.032433105699755105,,,,-0.13568747083750055,0.07022514235076958,95.0,two-sided,student_t,ok,-0.43308346599686315,0.3061424708157738,95.0,two-sided,student_t,ok,-0.35382831128876496,0.2452874346089013,95.0,two-sided,student_t,ok,C5SES,-0.05427043833993184,0.1509512651772738,-0.3595229114257363,0.7199774841088303,-0.06347049759054468,0.7340018742672322,-0.032731164243365474,0.5295821605211848,,,,,,,,,
OLS interaction,results/tables/07_fc_affect_moderation/sensitivity_panas/suppression/moderation_ols.csv,,,,,,,l_amyg-ant_vmPFC_neg_vs_neu,C5SPGN,126,,,,,0.19745221005434743,-0.02365789533884244,,,,-0.04274819784942592,0.0995442630328074,95.0,two-sided,student_t,ok,-0.630778191583219,-0.11994849509993244,95.0,two-sided,student_t,ok,-0.2930133550174242,0.12099554184955988,95.0,two-sided,student_t,ok,C5SES,-0.08600890658393215,0.10431234232223532,-0.8245324059375321,0.41163948349980795,-0.37536334334157573,0.0043894923951670285,0.02839803259169074,0.43021523082394975,,,,,,,,,
OLS interaction,results/tables/07_fc_affect_moderation/sensitivity_panas/suppression/moderation_ols.csv,,,,,,,l_amyg-ant_vmPFC_neg_vs_neu,C5SPGN_log,126,,,,,0.23553593350534563,0.02491828253232864,,,,-0.02280710745076491,0.059199970769292,95.0,two-sided,student_t,ok,-0.3517003982399978,-0.05729512464434372,95.0,two-sided,student_t,ok,-0.14209576026620413,0.09650901034964693,95.0,two-sided,student_t,ok,C5SES,-0.0227933749582786,0.0601180861101054,-0.3791433898366769,0.7054016339031934,-0.20449776144217077,0.0069609476325339275,0.018196431659263546,0.38065586345229974,,,,,,,,,
OLS interaction,results/tables/07_fc_affect_moderation/sensitivity_panas/suppression/moderation_ols.csv,,,,,,,l_amyg-post_vmPFC_neg_vs_neu,C5SPGP,126,,,,,0.2462220359112568,0.03854851519292957,,,,-0.12078562567445977,0.08060383166588542,95.0,two-sided,student_t,ok,-0.21703942916693664,0.4942796524454873,95.0,two-sided,student_t,ok,-0.2543797670375067,0.36126931609428076,95.0,two-sided,student_t,ok,C5SES,0.05344477452838703,0.15511695134089437,0.34454502919499475,0.7311747243435711,0.13862011163927535,0.4411141169475745,-0.020090897004287178,0.6930051691436381,,,,,,,,,
OLS interaction,results/tables/07_fc_affect_moderation/sensitivity_panas/suppression/moderation_ols.csv,,,,,,,l_amyg-post_vmPFC_neg_vs_neu,C5SPGN,126,,,,,0.2370591073819207,0.026861106354490683,,,,-0.03416181860670567,0.10195835045405308,95.0,two-sided,student_t,ok,-0.5401397023176292,-0.05935547992611545,95.0,two-sided,student_t,ok,-0.4535783906960447,-0.03745801188010972,95.0,two-sided,student_t,ok,C5SES,-0.24551820128807722,0.10484434448337959,-2.341740057586014,0.02121816227537202,-0.2997475911218723,0.01506210989585676,0.033898265923673704,0.32539504977569667,,,,,,,,,
OLS interaction,results/tables/07_fc_affect_moderation/sensitivity_panas/suppression/moderation_ols.csv,,,,,,,l_amyg-post_vmPFC_neg_vs_neu,C5SPGN_log,126,,,,,0.26242410768481017,0.05921442306735991,,,,-0.018960006000104862,0.06007268179278494,95.0,two-sided,student_t,ok,-0.2994863753178496,-0.020338401830870434,95.0,two-sided,student_t,ok,-0.24300132433260277,-0.0013978043682740526,95.0,two-sided,student_t,ok,C5SES,-0.12219956435043841,0.06087364129489526,-2.007429845677489,0.04745744069215689,-0.15991238857436002,0.02516958666822731,0.020556337896340038,0.304464654869384,,,,,,,,,
OLS interaction,results/tables/07_fc_affect_moderation/sensitivity_right_amygdala/reappraisal/moderation_ols.csv,,,,,,,r_amyg-ant_vmPFC_neg_vs_neu,PA_score,80,,,,,0.18993543679763458,-0.03217904020946549,,,,-0.1872679016335416,0.16227142206141257,95.0,two-sided,student_t,ok,-0.4220552559978289,0.7029892469219582,95.0,two-sided,student_t,ok,-0.13376750989398556,0.7442652398636285,95.0,two-sided,student_t,ok,C5SER,0.30524886498482146,0.21962112573286674,1.3898884452313887,0.16953322908923718,0.14046699546206465,0.6194321526378272,-0.012498239786064513,0.8867918785756024,,,,,,,,,
OLS interaction,results/tables/07_fc_affect_moderation/sensitivity_right_amygdala/reappraisal/moderation_ols.csv,,,,,,,r_amyg-ant_vmPFC_neg_vs_neu,NA_score,80,,,,,0.23993705546259647,0.03153269970234063,,,,-0.0013654854951251141,0.08153754459783155,95.0,two-sided,student_t,ok,-0.07398480795443602,0.19285097262535278,95.0,two-sided,student_t,ok,-0.134230140066667,0.07401989230818178,95.0,two-sided,student_t,ok,C5SER,-0.03010512387924262,0.05208929456981639,-0.5779522285311828,0.5653896612433178,0.05943308233545839,0.3766544175693649,0.040086029551353215,0.05779108875124104,,,,,,,,,
OLS interaction,results/tables/07_fc_affect_moderation/sensitivity_right_amygdala/reappraisal/moderation_ols.csv,,,,,,,r_amyg-ant_vmPFC_neg_vs_neu,NA_score_log,80,,,,,0.33270507359263946,0.14973710990029865,,,,0.05410367454873327,0.7597125103402536,95.0,two-sided,student_t,ok,-0.43917109704709845,1.831936295183461,95.0,two-sided,student_t,ok,-1.288123267186068,0.4843458781853456,95.0,two-sided,student_t,ok,C5SER,-0.40188869450036124,0.4433452728735947,-0.9064914392691552,0.36818541685626616,0.6963825990681812,0.2248810304941483,0.40690809244449344,0.02449651608521297,,,,,,,,,
OLS interaction,results/tables/07_fc_affect_moderation/sensitivity_right_amygdala/reappraisal/moderation_ols.csv,,,,,,,r_amyg-post_vmPFC_neg_vs_neu,PA_score,80,,,,,0.16323647139949038,-0.06619868966839126,,,,-0.15681787996322738,0.18370746220190293,95.0,two-sided,student_t,ok,-0.6472872078450709,0.5652521073678445,95.0,two-sided,student_t,ok,-0.6270371585768595,0.7278849317427665,95.0,two-sided,student_t,ok,C5SER,0.05042388658295352,0.33890480148772467,0.14878481025232657,0.8822063196035219,-0.04101755023861314,0.8928589308052767,0.013444791119337787,0.8750889389499844,,,,,,,,,
OLS interaction,results/tables/07_fc_affect_moderation/sensitivity_right_amygdala/reappraisal/moderation_ols.csv,,,,,,,r_amyg-post_vmPFC_neg_vs_neu,NA_score,80,,,,,0.23177561569879623,0.021133445809756513,,,,-0.004819377338439949,0.0750722946853776,95.0,two-sided,student_t,ok,-0.1021648865979356,0.1823125994859009,95.0,two-sided,student_t,ok,-0.12201128835664443,0.19587104771086866,95.0,two-sided,student_t,ok,C5SER,0.03692987967711212,0.07951147211423852,0.4644597653034637,0.6439452811126285,0.04007385644398265,0.5753411625451829,0.03512645867346882,0.08371742405786047,,,,,,,,,
OLS interaction,results/tables/07_fc_affect_moderation/sensitivity_right_amygdala/reappraisal/moderation_ols.csv,,,,,,,r_amyg-post_vmPFC_neg_vs_neu,NA_score_log,80,,,,,0.3225963327994136,0.13685661759925283,,,,-0.011945487868856908,0.6695150518605895,95.0,two-sided,student_t,ok,-0.5617877856921474,1.8647502538393466,95.0,two-sided,student_t,ok,-1.8005245091018511,0.910950452173763,95.0,two-sided,student_t,ok,C5SER,-0.4447870284640441,0.6782175078961713,-0.6558176739550298,0.514367842181038,0.6514812340735996,0.2872629688265475,0.32878478199586625,0.0583252837054781,,,,,,,,,
OLS interaction,results/tables/07_fc_affect_moderation/sensitivity_right_amygdala/suppression/moderation_ols.csv,,,,,,,r_amyg-ant_vmPFC_neg_vs_neu,PA_score,80,,,,,0.2150328001646914,-0.0002001417256352056,,,,-0.17042151712381812,0.11119837592531381,95.0,two-sided,student_t,ok,-0.46874773198582464,0.6345547161880936,95.0,two-sided,student_t,ok,-0.01785729538270131,0.7793643404420202,95.0,two-sided,student_t,ok,C5SES,0.38075352252965944,0.19940795279761098,1.9094199463353654,0.06083788460571695,0.08290349210113446,0.7648692157292343,-0.02961157059925215,0.6756664790002913,,,,,,,,,
OLS interaction,results/tables/07_fc_affect_moderation/sensitivity_right_amygdala/suppression/moderation_ols.csv,,,,,,,r_amyg-ant_vmPFC_neg_vs_neu,NA_score,80,,,,,0.21711105671233133,0.0024479593592608984,,,,-0.02928524067796054,0.03957952178463747,95.0,two-sided,student_t,ok,-0.08897952100007926,0.18081200613697695,95.0,two-sided,student_t,ok,-0.16000747760832215,0.03493783675388176,95.0,two-sided,student_t,ok,C5SES,-0.0625348204272202,0.04876140372713193,-1.2824655495392234,0.20445361806154083,0.04591624256844885,0.49877407198835066,0.005147140553338467,0.7660788295839414,,,,,,,,,
OLS interaction,results/tables/07_fc_affect_moderation/sensitivity_right_amygdala/suppression/moderation_ols.csv,,,,,,,r_amyg-ant_vmPFC_neg_vs_neu,NA_score_log,80,,,,,0.2850203146206496,0.08897749766179541,,,,-0.324088314395475,0.27370809198440654,95.0,two-sided,student_t,ok,-0.6434458351551282,1.6985415561738912,95.0,two-sided,student_t,ok,-1.2534986863912327,0.43876894365564334,95.0,two-sided,student_t,ok,C5SES,-0.40736487136779476,0.4232845780009728,-0.9623900622404876,0.3395922717332498,0.5275478605093815,0.3713057654150209,-0.025190111205534202,0.8667647268967824,,,,,,,,,
OLS interaction,results/tables/07_fc_affect_moderation/sensitivity_right_amygdala/suppression/moderation_ols.csv,,,,,,,r_amyg-post_vmPFC_neg_vs_neu,PA_score,80,,,,,0.17184539110242147,-0.05522925972433401,,,,-0.19799055415483593,0.09231567979497038,95.0,two-sided,student_t,ok,-0.7021853886947951,0.5249154003944871,95.0,two-sided,student_t,ok,-0.5264199826445974,0.3234631138452398,95.0,two-sided,student_t,ok,C5SES,-0.10147843439967885,0.2125800916240984,-0.47736565369028705,0.634780315929274,-0.08863499415015391,0.7737158830810555,-0.05283743717993278,0.46956747115679476,,,,,,,,,
OLS interaction,results/tables/07_fc_affect_moderation/sensitivity_right_amygdala/suppression/moderation_ols.csv,,,,,,,r_amyg-post_vmPFC_neg_vs_neu,NA_score,80,,,,,0.20042554006393565,-0.018812618305630302,,,,-0.026418491988969194,0.04342718106928336,95.0,two-sided,student_t,ok,-0.1014949299160506,0.19373703723169078,95.0,two-sided,student_t,ok,-0.06698023631876118,0.1374957616214962,95.0,two-sided,student_t,ok,C5SES,0.03525776265136752,0.051145300520268264,0.6893646589757606,0.4931658465091543,0.046121053657820085,0.5345531946927885,0.008504344540157083,0.6281265883750937,,,,,,,,,
OLS interaction,results/tables/07_fc_affect_moderation/sensitivity_right_amygdala/suppression/moderation_ols.csv,,,,,,,r_amyg-post_vmPFC_neg_vs_neu,NA_score_log,80,,,,,0.2759847753005298,0.07746447175390092,,,,-0.3049420169633942,0.2987888409960626,95.0,two-sided,student_t,ok,-0.6621303074509494,1.8897908212137873,95.0,two-sided,student_t,ok,-0.7533642813369118,1.0140819220324722,95.0,two-sided,student_t,ok,C5SES,0.13035882034778012,0.44208889128955786,0.29487015601665084,0.7690782021828864,0.613830256881419,0.3399603714242274,-0.003076587983665807,0.983810963983631,,,,,,,,,
OLS interaction,results/tables/07_fc_affect_moderation/suppression/moderation_ols.csv,,,,,,,l_amyg-ant_vmPFC_neg_vs_neu,PA_score,80,,,,,0.19341528562273913,-0.027745039287154993,,,,-0.162964112183545,0.13049621060227667,95.0,two-sided,student_t,ok,-0.3428675847633363,0.784032155449131,95.0,two-sided,student_t,ok,-0.18308217764377682,0.7086700127621646,95.0,two-sided,student_t,ok,C5SES,0.26279391755919385,0.2230527505787995,1.1781693652163894,0.24323142469061013,0.2205822853428973,0.43685979010745635,-0.01623395079063418,0.8256926913506715,,,,,,,,,
OLS interaction,results/tables/07_fc_affect_moderation/suppression/moderation_ols.csv,,,,,,,l_amyg-ant_vmPFC_neg_vs_neu,NA_score,80,,,,,0.22292658058096104,0.009858062353160002,,,,-0.03664792459908849,0.03388060405662651,95.0,two-sided,student_t,ok,-0.24195734194796023,0.028875116304664356,95.0,two-sided,student_t,ok,-0.1296182403291103,0.08470023829106225,95.0,two-sided,student_t,ok,C5SES,-0.022459001019024025,0.0536071866942449,-0.41895503950098456,0.6766969091420689,-0.10654111282164794,0.12087191705886333,-0.0013836602712309909,0.9377358682134206,,,,,,,,,
OLS interaction,results/tables/07_fc_affect_moderation/suppression/moderation_ols.csv,,,,,,,l_amyg-ant_vmPFC_neg_vs_neu,NA_score_log,80,,,,,0.3366011924601755,0.15470151942506238,,,,-0.38814308574469814,0.20380090350073787,95.0,two-sided,student_t,ok,-2.590879521572478,-0.31779019430468325,95.0,two-sided,student_t,ok,-0.7355435333923879,1.0632255267524338,95.0,two-sided,student_t,ok,C5SES,0.16384099668002294,0.449923634433353,0.3641529009392207,0.7169828187139279,-1.4543348579385806,0.012988902236044979,-0.09217109112198012,0.5358853721408612,,,,,,,,,
OLS interaction,results/tables/07_fc_affect_moderation/suppression/moderation_ols.csv,,,,,,,l_amyg-post_vmPFC_neg_vs_neu,PA_score,80,,,,,0.1813435989711525,-0.043126704536757376,,,,-0.1869606803374696,0.09588693302544649,95.0,two-sided,student_t,ok,-0.4517749829005727,0.6499726769655606,95.0,two-sided,student_t,ok,-0.696636491872018,0.25386146053880065,95.0,two-sided,student_t,ok,C5SES,-0.2213875156666087,0.23774674734271048,-0.9311905131870425,0.3553669050776668,0.09909884703249394,0.7203661511520763,-0.045536873656011556,0.5221786190959855,,,,,,,,,
OLS interaction,results/tables/07_fc_affect_moderation/suppression/moderation_ols.csv,,,,,,,l_amyg-post_vmPFC_neg_vs_neu,NA_score,80,,,,,0.23688489456606687,0.027643655979343262,,,,-0.028264886408345083,0.03860123191638648,95.0,two-sided,student_t,ok,-0.19499229438086652,0.06546452373653087,95.0,two-sided,student_t,ok,-0.019482445852161384,0.2052184374173372,95.0,two-sided,student_t,ok,C5SES,0.0928679957825879,0.0562041233091133,1.6523342117059532,0.10352242923305442,-0.06476388532216783,0.3240341395050006,0.005168172754020699,0.7583526578943333,,,,,,,,,
OLS interaction,results/tables/07_fc_affect_moderation/suppression/moderation_ols.csv,,,,,,,l_amyg-post_vmPFC_neg_vs_neu,NA_score_log,80,,,,,0.2902576720411194,0.09565090469755544,,,,-0.32851968218795485,0.25724194162790087,95.0,two-sided,student_t,ok,-1.7779300216964664,0.503727902178094,95.0,two-sided,student_t,ok,-0.5073291704511994,1.4610990493175593,95.0,two-sided,student_t,ok,C5SES,0.47688493943318,0.4923602470059333,0.9685691367918929,0.33652350085471205,-0.6371010597591862,0.2685867460409851,-0.03563887028002699,0.8086204704401514,,,,,,,,,
Pearson,results/tables/00e_motion_check/part1_fd_mean_across_runs_correlations.csv,-0.1986512639943767,0.14956153540746933,95.0,two-sided,fisher_z,ok,fd_mean_across_runs,neg_persist_crossrun_mean_z_L,127,,,,0.7775725512851313,,,,0.7775725512851313,-0.025312644476206014,,,,,,,,,,,,,,,,,,,,,,,,,,,,,,,,,,,,
Pearson,results/tables/00e_motion_check/part1_fd_mean_across_runs_correlations.csv,-0.1690446476196153,0.17937504250221833,95.0,two-sided,fisher_z,ok,fd_mean_across_runs,l_amyg-ant_vmPFC_neg_vs_neu,127,,,,0.9526035515911335,,,,0.9526035515911335,0.0053268673605648825,,,,,,,,,,,,,,,,,,,,,,,,,,,,,,,,,,,,
Pearson,results/tables/00e_motion_check/part1_fd_mean_across_runs_correlations.csv,-0.07937243346513351,0.26593113081325076,95.0,two-sided,fisher_z,ok,fd_mean_across_runs,l_amyg-post_vmPFC_neg_vs_neu,127,,,,0.28211360214223036,,,,0.28211360214223036,0.09617205678785408,,,,,,,,,,,,,,,,,,,,,,,,,,,,,,,,,,,,
OLS,results/tables/00e_motion_check/part1_fd_mean_across_runs_regressions.csv,-0.1981734785752577,0.3369523170901152,95.0,two-sided,student_t,ok,fd_mean_across_runs,neg_persist_crossrun_mean_z_L,127,0.06938941925742875,0.1348786188467709,0.5144582577336347,0.6080555522734554,0.17902228349572968,-0.024190022569683833,101,0.6080555522734554,,,,,,,,,,,,,,,,,,,,,,,,,,,,,,,,,,,,,
OLS,results/tables/00e_motion_check/part1_fd_mean_across_runs_regressions.csv,-0.7566485715377906,0.6379729412063309,95.0,two-sided,student_t,ok,fd_mean_across_runs,l_amyg-ant_vmPFC_neg_vs_neu,127,-0.059337815165729946,0.35151477461301045,-0.16880603448619227,0.8662868144582933,0.21943942688860707,0.026231364237272237,101,0.8662868144582933,,,,,,,,,,,,,,,,,,,,,,,,,,,,,,,,,,,,,
OLS,results/tables/00e_motion_check/part1_fd_mean_across_runs_regressions.csv,-0.5624748376973241,0.8711365155068311,95.0,two-sided,student_t,ok,fd_mean_across_runs,l_amyg-post_vmPFC_neg_vs_neu,127,0.15433083890475355,0.36134217570804905,0.4271044159247192,0.6702123957813981,0.15681962179501918,-0.05188839261215428,101,0.6702123957813981,,,,,,,,,,,,,,,,,,,,,,,,,,,,,,,,,,,,,
OLS,results/tables/00e_motion_check/part2_motion_controlled_fd_mean_across_runs.csv,0.045571870281676585,0.6512561974142153,95.0,two-sided,student_t,ok,neg_persist_crossrun_mean_z_L,NA_score,81,0.3484140338479459,0.15159316622834157,2.2983492100371943,0.01240948490730709,0.27255132005999216,0.09068915007499023,64.0,0.02481896981461418,,,,,,,,,,,,,,,,,,,,,,,,,,,,,ols,fd_mean_across_runs,,,,,,,
OLS,results/tables/00e_motion_check/part2_motion_controlled_fd_mean_across_runs.csv,-0.0051580501028212385,0.0007607952358249085,95.0,two-sided,student_t,ok,C5PAGE,neg_persist_crossrun_mean_z_L,127,-0.002198627433498165,0.0014918467599783823,-1.473762247223049,0.07182780073415529,0.1790222834957298,-0.02419002256968361,101.0,0.14365560146831058,,,,,,,,,,,,,,,,,,,,,,,,,,,,,ols,fd_mean_across_runs,,,,,,,
OLS,results/tables/00e_motion_check/part2_motion_controlled_fd_mean_across_runs.csv,-0.19499025659395197,0.0465878049263045,95.0,two-sided,student_t,ok,l_amyg-ant_vmPFC_neg_vs_neu,NA_score,81,-0.07420122583382374,0.060463151507546053,-1.2272139970170612,0.11211866557296588,0.23061467132658742,0.038268339158234244,64.0,0.22423733114593175,,,,,,,,,,,,,,,,,,,,,,,,,,,,,ols,fd_mean_across_runs,,,,,,,
OLS,results/tables/00e_motion_check/part2_motion_controlled_fd_mean_across_runs.csv,-1.9754183982248943,0.10977132227714392,95.0,two-sided,student_t,ok,l_amyg-ant_vmPFC_neg_vs_neu,NA_score_log,81,-0.9328235379738752,0.5218898653267018,-1.7873953873197554,0.0393042430741986,0.3044632580350707,0.13057907254383838,64.0,0.0786084861483972,,,,,,,,,,,,,,,,,,,,,,,,,,,,,ols,fd_mean_across_runs,,,,,,,
Pearson,results/tables/00e_motion_check/part1_fd_neg_mean_correlations.csv,-0.2130522391496791,0.13482735979013968,95.0,two-sided,fisher_z,ok,fd_neg_mean,neg_persist_crossrun_mean_z_L,127,,,,0.6525388786770612,,,,0.6525388786770612,-0.04033469630595799,,,,,,,,,,,,,,,,,,,,,,,,,,,,,,,,,,,,
Pearson,results/tables/00e_motion_check/part1_fd_neg_mean_correlations.csv,-0.1311350348746698,0.2166375345354504,95.0,two-sided,fisher_z,ok,fd_neg_mean,l_amyg-ant_vmPFC_neg_vs_neu,127,,,,0.6226062556201414,,,,0.6226062556201414,0.04408679474391157,,,,,,,,,,,,,,,,,,,,,,,,,,,,,,,,,,,,
Pearson,results/tables/00e_motion_check/part1_fd_neg_mean_correlations.csv,-0.04449691997151206,0.2981552182454759,95.0,two-sided,fisher_z,ok,fd_neg_mean,l_amyg-post_vmPFC_neg_vs_neu,127,,,,0.14292269071977623,,,,0.14292269071977623,0.13073114828665916,,,,,,,,,,,,,,,,,,,,,,,,,,,,,,,,,,,,
OLS,results/tables/00e_motion_check/part1_fd_neg_mean_regressions.csv,-0.22069783225333434,0.3033764608232717,95.0,two-sided,student_t,ok,fd_neg_mean,neg_persist_crossrun_mean_z_L,127,0.04133931428496869,0.13209308427260416,0.31295593189160154,0.7549594505117134,0.17766836636032457,-0.025879067708902026,101,0.7549594505117134,,,,,,,,,,,,,,,,,,,,,,,,,,,,,,,,,,,,,
OLS,results/tables/00e_motion_check/part1_fd_neg_mean_regressions.csv,-0.5614652943586786,0.802591825293381,95.0,two-sided,student_t,ok,fd_neg_mean,l_amyg-ant_vmPFC_neg_vs_neu,127,0.12056326546735116,0.3438110100785028,0.35066726176053176,0.7265683203802056,0.2201686495392421,0.027141087544005016,101,0.7265683203802056,,,,,,,,,,,,,,,,,,,,,,,,,,,,,,,,,,,,,
OLS,results/tables/00e_motion_check/part1_fd_neg_mean_regressions.csv,-0.4317366679126931,0.9683762664319828,95.0,two-sided,student_t,ok,fd_neg_mean,l_amyg-post_vmPFC_neg_vs_neu,127,0.26831979925964483,0.3528988890903683,0.760330529663229,0.44882832802777983,0.1601041216689666,-0.04779089771990308,101,0.44882832802777983,,,,,,,,,,,,,,,,,,,,,,,,,,,,,,,,,,,,,
OLS,results/tables/00e_motion_check/part2_motion_controlled_fd_neg_mean.csv,0.06744849494484267,0.669097888601065,95.0,two-sided,student_t,ok,neg_persist_crossrun_mean_z_L,NA_score,81,0.3682731917729538,0.15058328647118932,2.445644536011734,0.008610041752853778,0.26465779356500074,0.08082224195625098,64.0,0.017220083505707556,,,,,,,,,,,,,,,,,,,,,,,,,,,,,ols,fd_neg_mean,,,,,,,
OLS,results/tables/00e_motion_check/part2_motion_controlled_fd_neg_mean.csv,-0.005094830333012196,0.0008308018748372312,95.0,two-sided,student_t,ok,C5PAGE,neg_persist_crossrun_mean_z_L,127,-0.0021320142290874823,0.0014935573924163008,-1.4274739222697534,0.07826394151785301,0.17766836636032457,-0.025879067708902026,101.0,0.15652788303570603,,,,,,,,,,,,,,,,,,,,,,,,,,,,,ols,fd_neg_mean,,,,,,,
OLS,results/tables/00e_motion_check/part2_motion_controlled_fd_neg_mean.csv,-0.2029672876944531,0.038654271640327975,95.0,two-sided,student_t,ok,l_amyg-ant_vmPFC_neg_vs_neu,NA_score,81,-0.08215650802706256,0.060474038319590556,-1.3585417860286664,0.08953058000608262,0.21847343965029287,0.02309179956286611,64.0,0.17906116001216524,,,,,,,,,,,,,,,,,,,,,,,,,,,,,ols,fd_neg_mean,,,,,,,
OLS,results/tables/00e_motion_check/part2_motion_controlled_fd_neg_mean.csv,-2.0266176104817646,0.053818156116466676,95.0,two-sided,student_t,ok,l_amyg-ant_vmPFC_neg_vs_neu,NA_score_log,81,-0.9863997271826489,0.5207000261776628,-1.8943723402965404,0.03134789603309018,0.2969584230849751,0.12119802885621889,64.0,0.06269579206618037,,,,,,,,,,,,,,,,,,,,,,,,,,,,,ols,fd_neg_mean,,,,,,,
Pearson,MR1_validation/results/tables/02_persistence_affect/correlations.csv,-0.2987631844504264,0.26937271941080637,95.0,two-sided,fisher_z,ok,neg_persist_crossrun_mean_z_L,PA_score,48,,,,0.45706206128606985,,,,0.9141241225721397,-0.015985477331711295,,,,,,,,,,,,,,,,,,,,,,,,,,,,,,,,,,,,
Pearson,MR1_validation/results/tables/02_persistence_affect/correlations.csv,-0.10246672079579221,0.4474607007818906,95.0,two-sided,fisher_z,ok,neg_persist_crossrun_mean_z_L,NA_score,48,,,,0.1014227786414362,,,,0.2028455572828724,0.18711573031229348,,,,,,,,,,,,,,,,,,,,,,,,,,,,,,,,,,,,
Pearson,MR1_validation/results/tables/02_persistence_affect/correlations.csv,-0.13607134437908544,0.41978232477596106,95.0,two-sided,fisher_z,ok,neg_persist_crossrun_mean_z_L,NA_score_log,48,,,,0.14796678510446554,,,,0.2959335702089311,0.15401809212355616,,,,,,,,,,,,,,,,,,,,,,,,,,,,,,,,,,,,
Pearson,MR1_validation/results/tables/02_persistence_affect/sensitivity_panas/correlations.csv,-0.003850746537591712,0.3524270688255902,95.0,two-sided,fisher_z,ok,neg_persist_crossrun_mean_z_L,RA5SPGP,114,,,,0.9724731360159924,,,,0.05505372796801513,0.18019166945897006,,,,,,,,,,,,,,,,,,,,,,,,,,,,,,,,,,,,
Pearson,MR1_validation/results/tables/02_persistence_affect/sensitivity_panas/correlations.csv,-0.14318701327464622,0.22402073537474415,95.0,two-sided,fisher_z,ok,neg_persist_crossrun_mean_z_L,RA5SPGN,114,,,,0.32928564756437684,,,,0.6585712951287537,0.04182933176819148,,,,,,,,,,,,,,,,,,,,,,,,,,,,,,,,,,,,
Pearson,MR1_validation/results/tables/02_persistence_affect/sensitivity_panas/correlations.csv,-0.13495882420276586,0.23197504011898915,95.0,two-sided,fisher_z,ok,neg_persist_crossrun_mean_z_L,RA5SPGN_log,114,,,,0.29790394217403254,,,,0.5958078843480651,0.05020203946156431,,,,,,,,,,,,,,,,,,,,,,,,,,,,,,,,,,,,
Pearson,MR1_validation/results/tables/02_persistence_affect/sensitivity_right_hemisphere/correlations.csv,-0.5065090168870241,0.026319402377066002,95.0,two-sided,fisher_z,ok,neg_persist_crossrun_mean_z_R,PA_score,48,,,,0.0745925708504914,,,,0.0745925708504914,-0.2597578311385401,,,,,,,,,,,,,,,,,,,,,,,,,,,,,,,,,,,,
Pearson,MR1_validation/results/tables/02_persistence_affect/sensitivity_right_hemisphere/correlations.csv,-0.11539161641205642,0.43693837315636785,95.0,two-sided,fisher_z,ok,neg_persist_crossrun_mean_z_R,NA_score,48,,,,0.23563157796226822,,,,0.23563157796226822,0.17446316393744474,,,,,,,,,,,,,,,,,,,,,,,,,,,,,,,,,,,,
Pearson,MR1_validation/results/tables/03_persistence_age/correlations.csv,-0.11579550194783274,0.24875112329685345,95.0,two-sided,fisher_z,ok,RA5PAGE,neg_persist_crossrun_mean_z_L,115,,,,0.7674023564951067,,,,0.46519528700978663,0.06877319533981771,,,,,,,,,,,,,,,,,,,,,,,,,,,,,,,,,,,,
Pearson,MR1_validation/results/tables/03_persistence_age/sensitivity_positive_persistence/correlations.csv,-0.26318878070431834,0.10052625087583449,95.0,two-sided,fisher_z,ok,RA5PAGE,pos_persist_crossrun_mean_z_L,115,,,,0.3713460431808128,,,,0.3713460431808128,-0.08413289153907474,,,,,,,,,,,,,,,,,,,,,,,,,,,,,,,,,,,,
Pearson,MR1_validation/results/tables/03_persistence_age/sensitivity_positive_persistence/correlations.csv,-0.2125119651825472,0.1533777301855635,95.0,two-sided,fisher_z,ok,RA5PAGE,pos_persist_crossrun_mean_z_R,115,,,,0.7455187046767753,,,,0.7455187046767753,-0.03059191982267334,,,,,,,,,,,,,,,,,,,,,,,,,,,,,,,,,,,,
Pearson,MR1_validation/results/tables/03_persistence_age/sensitivity_right_hemisphere/correlations.csv,-0.2440939735121573,0.12068441777139756,95.0,two-sided,fisher_z,ok,RA5PAGE,neg_persist_crossrun_mean_z_R,115,,,,0.4979072239267186,,,,0.4979072239267186,-0.06383675782090471,,,,,,,,,,,,,,,,,,,,,,,,,,,,,,,,,,,,
Pearson,MR1_validation/results/tables/04_fc_affect/correlations.csv,-0.270755655804677,0.29740399524847005,95.0,two-sided,fisher_z,ok,l_amyg-ant_vmPFC_neg_vs_neu,PA_score,48,,,,0.46105505684322645,,,,0.9221101136864529,0.014494088095265145,,,,,,,,,,,,,,,,,,,,,,,,,,,,,,,,,,,,
Pearson,MR1_validation/results/tables/04_fc_affect/correlations.csv,-0.3250145485004196,0.24219499120977697,95.0,two-sided,fisher_z,ok,l_amyg-ant_vmPFC_neg_vs_neu,NA_score,48,,,,0.3805756927989633,,,,0.7611513855979266,-0.045039118930012285,,,,,,,,,,,,,,,,,,,,,,,,,,,,,,,,,,,,
Pearson,MR1_validation/results/tables/04_fc_affect/correlations.csv,-0.32710966975242195,0.23998689092705092,95.0,two-sided,fisher_z,ok,l_amyg-ant_vmPFC_neg_vs_neu,NA_score_log,48,,,,0.3745695034564672,,,,0.7491390069129344,-0.04737847949194625,,,,,,,,,,,,,,,,,,,,,,,,,,,,,,,,,,,,
Pearson,MR1_validation/results/tables/04_fc_affect/correlations.csv,-0.3375637182467091,0.22888071881569538,95.0,two-sided,fisher_z,ok,l_amyg-post_vmPFC_neg_vs_neu,PA_score,48,,,,0.6550512338688173,,,,0.6898975322623656,-0.05909724788357307,,,,,,,,,,,,,,,,,,,,,,,,,,,,,,,,,,,,
Pearson,MR1_validation/results/tables/04_fc_affect/correlations.csv,-0.24203786584013898,0.3251638186646465,95.0,two-sided,fisher_z,ok,l_amyg-post_vmPFC_neg_vs_neu,NA_score,48,,,,0.6198529072119905,,,,0.760294185576019,0.04520568877249477,,,,,,,,,,,,,,,,,,,,,,,,,,,,,,,,,,,,
Pearson,MR1_validation/results/tables/04_fc_affect/correlations.csv,-0.20602084584776237,0.3586503294989665,95.0,two-sided,fisher_z,ok,l_amyg-post_vmPFC_neg_vs_neu,NA_score_log,48,,,,0.7124832632481046,,,,0.5750334735037906,0.08297076774307532,,,,,,,,,,,,,,,,,,,,,,,,,,,,,,,,,,,,
Pearson,MR1_validation/results/tables/04_fc_affect/sensitivity_neg_condition/correlations.csv,-0.17557798908456074,0.3858645994621438,95.0,two-sided,fisher_z,ok,l_amyg-ant_vmPFC_neg,PA_score,48,,,,0.21968278563615207,,,,0.43936557127230413,0.1142567255654608,,,,,,,,,,,,,,,,,,,,,,,,,,,,,,,,,,,,
Pearson,MR1_validation/results/tables/04_fc_affect/sensitivity_neg_condition/correlations.csv,-0.3078648951890569,0.2600512095700838,95.0,two-sided,fisher_z,ok,l_amyg-ant_vmPFC_neg,NA_score,48,,,,0.4303637208188518,,,,0.8607274416377036,-0.026004985797939792,,,,,,,,,,,,,,,,,,,,,,,,,,,,,,,,,,,,
Pearson,MR1_validation/results/tables/04_fc_affect/sensitivity_neg_condition/correlations.csv,-0.13585233739454156,0.4199661196255825,95.0,two-sided,fisher_z,ok,l_amyg-post_vmPFC_neg,PA_score,48,,,,0.14762136968954923,,,,0.29524273937909845,0.15423592331277222,,,,,,,,,,,,,,,,,,,,,,,,,,,,,,,,,,,,
Pearson,MR1_validation/results/tables/04_fc_affect/sensitivity_neg_condition/correlations.csv,-0.4954888620497195,0.041016079610906364,95.0,two-sided,fisher_z,ok,l_amyg-post_vmPFC_neg,NA_score,48,,,,0.04596355160196909,,,,0.09192710320393818,-0.2459853542900152,,,,,,,,,,,,,,,,,,,,,,,,,,,,,,,,,,,,
Pearson,MR1_validation/results/tables/04_fc_affect/sensitivity_panas/correlations.csv,-0.05417975976756278,0.3075436881553338,95.0,two-sided,fisher_z,ok,l_amyg-ant_vmPFC_neg_vs_neu,RA5SPGP,114,,,,0.08230788299477768,,,,0.16461576598955535,0.13104079353703366,,,,,,,,,,,,,,,,,,,,,,,,,,,,,,,,,,,,
Pearson,MR1_validation/results/tables/04_fc_affect/sensitivity_panas/correlations.csv,-0.2337217633974012,0.1331451551839587,95.0,two-sided,fisher_z,ok,l_amyg-ant_vmPFC_neg_vs_neu,RA5SPGN,114,,,,0.2911845243003795,,,,0.582369048600759,-0.05204406952127953,,,,,,,,,,,,,,,,,,,,,,,,,,,,,,,,,,,,
Pearson,MR1_validation/results/tables/04_fc_affect/sensitivity_panas/correlations.csv,-0.22278253925254066,0.14446329345288805,95.0,two-sided,fisher_z,ok,l_amyg-ant_vmPFC_neg_vs_neu,RA5SPGN_log,114,,,,0.33427789045609757,,,,0.6685557809121951,-0.04052830310586347,,,,,,,,,,,,,,,,,,,,,,,,,,,,,,,,,,,,
Pearson,MR1_validation/results/tables/04_fc_affect/sensitivity_panas/correlations.csv,-0.08051512057845353,0.2833983188777959,95.0,two-sided,fisher_z,ok,l_amyg-post_vmPFC_neg_vs_neu,RA5SPGP,114,,,,0.13321466982681648,,,,0.26642933965363297,0.10495383018809287,,,,,,,,,,,,,,,,,,,,,,,,,,,,,,,,,,,,
Pearson,MR1_validation/results/tables/04_fc_affect/sensitivity_panas/correlations.csv,-0.258250494163354,0.10741413369405338,95.0,two-sided,fisher_z,ok,l_amyg-post_vmPFC_neg_vs_neu,RA5SPGN,114,,,,0.2045888617024274,,,,0.4091777234048548,-0.07804240034632476,,,,,,,,,,,,,,,,,,,,,,,,,,,,,,,,,,,,
Pearson,MR1_validation/results/tables/04_fc_affect/sensitivity_panas/correlations.csv,-0.2721064767017675,0.09265920560100681,95.0,two-sided,fisher_z,ok,l_amyg-post_vmPFC_neg_vs_neu,RA5SPGN_log,114,,,,0.16294283268497772,,,,0.32588566536995545,-0.09283768099235723,,,,,,,,,,,,,,,,,,,,,,,,,,,,,,,,,,,,
Pearson,MR1_validation/results/tables/04_fc_affect/sensitivity_pos_vs_neu/correlations.csv,-0.23905220879820252,0.32799485193419714,95.0,two-sided,fisher_z,ok,l_amyg-ant_vmPFC_pos_vs_neu,PA_score,48,,,,0.7440765450420362,,,,0.7440765450420362,0.04836777499699088,,,,,,,,,,,,,,,,,,,,,,,,,,,,,,,,,,,,
Pearson,MR1_validation/results/tables/04_fc_affect/sensitivity_pos_vs_neu/correlations.csv,-0.41043071642372503,0.1471433234785368,95.0,two-sided,fisher_z,ok,l_amyg-ant_vmPFC_pos_vs_neu,NA_score,48,,,,0.33234654139441744,,,,0.33234654139441744,-0.1429686842586663,,,,,,,,,,,,,,,,,,,,,,,,,,,,,,,,,,,,
Pearson,MR1_validation/results/tables/04_fc_affect/sensitivity_pos_vs_neu/correlations.csv,-0.38105905147314634,0.18103285978265307,95.0,two-sided,fisher_z,ok,l_amyg-post_vmPFC_pos_vs_neu,PA_score,48,,,,0.4621091597552863,,,,0.4621091597552863,-0.10869274496826457,,,,,,,,,,,,,,,,,,,,,,,,,,,,,,,,,,,,
Pearson,MR1_validation/results/tables/04_fc_affect/sensitivity_pos_vs_neu/correlations.csv,-0.1600354507389591,0.39939195955317214,95.0,two-sided,fisher_z,ok,l_amyg-post_vmPFC_pos_vs_neu,NA_score,48,,,,0.378455221530498,,,,0.378455221530498,0.13001106152883496,,,,,,,,,,,,,,,,,,,,,,,,,,,,,,,,,,,,
Pearson,MR1_validation/results/tables/04_fc_affect/sensitivity_right_amygdala/correlations.csv,-0.3183329703487173,0.2491978410383819,95.0,two-sided,fisher_z,ok,r_amyg-ant_vmPFC_neg_vs_neu,PA_score,48,,,,0.7997140099330323,,,,0.7997140099330323,-0.037599088873427736,,,,,,,,,,,,,,,,,,,,,,,,,,,,,,,,,,,,
Pearson,MR1_validation/results/tables/04_fc_affect/sensitivity_right_amygdala/correlations.csv,-0.08011319950492113,0.4653065714013524,95.0,two-sided,fisher_z,ok,r_amyg-ant_vmPFC_neg_vs_neu,NA_score,48,,,,0.15443291226304062,,,,0.15443291226304062,0.20877380412030294,,,,,,,,,,,,,,,,,,,,,,,,,,,,,,,,,,,,
Pearson,MR1_validation/results/tables/04_fc_affect/sensitivity_right_amygdala/correlations.csv,-0.3890459255703364,0.17194773814597836,95.0,two-sided,fisher_z,ok,r_amyg-post_vmPFC_neg_vs_neu,PA_score,48,,,,0.4246206664341557,,,,0.4246206664341557,-0.11794954028016295,,,,,,,,,,,,,,,,,,,,,,,,,,,,,,,,,,,,
Pearson,MR1_validation/results/tables/04_fc_affect/sensitivity_right_amygdala/correlations.csv,-0.1770135863991834,0.38460283621039426,95.0,two-sided,fisher_z,ok,r_amyg-post_vmPFC_neg_vs_neu,NA_score,48,,,,0.44528296606182804,,,,0.44528296606182804,0.11279417384781179,,,,,,,,,,,,,,,,,,,,,,,,,,,,,,,,,,,,
Pearson,MR1_validation/results/tables/05_fc_persistence/correlations.csv,-0.12020745430882178,0.2445490677447285,95.0,two-sided,fisher_z,ok,l_amyg-ant_vmPFC_neg_vs_neu,neg_persist_crossrun_mean_z_L,115,,,,0.7526695503085593,,,,0.4946608993828813,0.06431875533709934,,,,,,,,,,,,,,,,,,,,,,,,,,,,,,,,,,,,
Pearson,MR1_validation/results/tables/05_fc_persistence/correlations.csv,-0.20991968625078797,0.1560261192827211,95.0,two-sided,fisher_z,ok,l_amyg-post_vmPFC_neg_vs_neu,neg_persist_crossrun_mean_z_L,115,,,,0.3836987688096607,,,,0.7673975376193214,-0.027880912690334235,,,,,,,,,,,,,,,,,,,,,,,,,,,,,,,,,,,,
