fc_var,condition,seed_target,affect_var,moderator,n,beta_interaction,se_interaction,t_interaction,p_interaction,beta_fc,p_fc,beta_moderator,p_moderator,r_squared,adj_r_squared,tier
l_amyg-ant_vmPFC_neg,neg,l_amyg-ant_vmPFC,PA_score,C5SER,82,-0.37292053929677227,0.32429085303642646,-1.149957008669879,0.255525518630361,-0.16608397046536627,0.6942203646822279,0.05318888580132411,0.3051033541438654,0.37300996848157975,0.004192302882509047,primary
l_amyg-ant_vmPFC_neg,neg,l_amyg-ant_vmPFC,NA_score,C5SER,82,-0.06086667193567877,0.08300641025889076,-0.733276764358803,0.46674700862412943,-0.11138503838785657,0.3051294041575885,0.010424678181931008,0.43130520402739203,0.33753578443405163,-0.052149048251800334,primary
l_amyg-ant_vmPFC_neg,neg,l_amyg-ant_vmPFC,NA_score_log,C5SER,82,0.4459195487325771,0.7398136480219862,0.6027457724317692,0.5493487921536098,0.1494586230857633,0.876682000595142,-0.05407528030227099,0.6462768086595496,0.3770592000695795,0.010623435404626291,sensitivity
l_amyg-ant_vmPFC_neg,neg,l_amyg-ant_vmPFC,C5SPGP,C5SER,130,-0.6986970488233171,0.1959373509057942,-3.565920665933916,0.0006083515779592523,-0.3426236855519009,0.12394248507042913,0.09803627783100977,0.000973886661871178,0.4598303443885542,0.15022090763565232,sensitivity
l_amyg-ant_vmPFC_neg,neg,l_amyg-ant_vmPFC,C5SPGN,C5SER,130,-0.22399706265706887,0.1533932175307059,-1.4602800975357966,0.14803402536842328,-0.4694956310239451,0.007951678834157977,0.029431955511004353,0.19316685533562505,0.2701708800438696,-0.14814581066269294,sensitivity
l_amyg-ant_vmPFC_neg,neg,l_amyg-ant_vmPFC,C5SPGN_log,C5SER,130,-0.09283446979262759,0.06571546018193966,-1.4126732055989002,0.1615361546172245,-0.2099797761627472,0.0056819527552982455,0.011858096192894067,0.2207624271967994,0.3283915782044122,-0.05655471233696119,sensitivity
l_amyg-ant_vmPFC_neu,neu,l_amyg-ant_vmPFC,PA_score,C5SER,82,0.0039022021130112328,0.13384718229567666,0.029154159587693285,0.9768554306038812,-0.3736585960719586,0.20156804389264307,-0.004823662538191997,0.9539731873251082,0.3746469835777865,0.006792268035307969,sensitivity
l_amyg-ant_vmPFC_neu,neu,l_amyg-ant_vmPFC,NA_score,C5SER,82,0.042644213294383865,0.03414337771164332,1.2489746519671852,0.2173768549923292,0.022127159708070665,0.7651372405088025,0.027171639258930947,0.20604954274304782,0.3437524893842915,-0.04227545803671351,sensitivity
l_amyg-ant_vmPFC_neu,neu,l_amyg-ant_vmPFC,NA_score_log,C5SER,82,0.5634500622030172,0.29608336553731907,1.9030115426460814,0.06269110073718617,0.7213468866004945,0.2641446538329047,0.3662485041012864,0.051866547189857344,0.4158213765653124,0.07218689219196672,sensitivity
l_amyg-ant_vmPFC_neu,neu,l_amyg-ant_vmPFC,C5SPGP,C5SER,130,0.0659788595480175,0.09145103287868313,0.7214665321007753,0.4726746810348703,-0.09043918310926412,0.6490895924220403,0.041380239092067,0.49991143034211494,0.3813183217869588,0.026708091591679084,sensitivity
l_amyg-ant_vmPFC_neu,neu,l_amyg-ant_vmPFC,C5SPGN,C5SER,130,0.025324267742648794,0.06971783179280285,0.36323946243639615,0.7173607432108446,-0.05517486031866359,0.7156924421891888,0.013518636246018692,0.7722520158263688,0.20733273558535392,-0.24700094035962628,sensitivity
l_amyg-ant_vmPFC_neu,neu,l_amyg-ant_vmPFC,C5SPGN_log,C5SER,130,0.010133131019571818,0.029963350293085556,0.3381841790205341,0.7360887267033236,-0.03174310170602325,0.6259730750493373,0.00495073624724999,0.8051861383847889,0.2658985616328212,-0.15486689694348854,sensitivity
l_amyg-ant_vmPFC_pos,pos,l_amyg-ant_vmPFC,PA_score,C5SER,82,0.5537307100483644,0.31169091407732247,1.7765378618351322,0.08160925372312988,0.251429814870319,0.5409863939530106,0.05800701471144534,0.11596709151144406,0.40247555056461704,0.05099058030850945,sensitivity
l_amyg-ant_vmPFC_pos,pos,l_amyg-ant_vmPFC,NA_score,C5SER,82,-0.04519226502568961,0.08184192390897095,-0.5521896708581157,0.5832303280388633,0.011375749473206742,0.9159582775522246,-0.0043106343970575264,0.6527704941457837,0.33563464602914506,-0.05516850336547541,sensitivity
l_amyg-ant_vmPFC_pos,pos,l_amyg-ant_vmPFC,NA_score_log,C5SER,82,-0.573429657352397,0.7228828387399905,-0.7932539363528183,0.4313050260382154,-0.043295649075186265,0.9637304351190581,-0.049664674337679085,0.5575627705179185,0.3864441726607607,0.025528980108267096,sensitivity
l_amyg-ant_vmPFC_pos,pos,l_amyg-ant_vmPFC,C5SPGP,C5SER,130,0.09855033288040588,0.19639940049367802,0.5017853039911807,0.6171632053168181,0.0031111057516908236,0.9885528940381083,0.012772581069064416,0.6670762267713333,0.37711413072193933,0.02009418125768503,sensitivity
l_amyg-ant_vmPFC_pos,pos,l_amyg-ant_vmPFC,C5SPGN,C5SER,130,-0.031071589822497886,0.1494535766516668,-0.20790127957202925,0.8358215414938862,-0.03160272490755553,0.8481349742637574,-0.0074445920280104445,0.7417338487566447,0.20484106694123916,-0.2509207605436603,sensitivity
l_amyg-ant_vmPFC_pos,pos,l_amyg-ant_vmPFC,C5SPGN_log,C5SER,130,-0.009655167172727866,0.0642746188307299,-0.15021741627368004,0.8809619736741332,-0.014904268745597485,0.8336716813518359,-0.0029685564194945335,0.7599251950445414,0.26261807199028164,-0.16002766723480089,sensitivity
l_amyg-ant_vmPFC_neg_vs_neu,neg_vs_neu,l_amyg-ant_vmPFC,PA_score,C5SER,82,-0.0529394402465575,0.10972747414898482,-0.48246294428210246,0.6315415003347868,0.4003117740415931,0.1205421546298035,0.032906914971822465,0.7015861432247701,0.39301133299288094,0.03595917592986975,sensitivity
l_amyg-ant_vmPFC_neg_vs_neu,neg_vs_neu,l_amyg-ant_vmPFC,NA_score,C5SER,82,-0.03457689373327768,0.028349978660219176,-1.2196444359866887,0.22821014680757035,-0.05809401464235443,0.3793227174422379,0.027873335781370037,0.2122210267085638,0.3465637678478093,-0.03781048635936157,sensitivity
l_amyg-ant_vmPFC_neg_vs_neu,neg_vs_neu,l_amyg-ant_vmPFC,NA_score_log,C5SER,82,-0.3278160382987694,0.24976058066276302,-1.3125211249464543,0.19522061328033297,-0.6996739241810666,0.23094865605110398,0.27308433306374313,0.1661102900031597,0.3996445332383145,0.04649425867261725,sensitivity
l_amyg-ant_vmPFC_neg_vs_neu,neg_vs_neu,l_amyg-ant_vmPFC,C5SPGP,C5SER,130,-0.14280776238280665,0.07448509698555573,-1.9172662473742923,0.058686491006630224,0.13336999112523928,0.47004055819195856,0.11210747046891183,0.06693553302142227,0.4078552783094601,0.06845525490146764,sensitivity
l_amyg-ant_vmPFC_neg_vs_neu,neg_vs_neu,l_amyg-ant_vmPFC,C5SPGN,C5SER,130,-0.03158283731883184,0.05706901198880659,-0.55341482563298,0.5814852110727561,-0.24445428744415498,0.08627482890432543,0.02433776387295598,0.6002355106203632,0.23369272515119788,-0.2055321762865303,sensitivity
l_amyg-ant_vmPFC_neg_vs_neu,neg_vs_neu,l_amyg-ant_vmPFC,C5SPGN_log,C5SER,130,-0.012183517134441237,0.024535167906322267,-0.49657361958797785,0.6208183802873792,-0.10663059053806578,0.08186335196647952,0.00904405105034244,0.6504958873388497,0.2898461221170545,-0.11719329569390213,sensitivity
l_amyg-ant_vmPFC_neg_vs_pos,neg_vs_pos,l_amyg-ant_vmPFC,PA_score,C5SER,82,-0.36313406741085197,0.19242175232721653,-1.8871778425202999,0.06483400430435542,0.011252014339284522,0.9698659461736983,0.09267351942406424,0.08403894821614465,0.4187961361029908,0.07691151028122079,sensitivity
l_amyg-ant_vmPFC_neg_vs_pos,neg_vs_pos,l_amyg-ant_vmPFC,NA_score,C5SER,82,-0.004616889856593878,0.050833271614313814,-0.09082417302634989,0.9279880893406187,-0.08545800428709957,0.28022930348821695,0.0022192793072742627,0.8737202687119828,0.34586979038861576,-0.03891268585337482,sensitivity
l_amyg-ant_vmPFC_neg_vs_pos,neg_vs_pos,l_amyg-ant_vmPFC,NA_score_log,C5SER,82,0.4023071752802799,0.44968906379283724,0.8946341098159656,0.37518556128112,-0.20914046118364965,0.7639353955712247,-0.09239186618587378,0.45567127165020127,0.3940236503940219,0.037566974155211263,sensitivity
l_amyg-ant_vmPFC_neg_vs_pos,neg_vs_pos,l_amyg-ant_vmPFC,C5SPGP,C5SER,130,-0.3379282485157067,0.1305263053997269,-2.5889666261588196,0.011386577900594762,-0.08667019402221077,0.646474872527414,0.09605322389349696,0.014210871141922902,0.4242234150035151,0.0942051284811396,sensitivity
l_amyg-ant_vmPFC_neg_vs_pos,neg_vs_pos,l_amyg-ant_vmPFC,C5SPGN,C5SER,130,-0.06929642457392493,0.10079345885141824,-0.687509143585163,0.49370199078127064,-0.2977675728029788,0.04373978241987609,0.017599190053191473,0.553843063343053,0.24310478427599813,-0.1907254003462957,sensitivity
l_amyg-ant_vmPFC_neg_vs_pos,neg_vs_pos,l_amyg-ant_vmPFC,C5SPGN_log,C5SER,130,-0.029720649906321756,0.04323965307275803,-0.687347094490137,0.4938035442678529,-0.13388125378834365,0.034774057815358125,0.007244825650930667,0.5699426835957608,0.30159455378236755,-0.09871100685456824,sensitivity
l_amyg-post_vmPFC_neg,neg,l_amyg-post_vmPFC,PA_score,C5SER,82,-0.0151798041646935,0.30044343708656435,-0.05052466551406102,0.959901660434644,-0.011866276593873626,0.9793304810887111,-0.001944119580805967,0.9750118673744694,0.3517188280620458,-0.02962303778380959,primary
l_amyg-post_vmPFC_neg,neg,l_amyg-post_vmPFC,NA_score,C5SER,82,-0.08554363936768977,0.07539625123095026,-1.1345874359940855,0.26185287095373727,-0.07289516393289609,0.5267589848608953,0.018243640833764497,0.24463741801229663,0.3416067162907779,-0.04568345059699985,primary
l_amyg-post_vmPFC_neg,neg,l_amyg-post_vmPFC,NA_score_log,C5SER,82,-0.01592858173115569,0.6771417850475009,-0.023523259209352016,0.9813246838977907,-0.18923582679940498,0.8545699994925686,0.018960377876847095,0.8921930643602242,0.37135125351557563,0.001557873230620177,sensitivity
l_amyg-post_vmPFC_neg,neg,l_amyg-post_vmPFC,C5SPGP,C5SER,130,-0.48535943888518585,0.17311183074143363,-2.8037334987817037,0.006303882487436593,-0.3128192830172799,0.20773980896710356,0.10721343038698956,0.007895364405608065,0.4297988950604471,0.1029763105219228,sensitivity
l_amyg-post_vmPFC_neg,neg,l_amyg-post_vmPFC,C5SPGN,C5SER,130,-0.19935238730390908,0.1320553585708511,-1.5096122524778228,0.1349861975053832,-0.5033910485776564,0.008927855481370825,0.04234764293996663,0.16229625648366847,0.2685245291381536,-0.15073580172168533,sensitivity
l_amyg-post_vmPFC_neg,neg,l_amyg-post_vmPFC,C5SPGN_log,C5SER,130,-0.08634152201336187,0.056561305882093314,-1.5265121741239118,0.13073047643243463,-0.22641523857669965,0.006141638980902576,0.01805160419811056,0.16428538203051998,0.32718026969143776,-0.058460307436640546,sensitivity
l_amyg-post_vmPFC_neu,neu,l_amyg-post_vmPFC,PA_score,C5SER,82,-0.1761000235354313,0.16236064786260035,-1.0846225723640748,0.28318959451706277,-0.2924160752724101,0.46819350678992855,-0.09152722399067806,0.25488506462177096,0.3679903339402494,-0.0037800578596038914,sensitivity
l_amyg-post_vmPFC_neu,neu,l_amyg-post_vmPFC,NA_score,C5SER,82,0.06855484121826545,0.04061972584336039,1.6877228931241364,0.09757177292206325,0.10399559154468138,0.30371503084558893,0.034438922252806384,0.08934031544117174,0.36205378354435314,-0.013208696723674418,sensitivity
l_amyg-post_vmPFC_neu,neu,l_amyg-post_vmPFC,NA_score_log,C5SER,82,0.9927236712973643,0.34234151484939596,2.8998051017390827,0.0054959827036776985,1.3817475919979425,0.10758998496654726,0.5018057538669529,0.00423679592965673,0.4635958044590607,0.14806392472909646,sensitivity
l_amyg-post_vmPFC_neu,neu,l_amyg-post_vmPFC,C5SPGP,C5SER,130,0.0703076912429938,0.11142802725362302,0.6309695412893328,0.5298152402959095,-0.22966111770475928,0.40065035317110587,0.032630226583850314,0.5660620148052902,0.38386479118745775,0.03071412272173224,sensitivity
l_amyg-post_vmPFC_neu,neu,l_amyg-post_vmPFC,C5SPGN,C5SER,130,0.06023697323157402,0.08442647558915996,0.7134843994282313,0.47757183535895176,0.2328572866693897,0.261529213499258,0.028606308385487382,0.5068392538973918,0.2202459898181207,-0.22668618674954177,sensitivity
l_amyg-post_vmPFC_neu,neu,l_amyg-post_vmPFC,C5SPGN_log,C5SER,130,0.025206886305604647,0.0364533785399174,0.6914828560541364,0.4912152970986313,0.06905597966909588,0.43967641511790123,0.011489792599492319,0.5368590533920968,0.2711334470118578,-0.14663152848134575,sensitivity
l_amyg-post_vmPFC_pos,pos,l_amyg-post_vmPFC,PA_score,C5SER,82,0.6715167725317166,0.3453693343823931,1.9443439404733396,0.05737952593953578,0.19358907966493388,0.6591413799018779,0.09121801180798204,0.07517115105426893,0.4132472235437463,0.06809853151065592,sensitivity
l_amyg-post_vmPFC_pos,pos,l_amyg-post_vmPFC,NA_score,C5SER,82,0.02752064228489079,0.08949723578098075,0.30750270714773587,0.7597130206204925,0.16983758774766589,0.13922858481927874,0.0049411116730312885,0.7057345732697524,0.36458893859667907,-0.009182273993509682,sensitivity
l_amyg-post_vmPFC_pos,pos,l_amyg-post_vmPFC,NA_score_log,C5SER,82,-0.04358026066895171,0.7944250722289453,-0.054857609851961364,0.9564662440270117,1.2486835177277604,0.21911956869699012,0.010654420049850094,0.9268689359819349,0.40734172719053274,0.05871921377319911,sensitivity
l_amyg-post_vmPFC_pos,pos,l_amyg-post_vmPFC,C5SPGP,C5SER,130,0.06734210353585124,0.20475979687182183,0.32888342616400873,0.7430822851443397,0.005066330336495284,0.9831145593512641,0.008568841018650158,0.7888822264393713,0.3757755950114342,0.01798843605457323,sensitivity
l_amyg-post_vmPFC_pos,pos,l_amyg-post_vmPFC,C5SPGN,C5SER,130,0.02051151548716454,0.15501197018734839,0.1323221391378627,0.8950536531307658,0.15148286391916377,0.4042136818407631,0.00038633984655260176,0.9872739633970573,0.2113306016515204,-0.2407116144750472,sensitivity
l_amyg-post_vmPFC_pos,pos,l_amyg-post_vmPFC,C5SPGN_log,C5SER,130,0.016867397107517543,0.06661119132702092,0.25322166998498435,0.8007306892451479,0.07170305195931903,0.35841866780508214,0.0010857754336883185,0.9169195347595568,0.269818084017481,-0.14870081904567023,sensitivity
l_amyg-post_vmPFC_neg_vs_neu,neg_vs_neu,l_amyg-post_vmPFC,PA_score,C5SER,82,0.10627713443286879,0.12959438064896156,0.8200751753330008,0.41598966148445005,0.16895035418751814,0.5811190822361851,-0.07895476782198668,0.3834629152673279,0.3612408000978087,-0.014499905727009654,sensitivity
l_amyg-post_vmPFC_neg_vs_neu,neg_vs_neu,l_amyg-post_vmPFC,NA_score,C5SER,82,-0.060614986380079866,0.03210502944405992,-1.88802151655696,0.06471827333263146,-0.0499256081559457,0.5107143075100535,0.042694550270972575,0.06060169785536346,0.36779359215455254,-0.004092530107475234,sensitivity
l_amyg-post_vmPFC_neg_vs_neu,neg_vs_neu,l_amyg-post_vmPFC,NA_score_log,C5SER,82,-0.6113892839363334,0.2801928269273905,-2.1820304632379814,0.0337393632684642,-0.9372891986539077,0.16029169068678872,0.4405167904248866,0.027555253095626963,0.4299804987702245,0.09467490981153304,sensitivity
l_amyg-post_vmPFC_neg_vs_neu,neg_vs_neu,l_amyg-post_vmPFC,C5SPGP,C5SER,130,-0.13032015843818456,0.07857400012264015,-1.658565915376305,0.1010239149677082,0.1386650492875111,0.5053678810773998,0.09224613651524177,0.11360293684570262,0.40059314203827323,0.057030674669966364,sensitivity
l_amyg-post_vmPFC_neg_vs_neu,neg_vs_neu,l_amyg-post_vmPFC,C5SPGN,C5SER,130,-0.053292460977114556,0.0575946561257357,-0.9253021818685928,0.35752390553608204,-0.4706058573659518,0.00267163575788862,0.038798467042152424,0.3614795192647553,0.2900275215699186,-0.11690792338390854,sensitivity
l_amyg-post_vmPFC_neg_vs_neu,neg_vs_neu,l_amyg-post_vmPFC,C5SPGN_log,C5SER,130,-0.02179536523251827,0.02491388434922724,-0.8748280648253992,0.3842226456318574,-0.19223085662864434,0.004453329720687241,0.01549617358732485,0.3992908567447566,0.33391113104453973,-0.04787151335676065,sensitivity
l_amyg-post_vmPFC_neg_vs_pos,neg_vs_pos,l_amyg-post_vmPFC,PA_score,C5SER,82,-0.279462787325685,0.2229973659622691,-1.2532111584357002,0.21584407291390337,0.020231463495312352,0.9501805914408594,0.09150856098649401,0.24540093784788974,0.382783325211587,0.019714692983108795,sensitivity
l_amyg-post_vmPFC_neg_vs_pos,neg_vs_pos,l_amyg-post_vmPFC,NA_score,C5SER,82,-0.06318291229886916,0.05674524376670983,-1.1134486012365332,0.27073621889134875,-0.12890669785071118,0.1220975844035675,0.02296722624895154,0.25183403798925985,0.35546717956767393,-0.023669773627811974,sensitivity
l_amyg-post_vmPFC_neg_vs_pos,neg_vs_pos,l_amyg-post_vmPFC,NA_score_log,C5SER,82,0.048320175543879296,0.5020548652920185,0.09624481084507373,0.9237033508909913,-0.9260649698552815,0.20754038595292076,0.0010401970093781715,0.9952891834149378,0.4027565371592504,0.051436853135280125,sensitivity
l_amyg-post_vmPFC_neg_vs_pos,neg_vs_pos,l_amyg-post_vmPFC,C5SPGP,C5SER,130,-0.26888345592637924,0.12438455686881152,-2.161710928551772,0.03355578834684754,-0.11470315549731883,0.5374086514642569,0.09954799515573512,0.038420413078468135,0.4089451580808182,0.07016982185884812,sensitivity
l_amyg-post_vmPFC_neg_vs_pos,neg_vs_pos,l_amyg-post_vmPFC,C5SPGN,C5SER,130,-0.09655150000130747,0.09326791804963121,-1.035205910245889,0.3036160654827011,-0.3690655382222003,0.009457858406134242,0.03421362773821019,0.3376382348517245,0.2673904573494874,-0.15251989026726975,sensitivity
l_amyg-post_vmPFC_neg_vs_pos,neg_vs_pos,l_amyg-post_vmPFC,C5SPGN_log,C5SER,130,-0.04464962416885197,0.0398887899070983,-1.119352687129435,0.2662578432126199,-0.1685073685550654,0.005733066279537592,0.015600526863955844,0.30683513739603013,0.3281352088400895,-0.05695802511742021,sensitivity
r_amyg-ant_vmPFC_neg,neg,r_amyg-ant_vmPFC,PA_score,C5SER,82,0.11281209625954142,0.10863413486581008,1.0384590110547862,0.30395493321783146,0.011269537016704911,0.970506541703168,-0.10024726570400577,0.28480800279414675,0.3659272988882899,-0.007056642942127711,secondary
r_amyg-ant_vmPFC_neg,neg,r_amyg-ant_vmPFC,NA_score,C5SER,82,-0.055021549356538066,0.026795519687142926,-2.053386163021074,0.04518045911654982,-0.07718513687448723,0.30708657532987915,0.04796781169367983,0.040977765710836674,0.3778734648385875,0.011916679449521461,secondary
r_amyg-ant_vmPFC_neg,neg,r_amyg-ant_vmPFC,NA_score_log,C5SER,82,-0.6718771301350327,0.22839381814403475,-2.9417483169851764,0.004898707685482993,-0.15789039861889909,0.8054392639617043,0.583444986635232,0.004258715034473676,0.4649603271284698,0.15023110779227555,sensitivity
r_amyg-ant_vmPFC_neg,neg,r_amyg-ant_vmPFC,C5SPGP,C5SER,130,-0.13072990078192398,0.07497427383648822,-1.743663447371741,0.08496560692917156,-0.020718705259780645,0.9252142925915882,0.10946195134555184,0.09234474744187153,0.3973594838071207,0.051943578184372785,sensitivity
r_amyg-ant_vmPFC_neg,neg,r_amyg-ant_vmPFC,C5SPGN,C5SER,130,-0.0424784014613868,0.05612723888982042,-0.7568232876157203,0.4513248327754039,-0.3838429156700274,0.022257400118249816,0.03698195327619791,0.4443445411704602,0.2554492590826821,-0.17130543388212205,sensitivity
r_amyg-ant_vmPFC_neg,neg,r_amyg-ant_vmPFC,C5SPGN_log,C5SER,130,-0.016716332482201765,0.024199695924153233,-0.6907662201456642,0.49166325090189533,-0.15919560676181335,0.027701299066784875,0.014219766717347237,0.49500760603915694,0.30603284660301755,-0.09172881449037495,sensitivity
r_amyg-ant_vmPFC_neu,neu,r_amyg-ant_vmPFC,PA_score,C5SER,82,0.28098256916933056,0.2321550300982317,1.2103229856808981,0.23173467893232572,-0.1326493249954639,0.7419826007261295,-0.07618024640204804,0.2163054960027845,0.4094364006931708,0.06204604815974191,sensitivity
r_amyg-ant_vmPFC_neu,neu,r_amyg-ant_vmPFC,NA_score,C5SER,82,-0.08651685019709213,0.06046953089787574,-1.4307511388372853,0.15860055928933964,-0.07180840717336333,0.4945872372583605,0.023175777017621236,0.14981435197457246,0.35385260336434843,-0.026234100538975902,sensitivity
r_amyg-ant_vmPFC_neu,neu,r_amyg-ant_vmPFC,NA_score_log,C5SER,82,-0.9641755724889438,0.5290318166146044,-1.8225285175831651,0.07423997146423078,-0.8181514904710345,0.37448820903960645,0.26475898095919564,0.06185012475372736,0.4145565881936093,0.07017811066043833,sensitivity
r_amyg-ant_vmPFC_neu,neu,r_amyg-ant_vmPFC,C5SPGP,C5SER,130,-0.35240644348055306,0.16273181713245433,-2.165565712289162,0.033249605626450095,-0.29983453551191197,0.2301364817006418,0.09079658796072569,0.03868440962052388,0.4087148061514254,0.0698074389455351,sensitivity
r_amyg-ant_vmPFC_neu,neu,r_amyg-ant_vmPFC,C5SPGN,C5SER,130,-0.026844601140027166,0.12694254303100375,-0.2114704849852487,0.8330448608313428,-0.09692993194738146,0.6176883454891133,0.004449112266763092,0.895311443412848,0.20680567515514903,-0.2478300964022655,sensitivity
r_amyg-ant_vmPFC_neu,neu,r_amyg-ant_vmPFC,C5SPGN_log,C5SER,130,-0.0075678392972636024,0.054562032260265465,-0.1387015656081939,0.8900260477940878,-0.04550526356517633,0.5856905273574293,0.0005873679351485923,0.9677590950457785,0.2652857908069596,-0.15583089007197826,sensitivity
r_amyg-ant_vmPFC_pos,pos,r_amyg-ant_vmPFC,PA_score,C5SER,82,0.2652111365039169,0.18029612262964734,1.4709752635595859,0.14744134602263972,0.1292006187475867,0.7128283831730149,-0.10657069297555419,0.1335297636125656,0.38373812891237336,0.021231145919651806,sensitivity
r_amyg-ant_vmPFC_pos,pos,r_amyg-ant_vmPFC,NA_score,C5SER,82,-0.09008178699120836,0.04530221743413575,-1.9884630840019475,0.05213968674955588,-0.11975754703280753,0.17813589042885972,0.0355957048084938,0.047936499671883105,0.37254965062557277,0.003461209817086197,sensitivity
r_amyg-ant_vmPFC_pos,pos,r_amyg-ant_vmPFC,NA_score_log,C5SER,82,-0.7214925064718534,0.4009037683597424,-1.7996650653192103,0.07783040995367492,-0.2794907125298982,0.7202813922717985,0.2914263180039691,0.06652435044741045,0.41832062946958615,0.07615629386346046,sensitivity
r_amyg-ant_vmPFC_pos,pos,r_amyg-ant_vmPFC,C5SPGP,C5SER,130,-0.27370662648620414,0.12517169383502322,-2.1866495379294824,0.03161764713502741,-0.31863317500788585,0.16241849419314397,0.11096761336270684,0.0349129985046266,0.4109831945620557,0.07337600120128263,sensitivity
r_amyg-ant_vmPFC_pos,pos,r_amyg-ant_vmPFC,C5SPGN,C5SER,130,-0.04461489758099596,0.09683463398858534,-0.4607328570711081,0.6462098884275331,-0.24308093510625528,0.1682538371503198,0.016268886054418247,0.6854338838307333,0.2228765540427512,-0.22254786010347694,sensitivity
r_amyg-ant_vmPFC_pos,pos,r_amyg-ant_vmPFC,C5SPGN_log,C5SER,130,-0.014155801239660705,0.04162493642698031,-0.34007982845795404,0.7346660280337767,-0.10472176797467259,0.1673219847495522,0.004641244751517594,0.7880048273293417,0.2800407748055176,-0.132618781098637,sensitivity
r_amyg-ant_vmPFC_neg_vs_neu,neg_vs_neu,r_amyg-ant_vmPFC,PA_score,C5SER,82,0.02833842471401038,0.14506351720956465,0.1953518380026009,0.8458937386148118,0.47523857177688716,0.11915218384326655,-0.024520845536867897,0.7773705428222409,0.38432651762217207,0.022165645635214504,sensitivity
r_amyg-ant_vmPFC_neg_vs_neu,neg_vs_neu,r_amyg-ant_vmPFC,NA_score,C5SER,82,-0.06280168775677111,0.03641669629997633,-1.7245300682811235,0.09066890883489125,-0.12414376400412075,0.10523651601396031,0.03847247138926897,0.08161150609376237,0.37427565571710497,0.006202512021284412,sensitivity
r_amyg-ant_vmPFC_neg_vs_neu,neg_vs_neu,r_amyg-ant_vmPFC,NA_score_log,C5SER,82,-0.8078762862767522,0.31594925843749305,-2.556981112321811,0.013576865688396535,-0.7518875643352139,0.254958401923089,0.49488898362562905,0.01114519884492438,0.44245543890567474,0.11448805002665996,sensitivity
r_amyg-ant_vmPFC_neg_vs_neu,neg_vs_neu,r_amyg-ant_vmPFC,C5SPGP,C5SER,130,-0.11105109636814126,0.10610335737455562,-1.0466313141828267,0.2983450207972741,-0.015167234406710972,0.9480477082706871,0.06386701257721975,0.3143607149623025,0.3831656790200878,0.02961429992184539,sensitivity
r_amyg-ant_vmPFC_neg_vs_neu,neg_vs_neu,r_amyg-ant_vmPFC,C5SPGN,C5SER,130,-0.07624673056504888,0.07918726323343785,-0.9628660904756804,0.3384456292309228,-0.3308982231448751,0.059554775112342834,0.044107201613270496,0.3516349026032799,0.24258465679487096,-0.19154364967636162,sensitivity
r_amyg-ant_vmPFC_neg_vs_neu,neg_vs_neu,r_amyg-ant_vmPFC,C5SPGN_log,C5SER,130,-0.032597326686086434,0.03419708938053949,-0.9532193317199846,0.34328044320892126,-0.1274430370641072,0.09218146674988123,0.018453456850508438,0.36678607153592735,0.29177073020736066,-0.11416555857622535,sensitivity
r_amyg-ant_vmPFC_neg_vs_pos,neg_vs_pos,r_amyg-ant_vmPFC,PA_score,C5SER,82,0.02264646131136372,0.18625769270554174,0.12158671667411844,0.9037041457547593,0.12346500232640867,0.6845301021638129,-0.016253901350978706,0.8531043982832707,0.3539437115354487,-0.026089399326052032,sensitivity
r_amyg-ant_vmPFC_neg_vs_pos,neg_vs_pos,r_amyg-ant_vmPFC,NA_score,C5SER,82,-0.06986583729161441,0.046405923997913406,-1.5055370364946479,0.13835493490972534,-0.07645547309256649,0.3146125282914425,0.03356196127930789,0.12917598220587612,0.3532496232043285,-0.027191774910772404,sensitivity
r_amyg-ant_vmPFC_neg_vs_pos,neg_vs_pos,r_amyg-ant_vmPFC,NA_score_log,C5SER,82,-1.0984018729746299,0.390986347469946,-2.8093100438988112,0.00702200946710938,-1.156875039053639,0.07402094983044379,0.5300505777218716,0.005628528590123167,0.4565295103332673,0.1368409869998951,sensitivity
r_amyg-ant_vmPFC_neg_vs_pos,neg_vs_pos,r_amyg-ant_vmPFC,C5SPGP,C5SER,130,-0.11684583503244217,0.13349794949707625,-0.8752631442852328,0.3839873211324454,0.042424063416658275,0.8341059311087382,0.04969690805620211,0.408084746595771,0.382969356545508,0.02930545115086014,sensitivity
r_amyg-ant_vmPFC_neg_vs_pos,neg_vs_pos,r_amyg-ant_vmPFC,C5SPGN,C5SER,130,-0.12542655906965444,0.10087514238731819,-1.2433842084511675,0.21726949300668205,-0.16440467540190126,0.28440119732696195,0.0534954534124122,0.23961034623634261,0.22332555141035138,-0.22184151058615464,sensitivity
r_amyg-ant_vmPFC_neg_vs_pos,neg_vs_pos,r_amyg-ant_vmPFC,C5SPGN_log,C5SER,130,-0.0547657628465109,0.04340737761986138,-1.2616694637976102,0.2106449250888102,-0.06381292042853438,0.33393111054955016,0.02302088202907301,0.23958277392065383,0.27894241685577825,-0.13434668567810504,sensitivity
r_amyg-post_vmPFC_neg,neg,r_amyg-post_vmPFC,PA_score,C5SER,82,0.14944745351775715,0.12258444230016145,1.2191388296389085,0.22840030759627403,0.06685243940856578,0.8060140032268285,-0.1156201611576919,0.21134000808191378,0.3706405105196314,0.00042904611941463333,secondary
r_amyg-post_vmPFC_neg,neg,r_amyg-post_vmPFC,NA_score,C5SER,82,-0.06214254854972467,0.030201493132107453,-2.0575985524258873,0.04475815383051012,-0.10519006473115611,0.12108865204314352,0.04735693083365607,0.04029628498984788,0.3839260806710618,0.021529657536392355,secondary
r_amyg-post_vmPFC_neg,neg,r_amyg-post_vmPFC,NA_score_log,C5SER,82,-0.5515845193892286,0.26961601337358937,-2.045815129774706,0.04594817682506885,-0.33366668268399646,0.5778146569590712,0.4242613408300941,0.03962335811125311,0.418793717730074,0.0769076693359999,sensitivity
r_amyg-post_vmPFC_neg,neg,r_amyg-post_vmPFC,C5SPGP,C5SER,130,-0.12750264375782905,0.0805846812945815,-1.5822193710953139,0.11744913156281114,-0.16290910509369266,0.4393031434311667,0.09644598527776878,0.12336316738810593,0.39480395957950565,0.04792330226531982,sensitivity
r_amyg-post_vmPFC_neg,neg,r_amyg-post_vmPFC,C5SPGN,C5SER,130,-0.014392246452100403,0.06037870048827843,-0.23836628373435148,0.8121916812548713,-0.35295590991896025,0.027310172979568042,0.01068665517535021,0.8184845878875806,0.251017329458185,-0.17827761585236757,sensitivity
r_amyg-post_vmPFC_neg,neg,r_amyg-post_vmPFC,C5SPGN_log,C5SER,130,-0.003949410164404685,0.02591122089479207,-0.15242084425278787,0.8792294357843379,-0.1559311719602287,0.02320237696159576,0.00261454718815644,0.895894813979554,0.3084045093386819,-0.08799778408914682,sensitivity
r_amyg-post_vmPFC_neu,neu,r_amyg-post_vmPFC,PA_score,C5SER,82,0.3410257608718634,0.24321748315586456,1.4021432852889073,0.1669300172219761,0.08728567730135373,0.8124253788469747,-0.08105131823918663,0.14603911594620028,0.3820060616691269,0.018480215592142746,sensitivity
r_amyg-post_vmPFC_neu,neu,r_amyg-post_vmPFC,NA_score,C5SER,82,-0.12113458092819865,0.0602726935372749,-2.0097754691066605,0.049759648932470965,-0.19193630122933958,0.03919652564419528,0.02805086401885443,0.04436003418573091,0.38795443323545664,0.027927629256313535,sensitivity
r_amyg-post_vmPFC_neu,neu,r_amyg-post_vmPFC,NA_score_log,C5SER,82,-0.307720668679177,0.5600530661434072,-0.5494491277374456,0.5850952992938557,-0.35815586311743597,0.6725890580936901,0.08448423588842632,0.5070003309355189,0.3744473700613885,0.006475234803381857,sensitivity
r_amyg-post_vmPFC_neu,neu,r_amyg-post_vmPFC,C5SPGP,C5SER,130,-0.4507575378795062,0.17034578118104346,-2.6461326764555513,0.009758276833297275,-0.4922704105035648,0.03702591160187521,0.09687307324005329,0.011748543309536811,0.4329171085030845,0.10788179264509634,sensitivity
r_amyg-post_vmPFC_neu,neu,r_amyg-post_vmPFC,C5SPGN,C5SER,130,0.13872556248712062,0.13483018800404803,1.0288909667837565,0.30655631136285577,-0.010935019612715757,0.9527001164113788,-0.032875249618433876,0.2723824410388365,0.2168026407703032,-0.2321031626906207,sensitivity
r_amyg-post_vmPFC_neu,neu,r_amyg-post_vmPFC,C5SPGN_log,C5SER,130,0.051230393195215315,0.05794627605784134,0.8841015623519568,0.37922628872072184,-0.03058334995515795,0.6996145093740447,-0.012571478567688029,0.3283929081128971,0.2746958711673594,-0.14102722706598336,sensitivity
r_amyg-post_vmPFC_pos,pos,r_amyg-post_vmPFC,PA_score,C5SER,82,0.30437700559586767,0.18069910709357553,1.6844411159057093,0.0982077062218063,-0.02622845114307104,0.927921466085512,-0.09926089774613511,0.08726026642173353,0.4050255527515686,0.05504058378190313,sensitivity
r_amyg-post_vmPFC_pos,pos,r_amyg-post_vmPFC,NA_score,C5SER,82,-0.08650401099089738,0.046375612472170834,-1.8652909660828065,0.06789833248572481,-0.060848158418171594,0.41503839845130996,0.02780011252725615,0.06273076657627892,0.36800515090269414,-0.0037565250368973846,sensitivity
r_amyg-post_vmPFC_pos,pos,r_amyg-post_vmPFC,NA_score_log,C5SER,82,-0.6648517065412216,0.40186661292624015,-1.6544089136940832,0.10418693654946244,0.3452595614456415,0.5928586208701241,0.22042916501900428,0.08771016337469459,0.4382268027337789,0.10777198081247241,sensitivity
r_amyg-post_vmPFC_pos,pos,r_amyg-post_vmPFC,C5SPGP,C5SER,130,-0.3167036065029461,0.11576168247665779,-2.7358241494702384,0.007625514563628522,-0.4582451630848996,0.01941966048708353,0.10891449783122026,0.008813522414212353,0.4393509891245271,0.11800338533004862,sensitivity
r_amyg-post_vmPFC_pos,pos,r_amyg-post_vmPFC,C5SPGN,C5SER,130,0.0014556429853718744,0.09258991209306607,0.015721399367014686,0.9874948438862474,-0.10049160050135025,0.5151166100067581,-0.003005308446036324,0.9264674324833824,0.2093179182364865,-0.24387790911577123,sensitivity
r_amyg-post_vmPFC_pos,pos,r_amyg-post_vmPFC,C5SPGN_log,C5SER,130,0.004544414571085724,0.03985610804555548,0.11402053020057715,0.9095002320135479,-0.03271725627282593,0.6223184186292136,-0.0029878198069276073,0.8312269943112849,0.26542442823769785,-0.1556127897236217,sensitivity
r_amyg-post_vmPFC_neg_vs_neu,neg_vs_neu,r_amyg-post_vmPFC,PA_score,C5SER,82,0.129057628656002,0.17050858816850564,0.7568981131229613,0.4525935777385328,0.27674753938713365,0.4359033682708524,-0.07299302538229586,0.4161514793523696,0.3615039838580878,-0.014081907990095788,sensitivity
r_amyg-post_vmPFC_neg_vs_neu,neg_vs_neu,r_amyg-post_vmPFC,NA_score,C5SER,82,-0.06203231943756777,0.042824734621439944,-1.4485161434371543,0.15359342034537796,-0.05795250339922771,0.5155640490921841,0.03304544658674485,0.14563977861261745,0.35046440331925865,-0.03161535943411864,sensitivity
r_amyg-post_vmPFC_neg_vs_neu,neg_vs_neu,r_amyg-post_vmPFC,NA_score_log,C5SER,82,-0.8871641671730006,0.36645677520014464,-2.4209244506080303,0.01907915040476738,-0.6925701736714261,0.36479884002023066,0.4756537354584471,0.01625151031579985,0.4369823020793644,0.10579542094957883,sensitivity
r_amyg-post_vmPFC_neg_vs_neu,neg_vs_neu,r_amyg-post_vmPFC,C5SPGP,C5SER,130,-0.0573786139199777,0.1108904485845277,-0.5174351321722727,0.6062455066530854,0.11665975538928719,0.6241499608225083,0.028887738519056724,0.6371693107374621,0.38025991408908344,0.02504303557916776,sensitivity
r_amyg-post_vmPFC_neg_vs_neu,neg_vs_neu,r_amyg-post_vmPFC,C5SPGN,C5SER,130,-0.08306708765805725,0.08225379706540592,-1.0098875750623963,0.3155198876486497,-0.3785404574718119,0.0343756461964931,0.0443367121630287,0.3301773784126879,0.2482968475015509,-0.18255739844268226,sensitivity
r_amyg-post_vmPFC_neg_vs_neu,neg_vs_neu,r_amyg-post_vmPFC,C5SPGN_log,C5SER,130,-0.027978452811924442,0.03562755688819605,-0.7853037158771369,0.43453867248577516,-0.14244653006744434,0.06516332578370389,0.01443714236084968,0.4635770987555916,0.29290348196628047,-0.1123835466628027,sensitivity
r_amyg-post_vmPFC_neg_vs_pos,neg_vs_pos,r_amyg-post_vmPFC,PA_score,C5SER,82,0.031450377188677714,0.18949655251147315,0.1659680705102724,0.8688382863631507,0.3243438997604919,0.30003330217348256,-0.01982513955554835,0.809771427211766,0.36817487288614903,-0.0034869665925867377,sensitivity
r_amyg-post_vmPFC_neg_vs_pos,neg_vs_pos,r_amyg-post_vmPFC,NA_score,C5SER,82,-0.06003960781236,0.04739647553798495,-1.2667525829898991,0.21099850158613437,-0.13348080155522424,0.09099636409943676,0.027006160307675324,0.19344015916907215,0.3625673801999507,-0.012392984388313488,sensitivity
r_amyg-post_vmPFC_neg_vs_pos,neg_vs_pos,r_amyg-post_vmPFC,NA_score_log,C5SER,82,-0.5983261997651927,0.41267987686860724,-1.4498555255595689,0.15322098303163936,-1.5155454221707394,0.029032185792307864,0.2772772338280778,0.12636702429351762,0.42795300048425966,0.09145476547500064,sensitivity
r_amyg-post_vmPFC_neg_vs_pos,neg_vs_pos,r_amyg-post_vmPFC,C5SPGP,C5SER,130,0.023323204470585293,0.1358319435665129,0.17170632958781604,0.8640914511893287,0.18812255389058474,0.34854530391139016,-0.012086607547230732,0.8331332032338039,0.38182606183360257,0.027506853372374684,sensitivity
r_amyg-post_vmPFC_neg_vs_pos,neg_vs_pos,r_amyg-post_vmPFC,C5SPGN,C5SER,130,-0.04448862374706375,0.10270218087519116,-0.4331809058770481,0.6660206950062908,-0.19951037170433256,0.18970124395330504,0.01639389374623596,0.7055530988795035,0.22092485863918787,-0.2256182101895703,sensitivity
r_amyg-post_vmPFC_neg_vs_pos,neg_vs_pos,r_amyg-post_vmPFC,C5SPGN_log,C5SER,130,-0.01710887916920841,0.04402730206673472,-0.38859703788516264,0.6985814100535273,-0.09709659926769437,0.13711742759665577,0.0059411639976539084,0.7493849582968218,0.28214568507514826,-0.12930739786958378,sensitivity
l_amyg_safety_vs_threat_neg,neg,l_amyg_safety_vs_threat,PA_score,C5SER,82,-0.6984876350711189,0.4738490812835162,-1.4740719411740204,0.14660851963968866,-0.4593668447564677,0.47120043598212,-0.03792714757548998,0.11161270627827435,0.38581477928788765,0.024529355339586334,sensitivity
l_amyg_safety_vs_threat_neg,neg,l_amyg_safety_vs_threat,NA_score,C5SER,82,0.0740919486678326,0.12117057449815344,0.611468163575982,0.5436058523944233,-0.04887780764577558,0.763836779765745,0.004299135515260457,0.4762358507251352,0.3523184425678254,-0.02867070886286549,sensitivity
l_amyg_safety_vs_threat_neg,neg,l_amyg_safety_vs_threat,NA_score_log,C5SER,82,0.880907672971365,1.0904780204633002,0.8078179077805738,0.4229473642193542,0.7786959989713764,0.5951677137574325,0.056974678931002616,0.2955694481912574,0.3790395083000455,0.013768630829484096,sensitivity
l_amyg_safety_vs_threat_neg,neg,l_amyg_safety_vs_threat,C5SPGP,C5SER,130,-0.06379068504739682,0.25628522578038293,-0.24890504262645485,0.8040566051808875,0.048334057003241115,0.8697546645027742,-0.006835488729266551,0.7557019579447204,0.3760432808239912,0.0184095515401812,sensitivity
l_amyg_safety_vs_threat_neg,neg,l_amyg_safety_vs_threat,C5SPGN,C5SER,130,0.014695031579086748,0.19475827924073685,0.0754526669488721,0.9400383350246899,-0.0665975326594862,0.7662790079588677,-0.0017039347786409823,0.9186881504869593,0.2056492038942681,-0.24964942314194416,sensitivity
l_amyg_safety_vs_threat_neg,neg,l_amyg_safety_vs_threat,C5SPGN_log,C5SER,130,0.01155029431869331,0.0837279701497235,0.13795024885995585,0.89061792824935,-0.030321931462613055,0.7529187354806663,-0.0006179845789077223,0.9313682489910989,0.26390518930338724,-0.15800281194954935,sensitivity
r_amyg_safety_vs_threat_neg,neg,r_amyg_safety_vs_threat,PA_score,C5SER,82,-0.02374780873750293,0.2584756682531588,-0.0918763800786216,0.9271562009843662,-0.03451100482463465,0.944628030044492,-0.0024168607314040413,0.9348342566963687,0.35178950906640405,-0.02951077971806404,sensitivity
r_amyg_safety_vs_threat_neg,neg,r_amyg_safety_vs_threat,NA_score,C5SER,82,-0.020696797238354013,0.06548295853999772,-0.31606386913187773,0.7532439667056201,0.01782809026197976,0.8873852482241356,0.00296471298011137,0.6923951270985019,0.32906379411886255,-0.06560456228180644,sensitivity
r_amyg_safety_vs_threat_neg,neg,r_amyg_safety_vs_threat,NA_score_log,C5SER,82,-1.2337415935172387,0.5560904990409513,-2.218598583584835,0.030991716114370998,-1.5005979208584606,0.1644188204854501,0.15072362644367931,0.02099559504982791,0.42723228168448757,0.09031009444006854,sensitivity
r_amyg_safety_vs_threat_neg,neg,r_amyg_safety_vs_threat,C5SPGP,C5SER,130,-0.10558790808279528,0.21014506546297126,-0.5024524742000209,0.6166959845583544,0.08026088475350623,0.801551052314496,0.007469554360500882,0.7124038247629123,0.38042407698502556,0.025301291842296236,sensitivity
r_amyg_safety_vs_threat_neg,neg,r_amyg_safety_vs_threat,C5SPGN,C5SER,130,-0.27998303148007153,0.1573560726862056,-1.7792960049174882,0.07889666627096091,-0.220553699760297,0.35748792085303005,0.022452181922439644,0.14140687496966417,0.23416306328212944,-0.20479225410494273,sensitivity
r_amyg_safety_vs_threat_neg,neg,r_amyg_safety_vs_threat,C5SPGN_log,C5SER,130,-0.11901281518077839,0.0676582439551153,-1.7590290291857393,0.08230293971500277,-0.07844685303494278,0.4461768266093542,0.009181676125644524,0.16165143919750746,0.29012335250150045,-0.11675716496715172,sensitivity
l_amyg_safety_vs_threat_neu,neu,l_amyg_safety_vs_threat,PA_score,C5SER,82,0.5958189034246169,0.2873040016210752,2.0738273747068843,0.04316304913852287,-0.04996687488606533,0.8961650030735961,0.07337611222746354,0.06352148261634544,0.42263477990958165,0.08300817985639442,sensitivity
l_amyg_safety_vs_threat_neu,neu,l_amyg_safety_vs_threat,NA_score,C5SER,82,-0.01712037756718865,0.07718965279675666,-0.22179627640335767,0.8253582213906264,-0.057962372221009445,0.5736731619382176,-0.0015068033508297014,0.8852973360749681,0.3279008210711345,-0.06745163712231572,sensitivity
l_amyg_safety_vs_threat_neu,neu,l_amyg_safety_vs_threat,NA_score_log,C5SER,82,-0.5196264048178907,0.6826011528350385,-0.7612445461888441,0.4500167332277394,-0.25608720720223355,0.7783748366969157,-0.05324433194286793,0.5649222821564956,0.3778255616964913,0.011840597988545087,sensitivity
l_amyg_safety_vs_threat_neu,neu,l_amyg_safety_vs_threat,C5SPGP,C5SER,130,0.12029970180181537,0.20672380110669464,0.5819344514651512,0.5622073558752378,0.07676751643284102,0.7610583089349556,0.017426372105851656,0.6036044314523754,0.3774901391762592,0.020685706752895494,sensitivity
l_amyg_safety_vs_threat_neu,neu,l_amyg_safety_vs_threat,C5SPGN,C5SER,130,-0.127850000878609,0.1548671424059991,-0.8255463288877504,0.41145684994410947,-0.3089717122461271,0.10500952161556025,-0.023547803761593704,0.34988505789716695,0.22981156209317666,-0.2116379084143929,sensitivity
l_amyg_safety_vs_threat_neu,neu,l_amyg_safety_vs_threat,C5SPGN_log,C5SER,130,-0.052148955080237806,0.06679564366363351,-0.7807238948522925,0.4372129520595468,-0.12008891716256803,0.14347105721668071,-0.009968201786657605,0.35883815850606315,0.2816322011365645,-0.1301151957729656,sensitivity
r_amyg_safety_vs_threat_neu,neu,r_amyg_safety_vs_threat,PA_score,C5SER,82,0.1446505902065292,0.25909963696880417,0.5582817170212603,0.5790948732269887,-0.2811302969973561,0.459526822979225,-0.009022525179326134,0.4375622225223206,0.3764591098572383,0.009670350949731454,sensitivity
r_amyg_safety_vs_threat_neu,neu,r_amyg_safety_vs_threat,NA_score,C5SER,82,0.014518946942975064,0.06503966155864965,0.2232322031670256,0.8242465241194973,0.15452219447179733,0.10886528282084502,-5.726476478748943e-05,0.9842930228780284,0.3663699055282956,-0.006353679455059824,sensitivity
r_amyg_safety_vs_threat_neu,neu,r_amyg_safety_vs_threat,NA_score_log,C5SER,82,-0.9720762067118991,0.575075745879052,-1.6903446436016847,0.09706617579185838,-0.17555923338218526,0.8347464299103393,0.047605573231107916,0.06864442055150562,0.41360225298695685,0.06866240180281391,sensitivity
r_amyg_safety_vs_threat_neu,neu,r_amyg_safety_vs_threat,C5SPGP,C5SER,130,0.027807130763200016,0.21070254717132988,0.13197339631869295,0.8953286219269774,0.2992555619190406,0.22624627401336023,-0.003382713797587318,0.7648789352261512,0.38659432102824176,0.03500813917857537,sensitivity
r_amyg_safety_vs_threat_neu,neu,r_amyg_safety_vs_threat,C5SPGN,C5SER,130,-0.21271380434050532,0.1599122338189213,-1.3301909382453787,0.18714322015362084,-0.08160777096202901,0.6624688934747074,0.006368012732213894,0.45881305130214933,0.2210945289170777,-0.2253512898743535,sensitivity
r_amyg_safety_vs_threat_neu,neu,r_amyg_safety_vs_threat,C5SPGN_log,C5SER,130,-0.07219615176273171,0.06903468704637925,-1.0457953074260844,0.2987285845885267,-0.01375731224295633,0.8645866178905086,0.0015671898853615353,0.6724465585916847,0.2721728558061889,-0.14499636098782487,sensitivity
l_amyg_safety_vs_threat_pos,pos,l_amyg_safety_vs_threat,PA_score,C5SER,82,0.0980715100205416,0.417185137331545,0.2350791081576866,0.8150886797943305,0.07062308720726285,0.8847362304877221,-0.007958543246960211,0.5839042986969019,0.35239858894503295,-0.028543417557888695,sensitivity
l_amyg_safety_vs_threat_pos,pos,l_amyg_safety_vs_threat,NA_score,C5SER,82,-0.12017266817636846,0.10410131288720677,-1.1543818693869397,0.2537243383806986,-0.1715613406076273,0.16216342933031277,0.004438274443105903,0.22365094965188798,0.3497049246471142,-0.03282159026634801,sensitivity
l_amyg_safety_vs_threat_pos,pos,l_amyg_safety_vs_threat,NA_score_log,C5SER,82,-0.9794767727192852,0.925698206867624,-1.0580951388397273,0.2949981185432659,-1.406703504422658,0.19678586929444827,0.045024324272020286,0.1659828978499911,0.39130485711512253,0.033248890712253454,sensitivity
l_amyg_safety_vs_threat_pos,pos,l_amyg_safety_vs_threat,C5SPGP,C5SER,130,0.06166422652460857,0.25117659709232015,0.24550148078462833,0.8066815664528729,-0.006615214097701161,0.9793958351202519,-0.002005574585879459,0.7679910847717755,0.3754827900867098,0.017527803916897122,sensitivity
l_amyg_safety_vs_threat_pos,pos,l_amyg_safety_vs_threat,C5SPGN,C5SER,130,-0.08273554805942346,0.1895315073471594,-0.436526618805807,0.6636019529035526,-0.21412965779198465,0.26970072746005946,-0.0023508945191850123,0.6468838668251147,0.2160974941083047,-0.23321247878083784,sensitivity
l_amyg_safety_vs_threat_pos,pos,l_amyg_safety_vs_threat,C5SPGN_log,C5SER,130,-0.04154543341499235,0.08136409321606652,-0.5106113983801961,0.6109951011174442,-0.10224432067473162,0.21997559041177214,-0.001284662396130231,0.5599665500156814,0.2756692039740313,-0.13949600838231668,sensitivity
r_amyg_safety_vs_threat_pos,pos,r_amyg_safety_vs_threat,PA_score,C5SER,82,-0.0783694032962623,0.4378121728650331,-0.17900233970977708,0.8586451033287839,0.3383448796849775,0.5226932183336725,0.00025341976206007255,0.9937643918652632,0.36600564694742355,-0.00693220778938608,sensitivity
r_amyg_safety_vs_threat_pos,pos,r_amyg_safety_vs_threat,NA_score,C5SER,82,-0.022792992672063736,0.1120124823359744,-0.203486184724463,0.8395647921303301,-0.08807185804416981,0.5155073118057097,0.002510124862836259,0.762325161505473,0.33074674911859336,-0.06293163375282229,sensitivity
r_amyg_safety_vs_threat_pos,pos,r_amyg_safety_vs_threat,NA_score_log,C5SER,82,-0.7134665264758815,0.9724042913310236,-0.7337138809818404,0.4664828205305902,-1.8533394443295341,0.1186094863040784,0.06779866435589385,0.3486064711827458,0.40294502854728087,0.051736221810387284,sensitivity
r_amyg_safety_vs_threat_pos,pos,r_amyg_safety_vs_threat,C5SPGP,C5SER,130,0.3390253792979775,0.28665219385080254,1.1827063827546853,0.24034346868016365,0.48893560281027654,0.0953241421356437,-0.02320216161653815,0.23084040832245917,0.397431128565211,0.05205628762088066,sensitivity
r_amyg_safety_vs_threat_pos,pos,r_amyg_safety_vs_threat,C5SPGN,C5SER,130,-0.1534650259956501,0.22067771931490038,-0.6954260107095822,0.4887545135626573,-0.19520037691574924,0.38408642852324326,0.006862802208221903,0.6440163431550405,0.21272532755578044,-0.23851747250371136,sensitivity
r_amyg_safety_vs_threat_pos,pos,r_amyg_safety_vs_threat,C5SPGN_log,C5SER,130,-0.055555481253967025,0.09475124281270181,-0.5863298422774839,0.5592644766794654,-0.10167462674300819,0.2915424940085157,0.001992711695085724,0.7545797148063162,0.2723018184839,-0.1447934806777671,sensitivity
l_amyg_safety_vs_threat_neg_vs_neu,neu,l_amyg_safety_vs_threat_neg_vs,PA_score,C5SER,82,-0.6140810841720383,0.22022339165499477,-2.788446220708774,0.00742545885317932,0.03889699801491675,0.8919505048721522,0.04689658174010196,0.02252940149907161,0.4659844019114475,0.15185757950641665,sensitivity
l_amyg_safety_vs_threat_neg_vs_neu,neu,l_amyg_safety_vs_threat_neg_vs,NA_score,C5SER,82,0.05178583270623076,0.061104973940284565,0.8474896455538786,0.4006820376227087,-0.004638456989592657,0.9534428253312864,-0.0035634899713896176,0.5222550221524234,0.3369777602864773,-0.053035321897947796,sensitivity
l_amyg_safety_vs_threat_neg_vs_neu,neu,l_amyg_safety_vs_threat_neg_vs,NA_score_log,C5SER,82,0.5828122766896554,0.5407576209129707,1.0777698809046519,0.286207982831907,0.22447654120690386,0.7496359348968618,-0.034092121097908185,0.4892450002274723,0.3853283164182085,0.023756737840684217,sensitivity
l_amyg_safety_vs_threat_neg_vs_neu,neu,l_amyg_safety_vs_threat_neg_vs,C5SPGP,C5SER,130,-0.12383388499423054,0.17711284433026178,-0.699180714207931,0.4864176378652002,-0.006801038076804045,0.9736803792215577,0.007804160082012332,0.6074789473666904,0.3787785235940774,0.0227125554101949,sensitivity
l_amyg_safety_vs_threat_neg_vs_neu,neu,l_amyg_safety_vs_threat_neg_vs,C5SPGN,C5SER,130,0.08081840205258012,0.13398704896865105,0.603180700483143,0.5480532555716726,0.16627168104886686,0.28798990893903204,-0.009263774611374084,0.42078748083257766,0.21623630277634442,-0.2329941090469705,sensitivity
l_amyg_safety_vs_threat_neg_vs_neu,neu,l_amyg_safety_vs_threat_neg_vs,C5SPGN_log,C5SER,130,0.03675590313424679,0.057706615791876345,0.636944354297434,0.5259353480599406,0.06128390127999035,0.3627443504753468,-0.0044331898986090515,0.37126421141255084,0.2710749678327009,-0.14672352621440954,sensitivity
r_amyg_safety_vs_threat_neg_vs_neu,neu,r_amyg_safety_vs_threat_neg_vs,PA_score,C5SER,82,-0.08302181664733965,0.2522647580971233,-0.3291058857114548,0.7434233873919549,0.2395748431494702,0.5515201029902905,0.00104020565910605,0.9586803686684213,0.3703153160388529,-8.743923240994711e-05,sensitivity
r_amyg_safety_vs_threat_neg_vs_neu,neu,r_amyg_safety_vs_threat_neg_vs,NA_score,C5SER,82,-0.0690397509474711,0.06354161487820817,-1.086528113580389,0.2823542251118592,-0.16042247283823025,0.11720246981919666,0.005929940598145977,0.24412568174473906,0.3557203989352079,-0.023267601691140394,sensitivity
r_amyg_safety_vs_threat_neg_vs_neu,neu,r_amyg_safety_vs_threat_neg_vs,NA_score_log,C5SER,82,-0.46265135347245046,0.5719644444066708,-0.8088813177056545,0.42234096522456355,-0.8662752296138625,0.34357699880919523,0.049727494595445745,0.2774623274880209,0.38204209948778156,0.01853745212765312,sensitivity
r_amyg_safety_vs_threat_neg_vs_neu,neu,r_amyg_safety_vs_threat_neg_vs,C5SPGP,C5SER,130,-0.20642219478837764,0.2008042201195173,-1.0279773735109579,0.3069832671875389,-0.253525113317592,0.31797269348367796,0.007955877951719655,0.4860683161518654,0.38524102028412466,0.03287916605673269,sensitivity
r_amyg_safety_vs_threat_neg_vs_neu,neu,r_amyg_safety_vs_threat_neg_vs,C5SPGN,C5SER,130,-0.0710762802104245,0.15364230105374072,-0.4626087979869787,0.6448700614015462,-0.017840091402574254,0.9266014916143187,0.0003901473193750138,0.964337671934989,0.20659676135845007,-0.24815875347268235,sensitivity
r_amyg_safety_vs_threat_neg_vs_neu,neu,r_amyg_safety_vs_threat_neg_vs,C5SPGN_log,C5SER,130,-0.05202727382238673,0.06591103495870382,-0.7893560441735458,0.4321804522575319,-0.02215079441104144,0.7897948512930819,0.0008502002438752977,0.820355550454679,0.26791623002299203,-0.15169276008578092,sensitivity
l_amyg_safety_vs_threat_neg_vs_pos,pos,l_amyg_safety_vs_threat_neg_vs,PA_score,C5SER,82,-0.41323332892856235,0.3331312662671546,-1.2404519502446518,0.22048478491556903,-0.2513575136718955,0.5748532746402948,-0.036787177466231405,0.1735815930347522,0.3754966223001107,0.00814169424135236,sensitivity
l_amyg_safety_vs_threat_neg_vs_pos,pos,l_amyg_safety_vs_threat_neg_vs,NA_score,C5SER,82,0.13498184306594999,0.08415547593529299,1.6039579310291978,0.11489904982647568,0.11781099195712516,0.2998335695281287,0.011205333170386328,0.10223601347090695,0.3572875949735115,-0.020778525630305245,sensitivity
l_amyg_safety_vs_threat_neg_vs_pos,pos,l_amyg_safety_vs_threat_neg_vs,NA_score_log,C5SER,82,1.2037161795279796,0.7447592378191742,1.6162487397306229,0.11221042407519267,1.5716328950599272,0.12053533257820732,0.10842662746032064,0.07471278883569675,0.4041366709527532,0.05362883033672572,sensitivity
l_amyg_safety_vs_threat_neg_vs_pos,pos,l_amyg_safety_vs_threat_neg_vs,C5SPGP,C5SER,130,-0.09545789976532693,0.23720312545402233,-0.4024310370388849,0.6884139914567595,0.026028914903422518,0.9219551307769259,-0.009928338959477492,0.6485358677882642,0.37723123222218446,0.02027840191050967,sensitivity
l_amyg_safety_vs_threat_neg_vs_pos,pos,l_amyg_safety_vs_threat_neg_vs,C5SPGN,C5SER,130,0.11670731941754119,0.17964581551876993,0.6496523121371968,0.5177325818799066,0.18246521092917495,0.3656859022411765,0.007375436717997112,0.654808932950023,0.2125311652014884,-0.23882292303668295,sensitivity
l_amyg_safety_vs_threat_neg_vs_pos,pos,l_amyg_safety_vs_threat_neg_vs,C5SPGN_log,C5SER,130,0.061190153011432255,0.07712333447175641,0.7934064758810565,0.42983089596983204,0.08918732831747067,0.30340547783661453,0.0038235532984965794,0.5893756025577971,0.27231585330424646,-0.14477140150917323,sensitivity
r_amyg_safety_vs_threat_neg_vs_pos,pos,r_amyg_safety_vs_threat_neg_vs,PA_score,C5SER,82,-0.07144176563337634,0.2351533316721266,-0.30380928530915874,0.7625092578746538,-0.3045674711865616,0.46573515962123346,-0.001943332402964626,0.8659699499466211,0.3601379288200165,-0.016251524815267926,sensitivity
r_amyg_safety_vs_threat_neg_vs_pos,pos,r_amyg_safety_vs_threat_neg_vs,NA_score,C5SER,82,-0.0007122739520897536,0.05963594807795425,-0.011943701325225707,0.9905171318978006,0.06842494713380466,0.5179193358105773,0.0007087117546957212,0.8082591746400448,0.3363359822817096,-0.0540546163761082,sensitivity
r_amyg_safety_vs_threat_neg_vs_pos,pos,r_amyg_safety_vs_threat_neg_vs,NA_score_log,C5SER,82,-0.6124917093817697,0.517372832458354,-1.1838497712982876,0.24196107854984011,0.031207314929999952,0.9728290982595174,0.03694378722660158,0.14886243401403862,0.4087077382246209,0.06088876070969207,sensitivity
r_amyg_safety_vs_threat_neg_vs_pos,pos,r_amyg_safety_vs_threat_neg_vs,C5SPGP,C5SER,130,-0.29333493258917354,0.18417027343164416,-1.592737672174041,0.11506680129174714,-0.34748729944476153,0.19572674377337415,0.0065551317289980395,0.4291222669924333,0.3952606181084364,0.04864170409741819,sensitivity
r_amyg_safety_vs_threat_neg_vs_pos,pos,r_amyg_safety_vs_threat_neg_vs,C5SPGN,C5SER,130,-0.13507822979436343,0.14109438162160823,-0.9573607980835188,0.34119932190915914,0.002735704780753828,0.9893371518127964,0.0005785011016318522,0.9272889536657603,0.21754065727588467,-0.23094213672452302,sensitivity
r_amyg_safety_vs_threat_neg_vs_pos,pos,r_amyg_safety_vs_threat_neg_vs,C5SPGN_log,C5SER,130,-0.05769924874714066,0.06043339530597304,-0.9547576874509623,0.34250644449068457,0.028878777500358423,0.7419561028026996,-0.00012822324853252465,0.9623344020656426,0.28027186141573823,-0.13225524240694853,sensitivity
l_amyg-ant_vmPFC_neg,neg,l_amyg-ant_vmPFC,PA_score,C5SES,82,-0.2558489731736108,0.21777813054121697,-1.1748148105495309,0.2455249882482719,-0.15703052727195127,0.7024722266744321,0.03433358468874283,0.3207984326906498,0.37336970189973784,0.004763644193701344,primary
l_amyg-ant_vmPFC_neg,neg,l_amyg-ant_vmPFC,NA_score,C5SES,82,0.04335316202634374,0.05576943956933476,0.7773641327782286,0.44053508355285054,0.004219212977918697,0.9680076975310019,-0.005984573819165037,0.4980634469585645,0.3372902802767983,-0.052538966619202654,primary
l_amyg-ant_vmPFC_neg,neg,l_amyg-ant_vmPFC,NA_score_log,C5SES,82,0.7582374086854139,0.4890370827471031,1.55047016971824,0.12721263678434633,0.74888128942405,0.4184016820752112,-0.10440933679794817,0.18052978001367725,0.3967778175803237,0.041941239686396514,sensitivity
l_amyg-ant_vmPFC_neg,neg,l_amyg-ant_vmPFC,C5SPGP,C5SES,130,-0.1504237368748832,0.15466808839333246,-0.9725583243283155,0.3336330798533955,-0.047460451833988615,0.8416212400643622,0.018445831046060568,0.418080437124003,0.38393401365248014,0.030823021477682122,sensitivity
l_amyg-ant_vmPFC_neg,neg,l_amyg-ant_vmPFC,C5SPGN,C5SES,130,-0.15148705399634022,0.11370822637784372,-1.3322435748224613,0.18647091049985487,-0.4625178839176146,0.009468960481755304,0.01941325271532815,0.24735979691678772,0.26595494012620136,-0.15477820394780517,sensitivity
l_amyg-ant_vmPFC_neg,neg,l_amyg-ant_vmPFC,C5SPGN_log,C5SES,130,-0.0460457896840194,0.048948067414180535,-0.9407070006338937,0.3496180430565854,-0.19338234649055958,0.011635992562714954,0.005379194452938822,0.45542779757059093,0.31800341249380426,-0.07289707058901529,sensitivity
l_amyg-ant_vmPFC_neu,neu,l_amyg-ant_vmPFC,PA_score,C5SES,82,-0.11351662833701279,0.09398793810052862,-1.2077786855542725,0.23270358251536394,-0.5392292355010421,0.08107822483614088,-0.07734284859108267,0.193129455515262,0.39178091116914837,0.03400497656276513,sensitivity
l_amyg-ant_vmPFC_neu,neu,l_amyg-ant_vmPFC,NA_score,C5SES,82,0.02542976879231347,0.024438763314806804,1.0405505575196696,0.3029921369054721,0.029008374846669446,0.714239252376647,0.016335374185592413,0.2891137709756023,0.3368341200442142,-0.05326345640036556,sensitivity
l_amyg-ant_vmPFC_neu,neu,l_amyg-ant_vmPFC,NA_score_log,C5SES,82,0.02532254307154652,0.2189606048597316,0.11564885422091523,0.9083850096900189,0.35986013481242585,0.6123732048434065,0.029556799707003645,0.8295921338062225,0.36982868465566054,-0.0008603243704214947,sensitivity
l_amyg-ant_vmPFC_neu,neu,l_amyg-ant_vmPFC,C5SPGP,C5SES,130,-0.0174628093953354,0.06974406882842159,-0.25038415006007053,0.8029165582492446,-0.1370516663482817,0.5112274147635953,-0.015073309929700407,0.7482048185786687,0.37897765527496285,0.023025823542319523,sensitivity
l_amyg-ant_vmPFC_neu,neu,l_amyg-ant_vmPFC,C5SPGN,C5SES,130,0.09211196489889954,0.052195317055174925,1.7647553477169091,0.08132842632275644,0.03058813713299907,0.8444937997194287,0.05887572169495963,0.0965594605859377,0.233223313873563,-0.20627064036963882,sensitivity
l_amyg-ant_vmPFC_neu,neu,l_amyg-ant_vmPFC,C5SPGN_log,C5SES,130,0.04109794118603302,0.022406578373809934,1.8341908568275913,0.07025301077082677,0.006832473418115645,0.9187000832636711,0.02596550915339465,0.08793023888929341,0.2915176145751186,-0.11456375268060626,sensitivity
l_amyg-ant_vmPFC_pos,pos,l_amyg-ant_vmPFC,PA_score,C5SES,82,-0.12579700359970258,0.2018916026815047,-0.6230918073306615,0.5360007909651592,-0.46931890259033343,0.24104259433615768,-0.019198693080987157,0.42383394432197796,0.370058932773351,-0.000494636183501207,sensitivity
l_amyg-ant_vmPFC_pos,pos,l_amyg-ant_vmPFC,NA_score,C5SES,82,0.042447210955935157,0.05148070316066465,0.8245266352221894,0.4134801565894629,0.11505406569155364,0.2594402852384041,0.00544602170159693,0.37397011593356977,0.33945825107349814,-0.04909571888326769,sensitivity
l_amyg-ant_vmPFC_pos,pos,l_amyg-ant_vmPFC,NA_score_log,C5SES,82,0.02936348393370858,0.4603613937290875,0.06378354991033053,0.949391923669604,0.5595248963573206,0.5378926700411482,0.015633028959585557,0.774576475243204,0.37472356201176793,0.006913892606925542,sensitivity
l_amyg-ant_vmPFC_pos,pos,l_amyg-ant_vmPFC,C5SPGP,C5SES,130,-0.05647075128871765,0.13530115559731412,-0.41737079804984795,0.6774979709959689,-0.0944173598882756,0.6885691163687577,-0.010934814090972474,0.6003033601542749,0.3773285057333483,0.020431429751243013,sensitivity
l_amyg-ant_vmPFC_pos,pos,l_amyg-ant_vmPFC,C5SPGN,C5SES,130,0.12271475556985953,0.10222104053635808,1.200484312485669,0.2334078749066422,0.09770129029568664,0.583200202104126,0.015985508979005053,0.31176107182326096,0.21648065976491226,-0.23260969378446728,sensitivity
l_amyg-ant_vmPFC_pos,pos,l_amyg-ant_vmPFC,C5SPGN_log,C5SES,130,0.06167378245211037,0.04383099657492968,1.407081455396028,0.16318233172134122,0.0473890853892302,0.5348993538868008,0.007883191649602803,0.24515731650666145,0.2777226935114593,-0.1362655187441677,sensitivity
l_amyg-ant_vmPFC_neg_vs_neu,neg_vs_neu,l_amyg-ant_vmPFC,PA_score,C5SES,82,0.013965260375425531,0.07998654324159701,0.1745951232477177,0.8620890532386289,0.4443321129170011,0.08073727642995991,-0.018574782923931138,0.7652379361758425,0.3900724049809138,0.03129146673439254,sensitivity
l_amyg-ant_vmPFC_neg_vs_neu,neg_vs_neu,l_amyg-ant_vmPFC,NA_score,C5SES,82,-0.010196452560103224,0.020886229770067568,-0.4881901938432155,0.6275075842576012,-0.040328136837878184,0.5384628534321911,0.008691957766492594,0.5929237102271043,0.329324487808622,-0.06519051936277687,sensitivity
l_amyg-ant_vmPFC_neg_vs_neu,neg_vs_neu,l_amyg-ant_vmPFC,NA_score_log,C5SES,82,0.11982135997117627,0.18467251525367362,0.6488315806311774,0.5193584051445919,-0.3630398797476382,0.5311510462936857,-0.07697771609598106,0.5923246606524863,0.3793313422013538,0.014232131731561903,sensitivity
l_amyg-ant_vmPFC_neg_vs_neu,neg_vs_neu,l_amyg-ant_vmPFC,C5SPGP,C5SES,130,-0.023891502069772683,0.05872269054916451,-0.40685298725830615,0.6851759885862294,0.17447781721110234,0.3506138290386821,0.015201005586374779,0.7490441264067148,0.38370266709316403,0.03045907384168478,sensitivity
l_amyg-ant_vmPFC_neg_vs_neu,neg_vs_neu,l_amyg-ant_vmPFC,C5SPGN,C5SES,130,-0.07043509657415307,0.04350637359767222,-1.6189604131455733,0.10929587156845397,-0.24691532341402947,0.07663857897657665,0.05599012334752944,0.11439021447361308,0.2542430317929011,-0.17320303535019232,sensitivity
l_amyg-ant_vmPFC_neg_vs_neu,neg_vs_neu,l_amyg-ant_vmPFC,C5SPGN_log,C5SES,130,-0.028542747393337876,0.018736262255394362,-1.5233960223373864,0.13150711249901492,-0.10811754070168982,0.07191945124499007,0.022408564246048167,0.14190953999456832,0.30652690393895277,-0.09095157794969633,sensitivity
l_amyg-ant_vmPFC_neg_vs_pos,neg_vs_pos,l_amyg-ant_vmPFC,PA_score,C5SES,82,-0.10414183119988069,0.1571891780028372,-0.6625254519620999,0.5106176405849847,0.24391203871324318,0.40914098657794074,0.022245850876775358,0.602049354278116,0.3831152146368527,0.02024181148206028,sensitivity
l_amyg-ant_vmPFC_neg_vs_pos,neg_vs_pos,l_amyg-ant_vmPFC,NA_score,C5SES,82,0.007008108786891981,0.040336320927406265,0.1737418938009878,0.8627561101281179,-0.07309453871229571,0.3356688380251336,-0.0010951153751879404,0.9202131515464721,0.34491257660661756,-0.04043296656596018,sensitivity
l_amyg-ant_vmPFC_neg_vs_pos,neg_vs_pos,l_amyg-ant_vmPFC,NA_score_log,C5SES,82,0.4603467574575356,0.3548728164369176,1.2972161747400766,0.20039453961870807,-0.09111723622711748,0.8910088491927377,-0.1094540844380855,0.2581413348177078,0.3997735899477275,0.046699231093449645,sensitivity
l_amyg-ant_vmPFC_neg_vs_pos,neg_vs_pos,l_amyg-ant_vmPFC,C5SPGP,C5SES,130,-0.055925857027144726,0.11309978024415075,-0.4944824552834361,0.6222876937086506,0.07266109593848358,0.7002168795280634,0.013252878574147683,0.6889763323146685,0.37978351669207344,0.024293581137530107,sensitivity
l_amyg-ant_vmPFC_neg_vs_pos,neg_vs_pos,l_amyg-ant_vmPFC,C5SPGN,C5SES,130,-0.12944199053521546,0.08323799674537169,-1.555082962065793,0.12377763013811385,-0.32185743706729664,0.02251684678358644,0.035311725786806025,0.14971945423018762,0.25941284548787247,-0.1650700357568835,sensitivity
l_amyg-ant_vmPFC_neg_vs_pos,neg_vs_pos,l_amyg-ant_vmPFC,C5SPGN_log,C5SES,130,-0.05099378101303201,0.035801547621410024,-1.4243457169023814,0.15814102376704953,-0.14228424163090067,0.019133289058661962,0.01356546417559202,0.19764802799385575,0.31307600005633884,-0.08064873161868658,sensitivity
l_amyg-post_vmPFC_neg,neg,l_amyg-post_vmPFC,PA_score,C5SES,82,-0.18563515247506623,0.17757211945953666,-1.0454070889060199,0.3007646010399905,-0.21187041419515695,0.5612899883206722,0.0324824211849689,0.37643638392884327,0.365037012263411,-0.008470627581641299,primary
l_amyg-post_vmPFC_neg,neg,l_amyg-post_vmPFC,NA_score,C5SES,82,0.03352356296461414,0.045380646539836283,0.7387193775475699,0.46346365690540714,0.06440926349348852,0.48983980468168287,-0.006144939288443673,0.511906259700885,0.3312125218681652,-0.062191877032913956,primary
l_amyg-post_vmPFC_neg,neg,l_amyg-post_vmPFC,NA_score_log,C5SES,82,0.3328366857691515,0.40305137230039917,0.8257922156907685,0.4127683754571806,0.22542265358215646,0.7851114388866095,-0.05472673236626324,0.5107517422976735,0.37550276039054875,0.008151442973224565,sensitivity
l_amyg-post_vmPFC_neg,neg,l_amyg-post_vmPFC,C5SPGP,C5SES,130,-0.10895311582499112,0.13382601116828197,-0.814140052997515,0.41792272730163005,-0.043407220873574626,0.8588857586774221,0.021521462628458138,0.4816968487935659,0.38093318906528006,0.026102212066111297,sensitivity
l_amyg-post_vmPFC_neg,neg,l_amyg-post_vmPFC,C5SPGN,C5SES,130,-0.08985426291072818,0.09890529889773575,-0.9084878556773183,0.3662829027930148,-0.4296126786873744,0.01921689296469336,0.018338453308740094,0.41748818346066685,0.25456680668499676,-0.17269368216628567,sensitivity
l_amyg-post_vmPFC_neg,neg,l_amyg-post_vmPFC,C5SPGN_log,C5SES,130,-0.029262615022351057,0.042477975568217315,-0.6888891156160889,0.49283764660075,-0.1871862766268539,0.017591303043223084,0.005520378914516823,0.5694442556416939,0.31060301002067925,-0.08453916716258991,sensitivity
l_amyg-post_vmPFC_neu,neu,l_amyg-post_vmPFC,PA_score,C5SES,82,-0.05778902152077303,0.13429261430734296,-0.43032166600403426,0.668774719743183,-0.20930702690049896,0.6137627550609883,-0.03355981770354699,0.6114841466144334,0.35547185700955863,-0.023662344749524555,sensitivity
l_amyg-post_vmPFC_neu,neu,l_amyg-post_vmPFC,NA_score,C5SES,82,-0.001137887365616843,0.03421733440378221,-0.03325470512077839,0.9736012844958253,0.041108411393346346,0.6970994657099332,0.000272909531832493,0.9870489292406713,0.3251956122923746,-0.07174814518269912,sensitivity
l_amyg-post_vmPFC_neu,neu,l_amyg-post_vmPFC,NA_score_log,C5SES,82,-0.19440860709982288,0.30257219096427995,-0.6425197453878824,0.523413851502246,0.24515595690437153,0.792846034939139,-0.08023443569724875,0.5899450013262477,0.3753934859094209,0.007977889385550885,sensitivity
l_amyg-post_vmPFC_neu,neu,l_amyg-post_vmPFC,C5SPGP,C5SES,130,-0.028626914867390038,0.08953624287986688,-0.3197243255538377,0.749990498781776,-0.26413245226091564,0.33874230383087356,-0.018269991156405388,0.6892155901752048,0.3828736151945773,0.029154833659761792,sensitivity
l_amyg-post_vmPFC_neu,neu,l_amyg-post_vmPFC,C5SPGN,C5SES,130,0.15659533762279915,0.0658009118941054,2.3798353718077774,0.019641431892731587,0.3022414354326506,0.13789696624032696,0.07796324453401976,0.02224334406435232,0.2652267116383443,-0.1559238316908973,sensitivity
l_amyg-post_vmPFC_neu,neu,l_amyg-post_vmPFC,C5SPGN_log,C5SES,130,0.06506643880476054,0.02849345389185604,2.2835574462721677,0.02498444401942563,0.0980893241923807,0.2647456985212988,0.031946477096921,0.03023998768851162,0.3092007122100304,-0.08674522103544002,sensitivity
l_amyg-post_vmPFC_pos,pos,l_amyg-post_vmPFC,PA_score,C5SES,82,-0.0894532749363332,0.22794152714633004,-0.392439570166201,0.6963688299230102,-0.5085609525478957,0.24035793164737831,-0.018147085417668116,0.5859497396019304,0.37184248736647996,0.002338068170291807,sensitivity
l_amyg-post_vmPFC_pos,pos,l_amyg-post_vmPFC,NA_score,C5SES,82,0.024396327883588313,0.05707283709348156,0.4274595258621668,0.6708441391839893,0.17602234691845264,0.10670979890649888,0.004316358417267196,0.6047860451919655,0.3649199127469266,-0.008656609166646012,sensitivity
l_amyg-post_vmPFC_pos,pos,l_amyg-post_vmPFC,NA_score_log,C5SES,82,-0.20424580955168747,0.5075783562894701,-0.4023926690743425,0.6890767146731591,1.0452268260100213,0.27803725978002114,-0.014988113673062083,0.8396883913561126,0.4053811102860876,0.05560529280731563,sensitivity
l_amyg-post_vmPFC_pos,pos,l_amyg-post_vmPFC,C5SPGP,C5SES,130,-0.006085852422893265,0.15344985782259224,-0.039660202422144256,0.9684604331893794,-0.027627699821077573,0.9079252074989648,-0.0036119115226542,0.8804933230347332,0.375773008202135,0.017984366561895282,sensitivity
l_amyg-post_vmPFC_pos,pos,l_amyg-post_vmPFC,C5SPGN,C5SES,130,0.0615112520406141,0.11610463094021302,0.5297915470080494,0.597688033904551,0.17628247181019427,0.3307822171166077,0.00749941438664325,0.6800615759400283,0.21218943393346057,-0.2393605246656536,sensitivity
l_amyg-post_vmPFC_pos,pos,l_amyg-post_vmPFC,C5SPGN_log,C5SES,130,0.022141869291431877,0.04995086766981326,0.4432729665036998,0.658735627080129,0.07671889490076876,0.32524622291212346,0.0022931321169430362,0.7693935976646618,0.2688929985560765,-0.15015613641787962,sensitivity
l_amyg-post_vmPFC_neg_vs_neu,neg_vs_neu,l_amyg-post_vmPFC,PA_score,C5SES,82,-0.023403230164399158,0.09273235426040391,-0.25237394597661134,0.8017664093456056,0.06040600606770247,0.8442729884608325,0.010713080665878755,0.8678407737195262,0.3533503693806417,-0.027031766277804348,sensitivity
l_amyg-post_vmPFC_neg_vs_neu,neg_vs_neu,l_amyg-post_vmPFC,NA_score,C5SES,82,0.009648602257772474,0.02359554132943377,0.4089163339404519,0.6843131998768839,0.009186341585913079,0.9065305448745057,-0.005984981609281894,0.7149933979447596,0.3248282318112242,-0.07233163182923197,sensitivity
l_amyg-post_vmPFC_neg_vs_neu,neg_vs_neu,l_amyg-post_vmPFC,NA_score_log,C5SES,82,0.18674622284058856,0.2075399378570758,0.8998086092190747,0.37245130529625736,-0.2304348412349396,0.7378549773260168,-0.11358970901340615,0.4318445765250043,0.38166947343735524,0.017945634282858336,sensitivity
l_amyg-post_vmPFC_neg_vs_neu,neg_vs_neu,l_amyg-post_vmPFC,C5SPGP,C5SES,130,-0.01634984716043382,0.06300680913905898,-0.25949333705106287,0.7959049998400207,0.18160553564712267,0.38617556193263436,0.008137313818363641,0.8601771217465066,0.38206518827438807,0.02788304009019582,sensitivity
l_amyg-post_vmPFC_neg_vs_neu,neg_vs_neu,l_amyg-post_vmPFC,C5SPGN,C5SES,130,-0.07514005358163495,0.04495903434619771,-1.6713004332574086,0.09847472517237989,-0.4687288888951656,0.0022696607716895458,0.054982111846122714,0.09809307324296021,0.30639088342623744,-0.09116556143921195,sensitivity
l_amyg-post_vmPFC_neg_vs_neu,neg_vs_neu,l_amyg-post_vmPFC,C5SPGN_log,C5SES,130,-0.02913094120320866,0.019508415009200867,-1.4932500251542458,0.13920966611851224,-0.19162493979198264,0.003915866282237053,0.02100151298725225,0.14460027427058822,0.34521764355516904,-0.030084438797356006,sensitivity
l_amyg-post_vmPFC_neg_vs_pos,neg_vs_pos,l_amyg-post_vmPFC,PA_score,C5SES,82,-0.07506427154970392,0.156822184499783,-0.4786584996831733,0.6342273816291262,0.14906326488442667,0.6763698463401406,0.020226259485245292,0.7115465703898107,0.3666584207378143,-0.005895449416412513,sensitivity
l_amyg-post_vmPFC_neg_vs_pos,neg_vs_pos,l_amyg-post_vmPFC,NA_score,C5SES,82,0.007118526333811121,0.03988816075677521,0.17846213509862077,0.8590670902282314,-0.06408365187614896,0.4811794424274005,-0.0016061285595317405,0.9080373700904525,0.33921687090920205,-0.04947908737950257,sensitivity
l_amyg-post_vmPFC_neg_vs_pos,neg_vs_pos,l_amyg-post_vmPFC,NA_score_log,C5SES,82,0.2508562930015913,0.348039329060654,0.7207699591843361,0.47434208571352554,-0.586657208185356,0.4599844572053271,-0.07152090223572329,0.5561576914143525,0.4044880121055142,0.054186842755816755,sensitivity
l_amyg-post_vmPFC_neg_vs_pos,neg_vs_pos,l_amyg-post_vmPFC,C5SPGP,C5SES,130,-0.06198729938365463,0.10212712324738353,-0.6069621606152774,0.545552997175365,0.004831356769115391,0.9792099850474635,0.020335474402249976,0.5995892047463759,0.3788702186906677,0.022856807452391825,sensitivity
l_amyg-post_vmPFC_neg_vs_pos,neg_vs_pos,l_amyg-post_vmPFC,C5SPGN,C5SES,130,-0.06597464544612183,0.07489158877853376,-0.8809353162638767,0.380927598263494,-0.3534237327543683,0.010833724275948947,0.023278288555736104,0.4130578352582571,0.26365829814109676,-0.1583912138999819,sensitivity
l_amyg-post_vmPFC_neg_vs_pos,neg_vs_pos,l_amyg-post_vmPFC,C5SPGN_log,C5SES,130,-0.020638453318034704,0.03214610138407316,-0.6420204139672148,0.5226507424206512,-0.15558176643097593,0.009039234121079402,0.006858196573112391,0.5738249623534168,0.3197914564824309,-0.07008417211910256,sensitivity
r_amyg-ant_vmPFC_neg,neg,r_amyg-ant_vmPFC,PA_score,C5SES,82,-0.030817620586688632,0.079652558584572,-0.3869005733691238,0.7004395678086733,-0.11075907542922889,0.7191715104145442,0.02208999216726476,0.7468850884788798,0.35420306216676267,-0.025677489499847495,secondary
r_amyg-ant_vmPFC_neg,neg,r_amyg-ant_vmPFC,NA_score,C5SES,82,0.0072460201573441765,0.020252636662485283,0.35778157077030126,0.7219833030523721,-0.0240852774715124,0.7584095802399029,-0.005212740267274047,0.7645121700542424,0.3267015977613159,-0.06935628590849818,secondary
r_amyg-ant_vmPFC_neg,neg,r_amyg-ant_vmPFC,NA_score_log,C5SES,82,0.1188682267291459,0.17911587759974804,0.6636386920134941,0.5099105574907348,0.5413843387255413,0.43555186489897735,-0.09299169379902306,0.5462279096369048,0.376587435159479,0.00987416172387845,sensitivity
r_amyg-ant_vmPFC_neg,neg,r_amyg-ant_vmPFC,C5SPGP,C5SES,130,-0.017075198168936358,0.058699223367098895,-0.2908930849416836,0.7718675798719747,0.032984706515965245,0.8826170249990528,0.011444685014118536,0.8205954891730499,0.3765691980625655,0.01923690914720666,sensitivity
r_amyg-ant_vmPFC_neg,neg,r_amyg-ant_vmPFC,C5SPGN,C5SES,130,-0.06876793450997516,0.042662075383707844,-1.6119219210848998,0.11082149070191806,-0.40641750629570533,0.014003548233720612,0.0600406101298401,0.10437746172339825,0.27402668679667586,-0.14207996833205883,sensitivity
r_amyg-ant_vmPFC_neg,neg,r_amyg-ant_vmPFC,C5SPGN_log,C5SES,130,-0.026666280666434755,0.018445098636978432,-1.4457109279412923,0.15206952169049104,-0.1685180297191564,0.018277812803062954,0.023016399863261747,0.1491931457781145,0.3195897990669765,-0.07040141366292718,sensitivity
r_amyg-ant_vmPFC_neu,neu,r_amyg-ant_vmPFC,PA_score,C5SES,82,-0.24363647434271898,0.18212503597225463,-1.3377429030670729,0.1869152685707887,-0.8197901703681307,0.02568365353019243,0.060339328226723526,0.21319342579797537,0.41315460277537663,0.06795142793736297,sensitivity
r_amyg-ant_vmPFC_neu,neu,r_amyg-ant_vmPFC,NA_score,C5SES,82,0.03629492258569019,0.048292539291527506,0.7515637636403562,0.45576782235721247,0.08943208627698268,0.34885168562240465,-0.008962177883216974,0.48332873762514916,0.33458527647383596,-0.05683514912978982,sensitivity
r_amyg-ant_vmPFC_neu,neu,r_amyg-ant_vmPFC,NA_score_log,C5SES,82,0.171777052422812,0.4301961842548817,0.39929933995192735,0.6913398910380211,0.6816442647231047,0.42227310404990837,-0.034344888863998266,0.762542286316149,0.3749304109128493,0.007242417332172457,sensitivity
r_amyg-ant_vmPFC_neu,neu,r_amyg-ant_vmPFC,C5SPGP,C5SES,130,0.08623293364277941,0.14654303650112627,0.5884478423655202,0.5578491196700656,0.08047360634721612,0.7341118378210411,-0.025268303264552303,0.5176376135794442,0.37832811337920647,0.022003983242897984,sensitivity
r_amyg-ant_vmPFC_neu,neu,r_amyg-ant_vmPFC,C5SPGN,C5SES,130,-0.12363092479349039,0.11077944539595345,-1.1160096022470822,0.2676777606525953,-0.17342390800069385,0.3341099374372848,0.030670239595352707,0.2998559512258949,0.2168185684106586,-0.23207810579298838,sensitivity
r_amyg-ant_vmPFC_neu,neu,r_amyg-ant_vmPFC,C5SPGN_log,C5SES,130,-0.05061913308873727,0.047655819650763834,-1.062181564805505,0.29127153965269703,-0.08012680852192691,0.29977850035119946,0.012258192972148559,0.3352225163676523,0.2733118981685351,-0.1432044528812071,sensitivity
r_amyg-ant_vmPFC_pos,pos,r_amyg-ant_vmPFC,PA_score,C5SES,82,-0.031233178432787778,0.15386957910391405,-0.2029847525071529,0.8399546283400098,-0.2209664551390132,0.4771296966452201,0.0077835584449941,0.8962531750379381,0.3580637842865062,-0.019545754368490043,sensitivity
r_amyg-ant_vmPFC_pos,pos,r_amyg-ant_vmPFC,NA_score,C5SES,82,0.020834164964268806,0.03924442531850249,0.5308821519281152,0.5978048696160858,0.008553341250027019,0.9138681960090784,-0.007322319216841554,0.6309058680102981,0.3265734807967109,-0.06955976579345902,sensitivity
r_amyg-ant_vmPFC_pos,pos,r_amyg-ant_vmPFC,NA_score_log,C5SES,82,0.3227191958069878,0.34364266981369385,0.9391127009400501,0.3520995154679525,0.8958706906960926,0.1993842170289516,-0.11374242923772332,0.39519641181806775,0.3887605508789155,0.029207933748865766,sensitivity
r_amyg-ant_vmPFC_pos,pos,r_amyg-ant_vmPFC,C5SPGP,C5SES,130,0.06796912774982711,0.10833668633795093,0.6273879149100128,0.5321481397952182,-0.06963245277298002,0.743655812239123,-0.03003439806178476,0.5026622011900309,0.3803199489010862,0.025137480588294125,sensitivity
r_amyg-ant_vmPFC_pos,pos,r_amyg-ant_vmPFC,C5SPGN,C5SES,130,-0.15333654858295862,0.08009669212227197,-1.914393023233494,0.05905783990446754,-0.2747832994227653,0.08362349921801089,0.0612419543987106,0.06691709506622523,0.2532783643638178,-0.17472062191545734,sensitivity
r_amyg-ant_vmPFC_pos,pos,r_amyg-ant_vmPFC,C5SPGN_log,C5SES,130,-0.06727398012447602,0.03438702156001351,-1.9563770594980716,0.05382493181307131,-0.12317212379313025,0.07109659286369015,0.026605724139753303,0.06379366026496386,0.3099336526829729,-0.08559218053532325,sensitivity
r_amyg-ant_vmPFC_neg_vs_neu,neg_vs_neu,r_amyg-ant_vmPFC,PA_score,C5SES,82,-0.000741278192394057,0.09613702504971314,-0.007710642096640049,0.9938779417067434,0.45628526026119787,0.1283907465255989,-0.007206549763700276,0.900127388069657,0.383993278109545,0.02163638287986558,sensitivity
r_amyg-ant_vmPFC_neg_vs_neu,neg_vs_neu,r_amyg-ant_vmPFC,NA_score,C5SES,82,0.003189992370317663,0.02484290146688097,0.12840659431710763,0.8983322410004426,-0.07083190648917057,0.35753442987227346,-0.0007973700161113297,0.9571427061013376,0.336628745853241,-0.05358963893897006,sensitivity
r_amyg-ant_vmPFC_neg_vs_neu,neg_vs_neu,r_amyg-ant_vmPFC,NA_score_log,C5SES,82,0.15064288812695859,0.22209938687854205,0.6782679152974862,0.500667916374,0.05849650948350338,0.9319864664156811,-0.0762481736809063,0.5660525340813813,0.37236135875602205,0.003162158024270334,sensitivity
r_amyg-ant_vmPFC_neg_vs_neu,neg_vs_neu,r_amyg-ant_vmPFC,C5SPGP,C5SES,130,-0.046552902222533055,0.07260602435412777,-0.6411713440674905,0.5231994084603333,0.001834621042956175,0.9937790221630314,0.02458499862863551,0.5716827959417274,0.37889197523399654,0.02289103420957983,sensitivity
r_amyg-ant_vmPFC_neg_vs_neu,neg_vs_neu,r_amyg-ant_vmPFC,C5SPGN,C5SES,130,-0.08185228348192651,0.05355980287074044,-1.5282409399352395,0.13030118260390708,-0.3606274130520113,0.04027530786712368,0.0483221338496875,0.13411504406765787,0.25490281986888863,-0.17216507605991915,sensitivity
r_amyg-ant_vmPFC_neg_vs_neu,neg_vs_neu,r_amyg-ant_vmPFC,C5SPGN_log,C5SES,130,-0.03151059121388856,0.02320610441483074,-1.357857857165829,0.17823359206751782,-0.13819569759231937,0.06891718692996951,0.018223896036508005,0.19151164485140174,0.2986874393461828,-0.1032843941992978,sensitivity
r_amyg-ant_vmPFC_neg_vs_pos,neg_vs_pos,r_amyg-ant_vmPFC,PA_score,C5SES,82,-0.051297264634502515,0.11716396105143885,-0.43782460215715413,0.6633621740518698,0.07378855417512675,0.7848617936744227,0.018203830871771853,0.7405623722277122,0.3560043068902361,-0.02281668905668388,sensitivity
r_amyg-ant_vmPFC_neg_vs_pos,neg_vs_pos,r_amyg-ant_vmPFC,NA_score,C5SES,82,0.005500789810558489,0.029894415577562304,0.18400727039759185,0.8547374384306644,-0.012870015350138854,0.8519363637071783,-0.0018105490460804622,0.8972560790442452,0.32388133154019616,-0.07383553225968842,sensitivity
r_amyg-ant_vmPFC_neg_vs_pos,neg_vs_pos,r_amyg-ant_vmPFC,NA_score_log,C5SES,82,0.06769201931497526,0.26547547404536553,0.2549840792577614,0.7997608534739311,-0.1659685870990728,0.7863984833971968,-0.0179803926307279,0.885184609629603,0.3688180919886802,-0.0024653833120960034,sensitivity
r_amyg-ant_vmPFC_neg_vs_pos,neg_vs_pos,r_amyg-ant_vmPFC,C5SPGP,C5SES,130,-0.08803428142578755,0.09037639690535042,-0.9740848765854682,0.33287920874858345,0.07214548881757576,0.7097825438616077,0.0355191681373373,0.3824628801800335,0.38539947791719376,0.03312844696729256,sensitivity
r_amyg-ant_vmPFC_neg_vs_pos,neg_vs_pos,r_amyg-ant_vmPFC,C5SPGN,C5SES,130,-0.05671879384030209,0.06884228647233111,-0.8238946837289947,0.41238935776359986,-0.1267943730352893,0.3914103785304327,0.023766261889779264,0.4427341669770627,0.2138478531613276,-0.2367515480754725,sensitivity
r_amyg-ant_vmPFC_neg_vs_pos,neg_vs_pos,r_amyg-ant_vmPFC,C5SPGN_log,C5SES,130,-0.016430483740799175,0.029710799252199167,-0.5530138587430631,0.5817584749552389,-0.0435544612950062,0.49478265617262684,0.00637024271198578,0.6331859860124263,0.26582962584166436,-0.15497534471250374,sensitivity
r_amyg-post_vmPFC_neg,neg,r_amyg-post_vmPFC,PA_score,C5SES,82,-0.019777070769381344,0.08569569178297322,-0.23078255578433673,0.818407049391271,-0.06772667960659168,0.7952808185515283,0.01013285433287786,0.8739039186547181,0.3527263173127594,-0.028022907797382146,secondary
r_amyg-post_vmPFC_neg,neg,r_amyg-post_vmPFC,NA_score,C5SES,82,0.00014946804953716933,0.021689205474881658,0.00689135661102334,0.9945284229079496,-0.05260217908503948,0.42719737466305474,0.0008982003877754594,0.9556695478143516,0.3313402544091977,-0.061989007703038945,secondary
r_amyg-post_vmPFC_neg,neg,r_amyg-post_vmPFC,NA_score_log,C5SES,82,0.05009437468208361,0.19379566322111103,0.25849068988158147,0.7970686098973052,0.17622020134070504,0.7653272775988081,-0.025966304652252525,0.8572869097177495,0.36807004794773657,-0.0036534532594771907,sensitivity
r_amyg-post_vmPFC_neg,neg,r_amyg-post_vmPFC,C5SPGP,C5SES,130,-0.017567500150788742,0.06370393562509662,-0.2757678937479634,0.7834201166973256,-0.08527585414908789,0.6817242029345845,0.011212964418260009,0.818361964435942,0.3774825634628196,0.020673788862240583,sensitivity
r_amyg-post_vmPFC_neg,neg,r_amyg-post_vmPFC,C5SPGN,C5SES,130,-0.06709997477498653,0.04648892908084457,-1.4433538500811494,0.1527303478587786,-0.35742026496683516,0.020451433394291132,0.05133153811948196,0.15219614815253252,0.269144987198501,-0.14975971526089493,sensitivity
r_amyg-post_vmPFC_neg,neg,r_amyg-post_vmPFC,C5SPGN_log,C5SES,130,-0.027530775488337787,0.019973518838744063,-1.3783638081305118,0.1718402092539631,-0.1591605991325967,0.01641292336232394,0.020822747600938746,0.1761228132554422,0.3235846311881697,-0.06411686069178191,sensitivity
r_amyg-post_vmPFC_neu,neu,r_amyg-post_vmPFC,PA_score,C5SES,82,0.18159756830216345,0.18012890472967996,1.0081534031125516,0.318140226387842,-0.011333913652559424,0.9750172663212249,-0.045001970975111036,0.2751796395352776,0.3704173202935659,7.456752507528641e-05,sensitivity
r_amyg-post_vmPFC_neu,neu,r_amyg-post_vmPFC,NA_score,C5SES,82,-0.05673351897959988,0.04528915053490595,-1.2526955862392106,0.21603017924003487,-0.14767501755657486,0.10907976284469138,0.01341628902962841,0.19675774940379404,0.3581667291188181,-0.019382253752465273,sensitivity
r_amyg-post_vmPFC_neu,neu,r_amyg-post_vmPFC,NA_score_log,C5SES,82,-0.16740849514369532,0.4128510505707558,-0.4054936881285816,0.6868107841907459,-0.26747285072893434,0.7472369413256417,0.04945190753903694,0.5991973801959816,0.3686304918686172,-0.002763336443960984,sensitivity
r_amyg-post_vmPFC_neu,neu,r_amyg-post_vmPFC,C5SPGP,C5SES,130,0.1715640549745503,0.1478638849633895,1.1602836961644072,0.24930034198217452,-0.1357591665381811,0.5756934355475899,-0.039396564539947096,0.23165620915902052,0.3950576964321951,0.04832247365552644,sensitivity
r_amyg-post_vmPFC_neu,neu,r_amyg-post_vmPFC,C5SPGN,C5SES,130,0.05624685667101015,0.11398701413418606,0.4934496889689213,0.623013911848507,-0.04978217150705022,0.7899101956648973,-0.01394329242330803,0.581604685830512,0.20747378033873742,-0.2467790528817424,sensitivity
r_amyg-post_vmPFC_neu,neu,r_amyg-post_vmPFC,C5SPGN_log,C5SES,130,0.009056844229622496,0.048984538952078285,0.18489189494021435,0.8537703595041117,-0.05292005812144615,0.5103307256645926,-0.0029641068544720255,0.7850211442991378,0.26617401378770644,-0.15443356367543748,sensitivity
r_amyg-post_vmPFC_pos,pos,r_amyg-post_vmPFC,PA_score,C5SES,82,-0.11178379067598633,0.14983595114379367,-0.7460411858613981,0.4590676210132907,-0.41974369508007137,0.14167158986365122,0.030948098312238704,0.5160946363785286,0.3785962108943478,0.013064570243964235,sensitivity
r_amyg-post_vmPFC_pos,pos,r_amyg-post_vmPFC,NA_score,C5SES,82,0.016229564601143973,0.038849329008200345,0.4177566258021657,0.6778787184667566,0.036155601578666,0.6220890143935282,-0.0044974439704971135,0.7154945305070964,0.3263151135277801,-0.06997011380881979,sensitivity
r_amyg-post_vmPFC_pos,pos,r_amyg-post_vmPFC,NA_score_log,C5SES,82,0.3185304849390664,0.33260308134510974,0.957689518842907,0.3427374435812246,1.288115365798653,0.044156350151163856,-0.09024364704455386,0.3943485003987629,0.41547211198555156,0.07163217785940545,sensitivity
r_amyg-post_vmPFC_pos,pos,r_amyg-post_vmPFC,C5SPGP,C5SES,130,0.008618243075928067,0.10974318274840345,0.07853101085728668,0.9375969844568597,-0.23657387119328901,0.2352096717797584,-0.004893822255296096,0.8992129688869187,0.3887704238588411,0.038431520460859736,sensitivity
r_amyg-post_vmPFC_pos,pos,r_amyg-post_vmPFC,C5SPGN,C5SES,130,-0.18834966039994616,0.08152780043626418,-2.31025072910181,0.023387624392331583,-0.23273485976501254,0.11714226398166482,0.063585586040767,0.029035187172782917,0.25634095838367477,-0.16990263864031663,sensitivity
r_amyg-post_vmPFC_pos,pos,r_amyg-post_vmPFC,C5SPGN_log,C5SES,130,-0.08470761248431773,0.035006832527942844,-2.4197451288031604,0.017742575977261577,-0.09492465188330547,0.13637131160589877,0.028315550803711634,0.0237254575135274,0.31255145254401606,-0.08147393441246265,sensitivity
r_amyg-post_vmPFC_neg_vs_neu,neg_vs_neu,r_amyg-post_vmPFC,PA_score,C5SES,82,-0.09436093348664021,0.10460053787513308,-0.9021075359983673,0.3712406191783789,0.021686346724133942,0.9473710997727227,0.04325453148891642,0.4323632878569772,0.3641658750632333,-0.009854198428982386,sensitivity
r_amyg-post_vmPFC_neg_vs_neu,neg_vs_neu,r_amyg-post_vmPFC,NA_score,C5SES,82,0.014256882240371305,0.026806030767615403,0.5318535356452387,0.5971367404699653,0.027619706152133036,0.7430039775691637,-0.006811416970016812,0.6288289398068716,0.3265754549589872,-0.06955663035925563,sensitivity
r_amyg-post_vmPFC_neg_vs_neu,neg_vs_neu,r_amyg-post_vmPFC,NA_score_log,C5SES,82,0.1495583561648957,0.23763895530413637,0.6293511767609277,0.5319284057806316,0.4726496399926229,0.527383885006432,-0.06709004363939342,0.5913284649124442,0.3734984833626993,0.004968179458404887,sensitivity
r_amyg-post_vmPFC_neg_vs_neu,neg_vs_neu,r_amyg-post_vmPFC,C5SPGP,C5SES,130,-0.07651096111624248,0.07455197998998966,-1.0262767149378977,0.30777911538622077,0.11906291232582344,0.6043934988574008,0.03807528954633744,0.35600224774169975,0.38717228718680574,0.03591737862314559,sensitivity
r_amyg-post_vmPFC_neg_vs_neu,neg_vs_neu,r_amyg-post_vmPFC,C5SPGN,C5SES,130,-0.12759326659777886,0.05416835869618111,-2.355494419046783,0.020886382877744483,-0.39751391843319694,0.019146640290817384,0.06910671582823409,0.02289799219425968,0.28677831530586617,-0.12201947957979598,sensitivity
r_amyg-post_vmPFC_neg_vs_neu,neg_vs_neu,r_amyg-post_vmPFC,C5SPGN_log,C5SES,130,-0.04992058515057589,0.023558060330926903,-2.119044796104898,0.03711211427768707,-0.1530392843650945,0.03741239061826537,0.026662446571020258,0.04286155108870341,0.3236299037974538,-0.06404563914790806,sensitivity
r_amyg-post_vmPFC_neg_vs_pos,neg_vs_pos,r_amyg-post_vmPFC,PA_score,C5SES,82,0.024796936806636305,0.12368806953210966,0.20047961699490324,0.8419028382035193,0.321912171887652,0.26416593790489973,-0.016733396702078365,0.7547374664987743,0.36825760632450344,-0.003355566425788492,sensitivity
r_amyg-post_vmPFC_neg_vs_pos,neg_vs_pos,r_amyg-post_vmPFC,NA_score,C5SES,82,-0.01526196310821026,0.031378864114583085,-0.4863771694373532,0.6287833334679871,-0.09386790775976372,0.20022596158694025,0.0074918362377448845,0.5817983483921296,0.34429762459175295,-0.041409655060157036,sensitivity
r_amyg-post_vmPFC_neg_vs_pos,neg_vs_pos,r_amyg-post_vmPFC,NA_score_log,C5SES,82,-0.084452356293096,0.27576221867566375,-0.3062506412179117,0.7606605818034344,-1.0509003235138334,0.10443439634820749,0.05230187894267943,0.6615620445871846,0.4005336789313825,0.047906431243960435,sensitivity
r_amyg-post_vmPFC_neg_vs_pos,neg_vs_pos,r_amyg-post_vmPFC,C5SPGP,C5SES,130,-0.05325580541282843,0.0934585202268383,-0.5698336040798457,0.5703484653127155,0.14184437908632685,0.47370193748035516,0.018730973540621348,0.6351075202895511,0.3851176387598091,0.03268506585384601,sensitivity
r_amyg-post_vmPFC_neg_vs_pos,neg_vs_pos,r_amyg-post_vmPFC,C5SPGN,C5SES,130,-0.05361378688175057,0.0707438563076748,-0.7578578505612814,0.4507085998299575,-0.21648464700797249,0.15051816860810122,0.02103242410891558,0.481826577311279,0.2233151256390139,-0.22185791210447814,sensitivity
r_amyg-post_vmPFC_neg_vs_pos,neg_vs_pos,r_amyg-post_vmPFC,C5SPGN_log,C5SES,130,-0.01824821534054535,0.03036971522250631,-0.6008688328767077,0.5495846715619674,-0.10208585932790262,0.11474391426009879,0.006809572239060974,0.5955457736331633,0.28233629948949646,-0.1290075288518897,sensitivity
l_amyg_safety_vs_threat_neg,neg,l_amyg_safety_vs_threat,PA_score,C5SES,82,0.004508751123636023,0.28425580378987503,0.015861597418672026,0.9874066968261304,0.3020989254411646,0.5389869026232974,-0.004560482972255302,0.765804653711125,0.35927652164533097,-0.017619642092709498,sensitivity
l_amyg_safety_vs_threat_neg,neg,l_amyg_safety_vs_threat,NA_score,C5SES,82,0.0007159601597590565,0.07148638774669414,0.010015335539067938,0.9920481275658457,-0.12831751807796812,0.30110659204764,0.0006350886799765083,0.8689499510734298,0.3464985087784128,-0.03791413311663838,sensitivity
l_amyg_safety_vs_threat_neg,neg,l_amyg_safety_vs_threat,NA_score_log,C5SES,82,0.4653793684134556,0.6433931253724138,0.723320393179646,0.47278761696731175,0.33738002693301217,0.7614715610812098,0.033984597241851516,0.3288222248179431,0.3733635545804782,0.004753880804288957,sensitivity
l_amyg_safety_vs_threat_neg,neg,l_amyg_safety_vs_threat,C5SPGP,C5SES,130,-0.013882081330178653,0.22184845911817255,-0.06257461235186697,0.9502575241369041,0.0675541224045133,0.8314840773009331,-0.003756894458824926,0.8461109781767293,0.376367213617423,0.018919153129848265,sensitivity
l_amyg_safety_vs_threat_neg,neg,l_amyg_safety_vs_threat,C5SPGN,C5SES,130,-0.037942716879271976,0.16876658610994835,-0.2248236321765316,0.8226757876452364,-0.10375727719613353,0.6675903492953872,-0.005064236866989246,0.7309793512358687,0.20438641420477766,-0.25163600692175225,sensitivity
l_amyg_safety_vs_threat_neg,neg,l_amyg_safety_vs_threat,C5SPGN_log,C5SES,130,-0.0023272105211698396,0.07260796156022377,-0.03205172643828547,0.974508687772901,-0.038078489045250866,0.7140698583260076,-0.0013234768020778161,0.8345261630186617,0.26163704097563323,-0.1615709965139429,sensitivity
r_amyg_safety_vs_threat_neg,neg,r_amyg_safety_vs_threat,PA_score,C5SES,82,-0.11376826654596062,0.25844345536839053,-0.44020563950359287,0.6616482738953877,-0.09184208881573586,0.8135688842495358,0.007502585366538354,0.796387445593288,0.35388238694250307,-0.02618679720896555,sensitivity
r_amyg_safety_vs_threat_neg,neg,r_amyg_safety_vs_threat,NA_score,C5SES,82,0.09394020435241027,0.06435193978275057,1.4597882312413337,0.15048106022123103,0.12181585403648895,0.2124372146990166,-0.009678226956647521,0.1849732918493412,0.3539714544086532,-0.026045337115668366,sensitivity
r_amyg_safety_vs_threat_neg,neg,r_amyg_safety_vs_threat,NA_score_log,C5SES,82,0.6672331124603661,0.5774632989987568,1.155455443865018,0.2532887051175551,0.7951410183142831,0.36267934429651416,-0.061041178306913454,0.34938402217434394,0.3841993569698616,0.021963684599192068,sensitivity
r_amyg_safety_vs_threat_neg,neg,r_amyg_safety_vs_threat,C5SPGP,C5SES,130,0.004283931848010902,0.20319020343291735,0.02108335823102431,0.983230378986324,0.18237708340880998,0.503827240218524,-0.0034977539134668154,0.857339316094611,0.37947661108399955,0.023810766217511437,sensitivity
r_amyg_safety_vs_threat_neg,neg,r_amyg_safety_vs_threat,C5SPGN,C5SES,130,-0.02670281948702119,0.15508273837319383,-0.1721843434487406,0.8637168584210198,0.01866433268027251,0.9284826449614946,0.00041201204256265805,0.9778647471099315,0.20312041506398826,-0.2536276397164088,sensitivity
r_amyg_safety_vs_threat_neg,neg,r_amyg_safety_vs_threat,C5SPGN_log,C5SES,130,0.012079630798730666,0.06667874915767914,0.1811616287246969,0.8566877477568289,0.03412378227953128,0.7028340023055566,-0.0022667173204135634,0.7226700142468474,0.2613940180632972,-0.1619533130467643,sensitivity
l_amyg_safety_vs_threat_neu,neu,l_amyg_safety_vs_threat,PA_score,C5SES,82,-0.5144838811741186,0.2178352433512178,-2.361802770108285,0.022042434450643644,-1.3001832577636339,0.009290824304471918,-0.07367570207364076,0.016389047115074645,0.43548637276544144,0.10341953321570119,sensitivity
l_amyg_safety_vs_threat_neu,neu,l_amyg_safety_vs_threat,NA_score,C5SES,82,0.1427977393950747,0.05578128740447575,2.559957757153109,0.013474532639229953,0.18706495234828074,0.1348950105925383,0.019527926379155167,0.013157560607383005,0.4030428923346441,0.05189165253149364,sensitivity
l_amyg_safety_vs_threat_neu,neu,l_amyg_safety_vs_threat,NA_score_log,C5SES,82,0.6997806965952974,0.518938841462876,1.3484839458588849,0.18346099610722025,1.2380292031683267,0.2849010864791701,0.10498442673233681,0.14376124932309087,0.3884086191691961,0.02864898338637034,sensitivity
l_amyg_safety_vs_threat_neu,neu,l_amyg_safety_vs_threat,C5SPGP,C5SES,130,0.052012125739386295,0.1739699312435233,0.2989719278935603,0.7657178605155801,0.0715228422501959,0.8118418246811501,0.005628089542328629,0.8434942426364379,0.37637956904641534,0.018938590329116822,sensitivity
l_amyg_safety_vs_threat_neu,neu,l_amyg_safety_vs_threat,C5SPGN,C5SES,130,-0.07972179860341211,0.13061393405942745,-0.6103621269621956,0.5433099087393674,-0.33266097200927275,0.14284239352023037,-0.015057415471557367,0.48234050243082804,0.22506705259831572,-0.21910183188801557,sensitivity
l_amyg_safety_vs_threat_neu,neu,l_amyg_safety_vs_threat,C5SPGN_log,C5SES,130,-0.009339762580202804,0.056448205041844404,-0.1654572111421319,0.8689913670972427,-0.1042796276305597,0.28636601659999394,-0.0027762598220993293,0.7641043752547421,0.27429931747141845,-0.141651073733988,sensitivity
r_amyg_safety_vs_threat_neu,neu,r_amyg_safety_vs_threat,PA_score,C5SES,82,-0.6706674263092322,0.2184353359247067,-3.070324787288111,0.0034233816451396796,-1.2692965362125,0.002486246110932783,0.02057296354916714,0.051386847945304945,0.4706679940122376,0.15929622578414204,sensitivity
r_amyg_safety_vs_threat_neu,neu,r_amyg_safety_vs_threat,NA_score,C5SES,82,0.16482579905141692,0.0549014822124121,3.0022103668114295,0.004143401361995224,0.35521269367920616,0.0008546140416754439,-0.005704982429122828,0.032271794383249286,0.4607397300190501,0.1435278065008443,sensitivity
r_amyg_safety_vs_threat_neu,neu,r_amyg_safety_vs_threat,NA_score_log,C5SES,82,0.5632416337144923,0.5364135948333872,1.0500137191516148,0.29866209329060656,1.3917898873537597,0.1613746059091491,-0.010022590904378873,0.6939050187040368,0.3906135721978342,0.03215096760832503,sensitivity
r_amyg_safety_vs_threat_neu,neu,r_amyg_safety_vs_threat,C5SPGP,C5SES,130,-0.12315229922949122,0.18025314307601367,-0.6832185954036722,0.4963946421929274,0.2083157008270845,0.42401353121121876,0.0024413713414967453,0.8128043889347306,0.39076133966955706,0.04156357094357144,sensitivity
r_amyg_safety_vs_threat_neu,neu,r_amyg_safety_vs_threat,C5SPGN,C5SES,130,-0.2671528726168789,0.13572163501706522,-1.9683882572096036,0.05240239554326208,-0.17830481304464416,0.36371521471468227,0.009962878319778058,0.20150535576897027,0.23856456930785197,-0.1978679336498428,sensitivity
r_amyg_safety_vs_threat_neu,neu,r_amyg_safety_vs_threat,C5SPGN_log,C5SES,130,-0.08806898394023743,0.058945112761290316,-1.4940845782565535,0.1389917698972703,-0.04538845426154493,0.5938550266303413,0.0027872112724471806,0.4092803560065883,0.2798836450993093,-0.13286597295352576,sensitivity
l_amyg_safety_vs_threat_pos,pos,l_amyg_safety_vs_threat,PA_score,C5SES,82,-0.04842587536659049,0.270552309030883,-0.17898895611000964,0.8586555575762854,-0.06585385501434793,0.8890288146507936,-0.0034086151885886692,0.7513632262254066,0.3518394998716068,-0.02943138255685973,sensitivity
l_amyg_safety_vs_threat_pos,pos,l_amyg_safety_vs_threat,NA_score,C5SES,82,0.03183016114990204,0.06825743259735355,0.46632520355206186,0.6429685169560018,-0.032938933197265804,0.7821202067640062,-0.00024230206970795416,0.9288319572086133,0.33468411886647087,-0.05667816415325211,sensitivity
l_amyg_safety_vs_threat_pos,pos,l_amyg_safety_vs_threat,NA_score_log,C5SES,82,0.24651351599215565,0.6075598369368874,0.4057436008854601,0.6866282974278715,-0.2966900577196254,0.779587684085553,0.0052781187262436885,0.8270128452954782,0.37602233330150225,0.00897664700826839,sensitivity
l_amyg_safety_vs_threat_pos,pos,l_amyg_safety_vs_threat,C5SPGP,C5SES,130,-0.09762675084969774,0.19509543165115817,-0.5004051095581775,0.6181302594145288,-0.11158664566965859,0.694038823668294,-0.002193561739922377,0.7391672086911176,0.3777064500435765,0.021026000678309287,sensitivity
l_amyg_safety_vs_threat_pos,pos,l_amyg_safety_vs_threat,C5SPGN,C5SES,130,0.1253851952397308,0.14716093454801316,0.8520277179866798,0.39668030641051166,-0.07588706504840392,0.722814518260031,-0.0023917521071866177,0.6304357543719596,0.21945251758051476,-0.22793445405016577,sensitivity
l_amyg_safety_vs_threat_pos,pos,l_amyg_safety_vs_threat,C5SPGN_log,C5SES,130,0.07903791367372445,0.06290321751602328,1.2565003316975192,0.21250238252217146,-0.019491986165459246,0.8311752981172724,-0.001429910484897684,0.5012912950687448,0.2849570536560869,-0.12488463510200964,sensitivity
r_amyg_safety_vs_threat_pos,pos,r_amyg_safety_vs_threat,PA_score,C5SES,82,0.4605543475609366,0.3390404500473507,1.3584053097399296,0.18031378734172307,0.9531123258491396,0.091292394716437,-0.03791238969123842,0.13815917186193932,0.3872308492321058,0.026778407603932797,sensitivity
r_amyg_safety_vs_threat_pos,pos,r_amyg_safety_vs_threat,NA_score,C5SES,82,0.007610469895441785,0.0883369534025115,0.0861527322632955,0.931682355963656,-0.05907825304010275,0.6839234313859499,0.00012360505302395734,0.9850355394202105,0.32914815812629306,-0.06547057238765208,sensitivity
r_amyg_safety_vs_threat_pos,pos,r_amyg_safety_vs_threat,NA_score_log,C5SES,82,-0.13248771481011634,0.7728588877193638,-0.17142549165873672,0.864567585827878,-1.4041131044965822,0.2712286813178446,0.02213000353811624,0.7013140421308475,0.3921378061681803,0.034571809796521635,sensitivity
r_amyg_safety_vs_threat_pos,pos,r_amyg_safety_vs_threat,C5SPGP,C5SES,130,0.274268529125536,0.21776594648227274,1.2594647306247346,0.2114356979720499,0.5838710380717838,0.07668454005489152,-0.019793173488171136,0.19017171420163057,0.39952795392172424,0.05535495190124906,sensitivity
r_amyg_safety_vs_threat_pos,pos,r_amyg_safety_vs_threat,C5SPGN,C5SES,130,0.03017611191663544,0.1685720302327079,0.1790101944846862,0.8583712638003296,-0.09898210987253497,0.6956085113892807,-0.003769901111591125,0.7459847589039251,0.20677380378778976,-0.2478802355045746,sensitivity
r_amyg_safety_vs_threat_pos,pos,r_amyg_safety_vs_threat,C5SPGN_log,C5SES,130,0.017188481869576305,0.07233101167313152,0.2376364089479649,0.8127558622411865,-0.061349441332067406,0.5721572210665853,-0.002168139230575895,0.6642306768365831,0.26777045931307697,-0.15192208230015947,sensitivity
l_amyg_safety_vs_threat_neg_vs_neu,neu,l_amyg_safety_vs_threat_neg_vs,PA_score,C5SES,82,0.32661654832332576,0.1967283845668655,1.6602410935383496,0.10300303542500423,0.8039832949898562,0.021907500560650214,-0.032953127486013103,0.07318936502011604,0.4157483602566343,0.07207092511347812,sensitivity
l_amyg_safety_vs_threat_neg_vs_neu,neu,l_amyg_safety_vs_threat_neg_vs,NA_score,C5SES,82,-0.12184995113099632,0.049749039613961196,-2.449292530599953,0.01778880650085643,-0.17512922200966893,0.046899203208955395,0.010995318269962376,0.019416296153783527,0.39746370593777247,0.04303059178352109,sensitivity
l_amyg_safety_vs_threat_neg_vs_neu,neu,l_amyg_safety_vs_threat_neg_vs,NA_score_log,C5SES,82,-0.2915714296604049,0.4668346615252496,-0.6245710819924513,0.535036908808062,-0.4750497471525268,0.5586510758669754,0.036845964178034485,0.39272557542052566,0.3719373935953577,0.002488801592626988,sensitivity
l_amyg_safety_vs_threat_neg_vs_neu,neu,l_amyg_safety_vs_threat_neg_vs,C5SPGP,C5SES,130,-0.046695778366844576,0.15688265278344146,-0.2976478121599764,0.7667247764785733,-0.004090656714935026,0.9861428893486237,0.0008609642094935688,0.9498860479820225,0.3765596810259566,0.019221937223760976,sensitivity
l_amyg_safety_vs_threat_neg_vs_neu,neu,l_amyg_safety_vs_threat_neg_vs,C5SPGN,C5SES,130,0.011412125723586963,0.11886447542045395,0.09600955780286217,0.9237472357415308,0.1491118147751043,0.4043840246863316,-0.002968193772133543,0.7749462740822002,0.2110266271820499,-0.24118981821360452,sensitivity
l_amyg_safety_vs_threat_neg_vs_neu,neu,l_amyg_safety_vs_threat_neg_vs,C5SPGN_log,C5SES,130,-0.006849153409841338,0.051221867968112476,-0.13371541651126803,0.893955241971846,0.043837117884688415,0.5690187905040051,-0.0006510500668771807,0.8842718559464144,0.26541650143102424,-0.15562525994387655,sensitivity
r_amyg_safety_vs_threat_neg_vs_neu,neu,r_amyg_safety_vs_threat_neg_vs,PA_score,C5SES,82,0.39814310881926146,0.1934003714464023,2.058647074158284,0.044653570538734276,0.8287198581375145,0.02599766597647984,-0.03408180889872839,0.03430351386947959,0.41741441329988915,0.07471700935864756,sensitivity
r_amyg_safety_vs_threat_neg_vs_neu,neu,r_amyg_safety_vs_threat_neg_vs,NA_score,C5SES,82,-0.047732683892552585,0.050823457747166255,-0.9391860768311066,0.3520622115468388,-0.14217203865847308,0.14055379020508207,0.00415669089761321,0.3175657791010534,0.3511841263436626,-0.030472269924771034,sensitivity
r_amyg_safety_vs_threat_neg_vs_neu,neu,r_amyg_safety_vs_threat_neg_vs,NA_score_log,C5SES,82,0.07428800654282708,0.46014519245642477,0.16144470867173533,0.872381034011393,-0.25954836712546414,0.7639898885790027,0.00674171277583277,0.8572279269566916,0.3704274752861695,9.069604273981291e-05,sensitivity
r_amyg_safety_vs_threat_neg_vs_neu,neu,r_amyg_safety_vs_threat_neg_vs,C5SPGP,C5SES,130,0.11140037204015318,0.16633466371098263,0.6697363589451122,0.504907447285521,-0.03563484922130267,0.8895419617703846,-0.007653773570482782,0.4481373671644002,0.3814100822671913,0.026852446493508264,sensitivity
r_amyg_safety_vs_threat_neg_vs_neu,neu,r_amyg_safety_vs_threat_neg_vs,C5SPGN,C5SES,130,0.21056407876465372,0.12503102563791624,1.684094629235763,0.09596651539505716,0.19170242113048633,0.32167115034545074,-0.011648033833177862,0.12665073939574067,0.22947621501542093,-0.2121654666220818,sensitivity
r_amyg_safety_vs_threat_neg_vs_neu,neu,r_amyg_safety_vs_threat_neg_vs,C5SPGN_log,C5SES,130,0.08502827381504112,0.053900444963322594,1.5775059718505098,0.11852940260009774,0.07711817584220988,0.35489080116956206,-0.005041822112483621,0.12513817717308878,0.2820283168425983,-0.1294920381378637,sensitivity
l_amyg_safety_vs_threat_neg_vs_pos,pos,l_amyg_safety_vs_threat_neg_vs,PA_score,C5SES,82,0.10863428804092612,0.2851272829059126,0.38100278210406713,0.7047837492833213,0.3245310428415229,0.5072806010448363,0.003711726172440047,0.8727861285684044,0.3579966295387277,-0.019652411909079515,sensitivity
l_amyg_safety_vs_threat_neg_vs_pos,pos,l_amyg_safety_vs_threat_neg_vs,NA_score,C5SES,82,-0.047252272255244206,0.07256400942250965,-0.6511805594990505,0.5178534264751851,-0.08750626880937806,0.4824647434249203,-0.0030307279897043475,0.6078621959028886,0.3294205811317651,-0.0650379005554318,sensitivity
l_amyg_safety_vs_threat_neg_vs_pos,pos,l_amyg_safety_vs_threat_neg_vs,NA_score_log,C5SES,82,0.23706282270192558,0.6457763627645651,0.367097398373426,0.7150652407066147,0.656749568536521,0.5533639095605241,0.030581905362289608,0.5608393056781307,0.37131238232264063,0.0014961366300763057,sensitivity
l_amyg_safety_vs_threat_neg_vs_pos,pos,l_amyg_safety_vs_threat_neg_vs,C5SPGP,C5SES,130,0.09672599184342134,0.20524811251266953,0.4712637337283706,0.6387038197659591,0.1602893345504537,0.5620733040406085,0.005803549121366686,0.759791466531688,0.3784179006379417,0.02214523393042045,sensitivity
l_amyg_safety_vs_threat_neg_vs_pos,pos,l_amyg_safety_vs_threat_neg_vs,C5SPGN,C5SES,130,-0.17557819103992867,0.15495482331440968,-1.1330927768777699,0.2604774525448553,-0.030757027380439173,0.8827395037603147,-0.01697590587884458,0.23802892638491274,0.21897756923052247,-0.22868162889344634,sensitivity
l_amyg_safety_vs_threat_neg_vs_pos,pos,l_amyg_safety_vs_threat_neg_vs,C5SPGN_log,C5SES,130,-0.09151078014842973,0.06638777099865972,-1.378428267312623,0.1718203912664842,-0.022295306490738742,0.8029537190813423,-0.008969491889710073,0.14651595060818973,0.28121064569253307,-0.13077837445930784,sensitivity
r_amyg_safety_vs_threat_neg_vs_pos,pos,r_amyg_safety_vs_threat_neg_vs,PA_score,C5SES,82,-0.30071825984002987,0.24034307822629677,-1.2512041622304861,0.21656920898302667,-0.5169727096248476,0.16456377077564263,0.0069445057094418665,0.5482180989758169,0.37778405845237784,0.011774681071423654,sensitivity
r_amyg_safety_vs_threat_neg_vs_pos,pos,r_amyg_safety_vs_threat_neg_vs,NA_score,C5SES,82,0.0818105702672469,0.06077901514801988,1.3460331673359174,0.18424483727869925,0.15321862787425614,0.10453993064579432,-0.002601905056683519,0.3746948264930008,0.35829838302762607,-0.019173156367887856,sensitivity
r_amyg_safety_vs_threat_neg_vs_pos,pos,r_amyg_safety_vs_threat_neg_vs,NA_score_log,C5SES,82,0.6075541547856971,0.5385551496271958,1.128118736226484,0.264548975624916,1.4626690846160488,0.0809478589621356,-0.012656999388403232,0.6250747051633141,0.4035842248478191,0.052751415934771506,sensitivity
r_amyg_safety_vs_threat_neg_vs_pos,pos,r_amyg_safety_vs_threat_neg_vs,C5SPGP,C5SES,130,-0.1369748484840655,0.19373989898327026,-0.707003819052747,0.48156846730641534,-0.18512810624647952,0.46278357390988045,0.0014086297209349452,0.8684386023017319,0.3810188112217924,0.026236910336722152,sensitivity
r_amyg_safety_vs_threat_neg_vs_pos,pos,r_amyg_safety_vs_threat_neg_vs,C5SPGN,C5SES,130,-0.06542607935644501,0.1475187816694737,-0.44351016606845894,0.658564794492408,0.07320890839331884,0.7026047204423604,-0.0003366034946887548,0.9585388179123837,0.2088713719386307,-0.24458040268191028,sensitivity
r_amyg_safety_vs_threat_neg_vs_pos,pos,r_amyg_safety_vs_threat_neg_vs,C5SPGN_log,C5SES,130,-0.012285244279907931,0.06327029680169759,-0.19417080211291673,0.8465223701221773,0.06869772365534667,0.4043120994922088,-0.0009413240129422943,0.7347177639641738,0.2703335747137904,-0.1478898641697688,sensitivity
