fc_var,condition,seed_target,affect_var,moderator,n,n_groups,beta_interaction,se_interaction,z_interaction,p_interaction,beta_fc,p_fc,beta_moderator,p_moderator,group_var,log_likelihood,converged,degenerate_re,optimizer,tier
l_amyg-ant_vmPFC_neg,neg,l_amyg-ant_vmPFC,PA_score,C5SER,93,10,-0.5022416502689052,0.2136905683238785,-2.3503220296914855,0.018757175182988695,-0.2053144369549958,0.43507982662171985,0.06873734145125858,0.028153447359701468,0.32916438331169845,-97.99731566503843,True,False,lbfgs,primary
l_amyg-ant_vmPFC_neg,neg,l_amyg-ant_vmPFC,NA_score,C5SER,93,10,-0.012045408737461604,0.06615779708590025,-0.18207088609407096,0.8555270963542283,-0.03128763602403055,0.7333744147889536,0.0028111404358294547,0.7722369969437399,0.03040088367417227,-2.546332298113697,True,False,lbfgs,primary
l_amyg-ant_vmPFC_neg,neg,l_amyg-ant_vmPFC,NA_score_log,C5SER,93,10,0.39001606474018,0.4774362300015018,0.8168966664698931,0.41398748299115984,0.41178580318487906,0.5364398476412113,-0.03987381078579633,0.5692079746024422,1.988495388424112e-10,-168.24964120594515,True,False,powell,sensitivity
l_amyg-ant_vmPFC_neg,neg,l_amyg-ant_vmPFC,C5SPGP,C5SER,148,10,-0.6817372418598645,0.15025251369008613,-4.537276782377361,5.6985295344702536e-06,-0.08542529940720366,0.6128790427052444,0.09253301487577949,1.3622636545688134e-05,0.14584441123114197,-137.71468676444158,True,False,powell,sensitivity
l_amyg-ant_vmPFC_neg,neg,l_amyg-ant_vmPFC,C5SPGN,C5SER,148,10,-0.07975159028451548,0.10803149400366277,-0.7382253760353581,0.4603775049016392,-0.28343309351986334,0.024215573027968038,0.007715214984566657,0.6114457618800493,0.01921372597964204,-90.7351434192554,True,False,powell,sensitivity
l_amyg-ant_vmPFC_neg,neg,l_amyg-ant_vmPFC,C5SPGN_log,C5SER,148,10,-0.033863323972554385,0.048801842128598914,-0.6938943797105102,0.4877484484749366,-0.13327301416585743,0.01745450701402838,0.002925530604743587,0.6697376281912357,0.002456216576724313,19.35881116968298,True,False,powell,sensitivity
l_amyg-ant_vmPFC_neu,neu,l_amyg-ant_vmPFC,PA_score,C5SER,93,10,0.09311622423375404,0.0974983601889269,0.9550542599210756,0.33955025821494966,0.01543640910383941,0.9327041509850482,0.052954383231243525,0.3675081208110197,0.3894779699694457,-101.61547837121864,True,False,lbfgs,sensitivity
l_amyg-ant_vmPFC_neu,neu,l_amyg-ant_vmPFC,NA_score,C5SER,93,10,0.057957942641140736,0.030144293259843837,1.92268374453311,0.05451977953949516,0.08132672216111414,0.14433544657278888,0.03627125234380883,0.04624761261603619,0.03278971902676792,-1.0147237868978607,True,False,lbfgs,sensitivity
l_amyg-ant_vmPFC_neu,neu,l_amyg-ant_vmPFC,NA_score_log,C5SER,93,10,0.41177031748464354,0.23469159359500258,1.7545166879526937,0.07934201298066701,0.4814108928966017,0.2941342663605574,0.26630428864758393,0.06153610082958821,0.14903771368824353,-167.6632799562341,True,False,powell,sensitivity
l_amyg-ant_vmPFC_neu,neu,l_amyg-ant_vmPFC,C5SPGP,C5SER,148,10,0.1853834827703203,0.07252171050446674,2.5562480735875943,0.010580765649651491,0.15162180364200706,0.33335407703477127,0.12204065584551174,0.010712494817259917,0.07839045847551511,-144.98386139059414,True,False,powell,sensitivity
l_amyg-ant_vmPFC_neu,neu,l_amyg-ant_vmPFC,C5SPGN,C5SER,148,10,-0.028292374338344597,0.04801317351477122,-0.5892627432685837,0.5556850333538221,-0.1595709368240275,0.13930122696432137,-0.022607084246191143,0.4747551616527652,0.0005447603041879191,-93.00367669112848,True,False,lbfgs,sensitivity
l_amyg-ant_vmPFC_neu,neu,l_amyg-ant_vmPFC,C5SPGN_log,C5SER,148,10,-0.015295317547558588,0.021599326353376268,-0.7081386380907997,0.4788591673781397,-0.08307157768518787,0.08714527277378645,-0.012199189101077383,0.3912430954914984,0.0008455405657381074,17.187653598137558,True,False,powell,sensitivity
l_amyg-ant_vmPFC_pos,pos,l_amyg-ant_vmPFC,PA_score,C5SER,93,10,0.5212528299873195,0.22409521393730072,2.3260328537545654,0.02001679808511514,0.39722818064557175,0.16854572229378095,0.0454076141905443,0.03765430538774181,0.4076577790384138,-98.64017821095197,True,False,lbfgs,sensitivity
l_amyg-ant_vmPFC_pos,pos,l_amyg-ant_vmPFC,NA_score,C5SER,93,10,0.022511166762659015,0.07810235864604162,0.2882264652810191,0.7731733916132868,0.04684468618394407,0.6178490811791315,0.003165601523454972,0.6787783158946981,0.029615205657860064,-2.3335399493105626,True,False,lbfgs,sensitivity
l_amyg-ant_vmPFC_pos,pos,l_amyg-ant_vmPFC,NA_score_log,C5SER,93,10,-0.3076427867341004,0.5522045440469671,-0.5571174486893288,0.577447186715363,0.17823196912585065,0.7898465860354087,-0.012553620862555256,0.816137601742235,1.9706417394334863e-10,-167.9042173439183,True,False,powell,sensitivity
l_amyg-ant_vmPFC_pos,pos,l_amyg-ant_vmPFC,C5SPGP,C5SER,148,10,0.2061128314575101,0.1632976763903932,1.2621908407610125,0.20688012371299846,0.05326175868769058,0.7657863307942698,0.027217895157641326,0.22179525316483484,0.04215489866925794,-146.74632255317943,True,False,powell,sensitivity
l_amyg-ant_vmPFC_pos,pos,l_amyg-ant_vmPFC,C5SPGN,C5SER,148,10,-0.08951820816456404,0.11005943919816025,-0.8133623868770398,0.4160103177750194,-0.05828619971503278,0.629758234840073,-0.014805312534746215,0.32351449231885887,3.2912895548587253e-10,-92.95889730603858,True,False,powell,sensitivity
l_amyg-ant_vmPFC_pos,pos,l_amyg-ant_vmPFC,C5SPGN_log,C5SER,148,10,-0.0438109648245528,0.04966946563546172,-0.8820502549009462,0.3777496313151163,-0.03281834108032327,0.5475426275921271,-0.0074107714839413965,0.2735591136617038,0.00023898647509775905,16.914113784367913,True,False,powell,sensitivity
l_amyg-ant_vmPFC_neg_vs_neu,neg_vs_neu,l_amyg-ant_vmPFC,PA_score,C5SER,93,10,-0.1432954252005585,0.07679376558197658,-1.8659773240002413,0.06204453811948274,0.08787189234900478,0.5609461836714273,0.1028048203198089,0.07327093513505821,0.37044307845520297,-100.48728550730485,True,False,lbfgs,sensitivity
l_amyg-ant_vmPFC_neg_vs_neu,neg_vs_neu,l_amyg-ant_vmPFC,NA_score,C5SER,93,10,-0.037999129113577786,0.023214360330846597,-1.636880300470119,0.10165548284450732,-0.1005155280553663,0.03831585457246788,0.029936047254122935,0.08468815721605948,0.035001632603617466,-1.4531502805468506,True,False,lbfgs,sensitivity
l_amyg-ant_vmPFC_neg_vs_neu,neg_vs_neu,l_amyg-ant_vmPFC,NA_score_log,C5SER,93,10,-0.1897021574698079,0.18114004050322058,-1.0472679422109055,0.29497601716194133,-0.34964828570316314,0.4653922578654719,0.15952335896320402,0.24154558991930564,0.1468477162430348,-168.99150894207528,True,False,powell,sensitivity
l_amyg-ant_vmPFC_neg_vs_neu,neg_vs_neu,l_amyg-ant_vmPFC,C5SPGP,C5SER,148,10,-0.2390477884253682,0.06028349550336927,-3.9653936194195594,7.327492711217687e-05,0.07837666607798939,0.5733334571724218,0.18791403521159614,8.767742411506717e-05,0.18064359285544515,-141.06880973818875,True,False,powell,sensitivity
l_amyg-ant_vmPFC_neg_vs_neu,neg_vs_neu,l_amyg-ant_vmPFC,C5SPGN,C5SER,148,10,0.01301582562106504,0.0395060946130426,0.32946373840678184,0.7418051979401914,-0.05268306482592535,0.6134955214946025,-0.012961151669987202,0.6796330016210786,1.6657080778907794e-05,-94.18661030886403,True,False,powell,sensitivity
l_amyg-ant_vmPFC_neg_vs_neu,neg_vs_neu,l_amyg-ant_vmPFC,C5SPGN_log,C5SER,148,10,0.007895353303686964,0.017808228470693546,0.44335422339622965,0.6575095410970304,-0.020305254412057366,0.665257029183323,-0.0077402610666616285,0.5843048955799158,0.0006949462106388152,15.620022238731707,True,False,lbfgs,sensitivity
l_amyg-ant_vmPFC_neg_vs_pos,neg_vs_pos,l_amyg-ant_vmPFC,PA_score,C5SER,93,10,-0.414955009276801,0.13691409875596933,-3.030769022673126,0.002439317733927693,-0.1225908379327213,0.5018234381743673,0.09470511104109981,0.004056665234973216,0.3597958065386125,-96.77634692160584,True,False,lbfgs,sensitivity
l_amyg-ant_vmPFC_neg_vs_pos,neg_vs_pos,l_amyg-ant_vmPFC,NA_score,C5SER,93,10,-0.015204903366120116,0.04649323641750843,-0.3270347374740781,0.7436416118005051,-0.0473949707648304,0.4987378838031945,0.004719458218614634,0.6742972065209838,0.03089045165886169,-2.9025649259884005,True,False,lbfgs,sensitivity
l_amyg-ant_vmPFC_neg_vs_pos,neg_vs_pos,l_amyg-ant_vmPFC,NA_score_log,C5SER,93,10,0.29762646362844924,0.33585895369130875,0.8861650414775026,0.37552859855592335,-0.038829325998484994,0.9407242312624243,-0.05402401318114398,0.5050583734510842,0.009166786079002686,-168.44361203601014,True,False,powell,sensitivity
l_amyg-ant_vmPFC_neg_vs_pos,neg_vs_pos,l_amyg-ant_vmPFC,C5SPGP,C5SER,148,10,-0.38324332774546366,0.1074314488236335,-3.5673290450975954,0.00036063850973167,-0.015016899471579852,0.9220208247481778,0.10201809354591049,0.0005078785581446873,0.13209586398219694,-140.9515100371342,True,False,powell,sensitivity
l_amyg-ant_vmPFC_neg_vs_pos,neg_vs_pos,l_amyg-ant_vmPFC,C5SPGN,C5SER,148,10,-0.006854162739517509,0.0727180590913019,-0.09425667881085352,0.9249052619500318,-0.17688138193783356,0.1073931108625348,-0.0010434995265124422,0.9578743372269011,0.00749312419873574,-92.32521922418175,True,False,lbfgs,sensitivity
l_amyg-ant_vmPFC_neg_vs_pos,neg_vs_pos,l_amyg-ant_vmPFC,C5SPGN_log,C5SER,148,10,-0.0008968499784116122,0.03275525424855138,-0.027380339398564612,0.978156379256907,-0.0803232592766018,0.10421861821069574,-0.0013288531150073796,0.8813119582881103,0.0016602056482400136,17.54479326525785,True,False,powell,sensitivity
l_amyg-post_vmPFC_neg,neg,l_amyg-post_vmPFC,PA_score,C5SER,93,10,-0.2048354298782235,0.21599544868543386,-0.9483321575749344,0.3429603849039089,-0.2421636412460563,0.42347823004962737,0.040148667948588394,0.38063955597651444,0.3616075006245501,-100.70586222591837,True,False,lbfgs,primary
l_amyg-post_vmPFC_neg,neg,l_amyg-post_vmPFC,NA_score,C5SER,93,10,-0.0357901727856732,0.06215984903207224,-0.5757763788519944,0.5647663415145727,-0.008163592353330841,0.9320649933944817,0.008508853687606316,0.5200097332596335,0.028827100571541267,-2.3164296894395022,True,False,lbfgs,primary
l_amyg-post_vmPFC_neg,neg,l_amyg-post_vmPFC,NA_score_log,C5SER,93,10,0.13673379239811753,0.4546284754661771,0.3007594107648237,0.7635979616319297,0.08724428024107106,0.9024497669486509,-0.012603743902185587,0.8962519848664663,1.270014664688689e-09,-168.49241181993668,True,False,powell,sensitivity
l_amyg-post_vmPFC_neg,neg,l_amyg-post_vmPFC,C5SPGP,C5SER,148,10,-0.5017929295882999,0.12373868784795759,-4.055263057297584,5.007791289202146e-05,-0.13195896414510927,0.48813870587284625,0.11450338067047502,7.440373254581752e-05,0.11747320926208842,-139.55888829318064,True,False,powell,sensitivity
l_amyg-post_vmPFC_neg,neg,l_amyg-post_vmPFC,C5SPGN,C5SER,148,10,-0.03408539093967255,0.08872958241250894,-0.3841491193005688,0.700867927258177,-0.30232590044511803,0.03721486277380712,0.005001406190505148,0.8085370520199258,0.03022927229834469,-90.84042557140936,True,False,powell,sensitivity
l_amyg-post_vmPFC_neg,neg,l_amyg-post_vmPFC,C5SPGN_log,C5SER,148,10,-0.011532599445427396,0.04041724711575806,-0.2853385687648928,0.7753847668707303,-0.14143770943869702,0.022567309655947613,0.0011258032443995777,0.9046674602053727,0.0026697226352696366,19.41910065779186,True,False,lbfgs,sensitivity
l_amyg-post_vmPFC_neu,neu,l_amyg-post_vmPFC,PA_score,C5SER,93,10,0.08786998250025661,0.10629652605910073,0.8266496164832425,0.4084356862240188,0.03196153949195355,0.8868009537331593,0.03916896109422842,0.44443537772256936,0.3893229320746385,-101.44877840203,True,False,lbfgs,sensitivity
l_amyg-post_vmPFC_neu,neu,l_amyg-post_vmPFC,NA_score,C5SER,93,10,0.06166468465057804,0.03295859256557521,1.8709744515906892,0.06134862229431959,0.13419911951871008,0.06339119100784138,0.031145451599456097,0.050012449065489704,0.030753810462542885,-0.1609243846250763,True,False,lbfgs,sensitivity
l_amyg-post_vmPFC_neu,neu,l_amyg-post_vmPFC,NA_score_log,C5SER,93,10,0.5851550598510947,0.25840275816386066,2.264507793992009,0.023542900935151545,1.3902382566114169,0.019876109748121838,0.30362699595948295,0.015595037303753116,1.837885137311492e-10,-165.09335071785105,True,False,powell,sensitivity
l_amyg-post_vmPFC_neu,neu,l_amyg-post_vmPFC,C5SPGP,C5SER,148,10,0.24493895362924187,0.09012095995799428,2.717891084864263,0.006569946094675094,0.006726690603198235,0.9727053777388808,0.12232258213853829,0.00724914759388376,0.10113278862785546,-144.19718993939546,True,False,powell,sensitivity
l_amyg-post_vmPFC_neu,neu,l_amyg-post_vmPFC,C5SPGN,C5SER,148,10,-0.010337424190119574,0.058998018636423386,-0.17521646368879237,0.8609095482953184,-0.0005021170903574844,0.997050739855757,-0.008287943902127417,0.7806883199500213,0.0002013773300535422,-93.7191396029906,True,False,lbfgs,sensitivity
l_amyg-post_vmPFC_neu,neu,l_amyg-post_vmPFC,C5SPGN_log,C5SER,148,10,-0.008537056257052858,0.02657048106078299,-0.3212985206223167,0.7479841774056335,-0.03191569000814449,0.6025106051463782,-0.0061104617297182496,0.6485222081893718,0.0008011397949819233,16.223674484860226,True,False,lbfgs,sensitivity
l_amyg-post_vmPFC_pos,pos,l_amyg-post_vmPFC,PA_score,C5SER,93,10,0.49708309084632313,0.16112260904799422,3.085123148038492,0.0020346788841498764,0.22361584094320094,0.21279114604233096,0.05677175664116815,0.005834547978163781,0.38547811346559663,-97.2782338020568,True,False,lbfgs,sensitivity
l_amyg-post_vmPFC_pos,pos,l_amyg-post_vmPFC,NA_score,C5SER,93,10,0.06942923118435183,0.06659680005694438,1.0425310394040788,0.2971655424701831,0.12380138281841455,0.08603366395404408,0.009496851193402427,0.2550628125291632,0.029850687188490467,-1.0605636168961894,True,False,lbfgs,sensitivity
l_amyg-post_vmPFC_pos,pos,l_amyg-post_vmPFC,NA_score_log,C5SER,93,10,0.16006985800590184,0.5962055280403402,0.26848100273748426,0.7883290958853146,1.1456871894154317,0.08524754740709303,0.03680600698172004,0.6194528795108648,1.8950526634313442e-10,-166.3635293893549,True,False,powell,sensitivity
l_amyg-post_vmPFC_pos,pos,l_amyg-post_vmPFC,C5SPGP,C5SER,148,10,0.07369306337050768,0.1555744836105327,0.4736834836938422,0.6357256328938161,0.11150616891310594,0.5647801699683429,0.009984404335455343,0.6354629704974499,0.042138592973791945,-147.32668557888792,True,False,powell,sensitivity
l_amyg-post_vmPFC_pos,pos,l_amyg-post_vmPFC,C5SPGN,C5SER,148,10,0.0007272923697105512,0.10281591155179573,0.007073733615094799,0.9943560242299241,0.0582878473426106,0.6568914245867716,-0.0029944280725483522,0.8294857685887183,0.0018462077636118108,-93.1529462057739,True,False,powell,sensitivity
l_amyg-post_vmPFC_pos,pos,l_amyg-post_vmPFC,C5SPGN_log,C5SER,148,10,0.003885951753038351,0.04638747929901066,0.08377156533964177,0.9332380561032982,0.021719911240535728,0.7136843984556789,-0.0011851583309738717,0.8501635329164137,0.0009828691932696103,16.600813435591675,True,False,powell,sensitivity
l_amyg-post_vmPFC_neg_vs_neu,neg_vs_neu,l_amyg-post_vmPFC,PA_score,C5SER,93,10,-0.07422027620802008,0.07966517310389096,-0.9316527325087185,0.3515160215908286,-0.09042978262342133,0.6533969337345745,0.04849677375231281,0.37969023495596355,0.3827106993471539,-101.78953136762206,True,False,lbfgs,sensitivity
l_amyg-post_vmPFC_neg_vs_neu,neg_vs_neu,l_amyg-post_vmPFC,NA_score,C5SER,93,10,-0.04753411216336411,0.02532732666639129,-1.8767915299343714,0.0605466718076455,-0.08867632782126134,0.13063998089459702,0.03424358691825957,0.05148649697551718,0.031890067977044405,-1.441754893229728,True,False,lbfgs,sensitivity
l_amyg-post_vmPFC_neg_vs_neu,neg_vs_neu,l_amyg-post_vmPFC,NA_score_log,C5SER,93,10,-0.28893713873617827,0.18932736368169042,-1.526124555465518,0.1269788477649776,-1.0142744606566736,0.0625650651447849,0.2212904891286949,0.09373120102988894,2.0052513503821507e-10,-167.13643556163444,True,False,powell,sensitivity
l_amyg-post_vmPFC_neg_vs_neu,neg_vs_neu,l_amyg-post_vmPFC,C5SPGP,C5SER,148,10,-0.23915241224563089,0.06047670719132173,-3.954454919132051,7.670933314973816e-05,0.13041277161541745,0.40959201954913327,0.17295744104532568,0.00010501919892001603,0.16697072697834342,-140.04234830722453,True,False,powell,sensitivity
l_amyg-post_vmPFC_neg_vs_neu,neg_vs_neu,l_amyg-post_vmPFC,C5SPGN,C5SER,148,10,0.003153353923438009,0.040365676465046504,0.07811968483096189,0.9377328488131953,-0.24037508310789277,0.037826792134225545,-0.003780580275370289,0.8986115918592874,0.0019104335574588885,-91.99364744682885,True,False,lbfgs,sensitivity
l_amyg-post_vmPFC_neg_vs_neu,neg_vs_neu,l_amyg-post_vmPFC,C5SPGN_log,C5SER,148,10,0.004453007052898235,0.0182543836063821,0.24394179222471113,0.8072759011804991,-0.09491350545172336,0.06990737593054297,-0.004269503910218174,0.7503488500682975,0.0010266569790222063,17.366007528449245,True,False,lbfgs,sensitivity
l_amyg-post_vmPFC_neg_vs_pos,neg_vs_pos,l_amyg-post_vmPFC,PA_score,C5SER,93,10,-0.35817899088890026,0.13754443218109144,-2.6040966196095865,0.009211678420077751,-0.24031945889005452,0.23241486938286626,0.11511066372576338,0.012010721408920318,0.3612195816008224,-98.31947601477643,True,False,lbfgs,sensitivity
l_amyg-post_vmPFC_neg_vs_pos,neg_vs_pos,l_amyg-post_vmPFC,NA_score,C5SER,93,10,-0.06676692783696216,0.04584570891488436,-1.456339740779654,0.1452987246959887,-0.0965361893144226,0.12850029352005962,0.02324390437998908,0.12864144020203588,0.03173945346817935,-1.5962387175914898,True,False,lbfgs,sensitivity
l_amyg-post_vmPFC_neg_vs_pos,neg_vs_pos,l_amyg-post_vmPFC,NA_score_log,C5SER,93,10,-0.04520682944804286,0.34344265053780276,-0.1316284665787802,0.895278168353902,-0.9197919675459931,0.10902721232830949,0.033105092767654574,0.7732358064299003,5.078481989413687e-09,-167.2677099970148,True,False,lbfgs,sensitivity
l_amyg-post_vmPFC_neg_vs_pos,neg_vs_pos,l_amyg-post_vmPFC,C5SPGP,C5SER,148,10,-0.32472032184428473,0.09507303456811463,-3.4154828792347045,0.0006366903180818895,-0.10017935506843349,0.5211453544420864,0.11599040183987915,0.000783388925332485,0.13626991845227837,-142.6332779516532,True,False,powell,sensitivity
l_amyg-post_vmPFC_neg_vs_pos,neg_vs_pos,l_amyg-post_vmPFC,C5SPGN,C5SER,148,10,-0.016340457594321386,0.06450718956785295,-0.2533121920795109,0.8000269753711551,-0.2496709579861458,0.024724983065529525,0.003291817106592478,0.8878165648119763,0.015065992117575347,-91.18394046557142,True,False,powell,sensitivity
l_amyg-post_vmPFC_neg_vs_pos,neg_vs_pos,l_amyg-post_vmPFC,C5SPGN_log,C5SER,148,10,-0.006632758896592748,0.029071294268818954,-0.22815492269660856,0.8195258037087849,-0.11570173504035887,0.020363470631363133,0.000955453490268473,0.9276257102346197,0.002342676851452851,18.810239492716903,True,False,powell,sensitivity
r_amyg-ant_vmPFC_neg,neg,r_amyg-ant_vmPFC,PA_score,C5SER,93,10,-0.03613560969111456,0.07232216062236409,-0.4996478172133092,0.6173230819776918,-0.05277206313109466,0.8190606113540241,0.027404957216711,0.6497054190996064,0.3817801597520867,-102.02288300441725,True,False,lbfgs,secondary
r_amyg-ant_vmPFC_neg,neg,r_amyg-ant_vmPFC,NA_score,C5SER,93,10,-0.04284886245773636,0.02262949032130922,-1.8934965767827046,0.058291863030718316,-0.0174895707828556,0.8080924086807867,0.03657430389283887,0.053568639229988155,0.03092174848408935,-1.8103970031011443,True,False,lbfgs,secondary
r_amyg-ant_vmPFC_neg,neg,r_amyg-ant_vmPFC,NA_score_log,C5SER,93,10,-0.3211946391793932,0.16670045292851476,-1.9267772434735337,0.05400739665420695,0.44994339987066684,0.40875609137223834,0.2770419038351861,0.047950586143001774,1.8589295999700495e-10,-166.80724274794696,True,False,powell,sensitivity
r_amyg-ant_vmPFC_neg,neg,r_amyg-ant_vmPFC,C5SPGP,C5SER,148,10,-0.21303074649673157,0.05882773707127134,-3.621263660688482,0.00029316754897035224,0.06386351276854559,0.714688234711678,0.17848288651698413,0.00035577199912243947,0.10333825233812842,-141.81251334763442,True,False,powell,sensitivity
r_amyg-ant_vmPFC_neg,neg,r_amyg-ant_vmPFC,C5SPGN,C5SER,148,10,0.008300347243589969,0.03967957855302296,0.20918435997243254,0.834304321278488,-0.22977726802747472,0.0686504042915962,-0.008019840384225617,0.8116099675049748,0.023123501928570205,-92.47856113836701,True,False,powell,sensitivity
r_amyg-ant_vmPFC_neg,neg,r_amyg-ant_vmPFC,C5SPGN_log,C5SER,148,10,0.005827630252321803,0.017916767369102356,0.3252612556867602,0.744983351423675,-0.09642426072526486,0.0868946359452408,-0.00570486325974753,0.7074107063887127,0.0032233918360447845,17.1840918925281,True,False,powell,sensitivity
r_amyg-ant_vmPFC_neu,neu,r_amyg-ant_vmPFC,PA_score,C5SER,93,10,-0.10449253465236714,0.1864494384620913,-0.5604336248704361,0.5751837017437307,-0.27273535106362223,0.400412127395518,0.024558485548745616,0.6117903935800846,0.3649510071774492,-101.05320776776895,True,False,lbfgs,sensitivity
r_amyg-ant_vmPFC_neu,neu,r_amyg-ant_vmPFC,NA_score,C5SER,93,10,-0.00916160877347267,0.052745989672722426,-0.17369299221264953,0.8621067452151987,0.05376733322896397,0.5642770639616619,0.0031295248142698077,0.8194837230237223,0.028951649567898457,-2.2775519154542394,True,False,lbfgs,sensitivity
r_amyg-ant_vmPFC_neu,neu,r_amyg-ant_vmPFC,NA_score_log,C5SER,93,10,-0.21966978675146256,0.3778619913872705,-0.5813492538505233,0.5610050913273263,0.23678599279535634,0.7241391547471661,0.0705208343648991,0.4724759006540806,1.9546531190640532e-10,-168.12309449232308,True,False,powell,sensitivity
r_amyg-ant_vmPFC_neu,neu,r_amyg-ant_vmPFC,C5SPGP,C5SER,148,10,-0.47774236937168185,0.13289062706259633,-3.5950042522310306,0.0003243862785584639,-0.2166971556250742,0.28007722184799433,0.12467659888187217,0.0004195974687288434,0.08806060243116703,-140.99542650221588,True,False,powell,sensitivity
r_amyg-ant_vmPFC_neu,neu,r_amyg-ant_vmPFC,C5SPGN,C5SER,148,10,0.0156876216901377,0.09672098637406966,0.16219459993372712,0.8711526121247044,-0.03403533909415403,0.8087339544500515,-0.007086834536039064,0.7823471986301584,5.286473759055688e-11,-93.31735597807074,True,False,powell,sensitivity
r_amyg-ant_vmPFC_neu,neu,r_amyg-ant_vmPFC,C5SPGN_log,C5SER,148,10,0.009568235437526286,0.04326452886920693,0.22115658456496853,0.8249705127387688,-0.018222705944406958,0.7729606521532756,-0.00411221219694803,0.7200871544946827,0.0008842422271425591,16.53252911923545,True,False,powell,sensitivity
r_amyg-ant_vmPFC_pos,pos,r_amyg-ant_vmPFC,PA_score,C5SER,93,10,-0.03414121431702288,0.1250167719160538,-0.2730930721835308,0.7847816719920546,-0.06511797239065575,0.8107491443573221,0.010338167264732145,0.8309102113750999,0.38498440300370934,-101.67322106019091,True,False,lbfgs,sensitivity
r_amyg-ant_vmPFC_pos,pos,r_amyg-ant_vmPFC,NA_score,C5SER,93,10,-0.06587735015131123,0.03925896567007442,-1.6780205241506647,0.09334309237948446,-0.07703351179577103,0.34937485078355024,0.026263387965070897,0.08373830714760927,0.028779569293047685,-1.6959451786116517,True,False,lbfgs,sensitivity
r_amyg-ant_vmPFC_pos,pos,r_amyg-ant_vmPFC,NA_score_log,C5SER,93,10,-0.328744058417052,0.30370432600649083,-1.0824477304614555,0.2790536292155352,-0.06523163987350745,0.9138794904059926,0.14075021099384877,0.23084545166478243,0.05421552677670594,-168.2651009691958,True,False,powell,sensitivity
r_amyg-ant_vmPFC_pos,pos,r_amyg-ant_vmPFC,C5SPGP,C5SER,148,10,-0.41908342428199863,0.10223825253731561,-4.099086338834271,4.1478429509300696e-05,-0.31840834034427173,0.07260412396571694,0.17160326789379954,4.8381541912448614e-05,0.12588361965570327,-139.81943606672212,True,False,powell,sensitivity
r_amyg-ant_vmPFC_pos,pos,r_amyg-ant_vmPFC,C5SPGN,C5SER,148,10,0.04992476271230403,0.0688790529020022,0.724817787249987,0.4685638221071582,-0.18169138573363622,0.14719787601234452,-0.022546444790379087,0.4267714836305937,8.915207436144932e-11,-91.85471911647443,True,False,powell,sensitivity
r_amyg-ant_vmPFC_pos,pos,r_amyg-ant_vmPFC,C5SPGN_log,C5SER,148,10,0.028844224144440257,0.031021427052909712,0.9298161588518784,0.35246627842138367,-0.07963865640953043,0.15863783898433925,-0.013017186344293004,0.3083132934947457,0.0006044780869019484,18.156123728946056,True,False,powell,sensitivity
r_amyg-ant_vmPFC_neg_vs_neu,neg_vs_neu,r_amyg-ant_vmPFC,PA_score,C5SER,93,10,-0.06307967568564027,0.09764162655610849,-0.646032618571674,0.5182582311557482,0.0518757897839618,0.7769787247965853,0.03298457128789639,0.5599224780742658,0.37704889722954715,-101.8236159957772,True,False,lbfgs,sensitivity
r_amyg-ant_vmPFC_neg_vs_neu,neg_vs_neu,r_amyg-ant_vmPFC,NA_score,C5SER,93,10,-0.06304199478938022,0.03000651566296184,-2.100943524982319,0.035645924067861046,-0.07825246743832351,0.1680628813863373,0.03762575263926171,0.030563497825099633,0.030689796505143266,-1.0284536509697944,True,False,lbfgs,sensitivity
r_amyg-ant_vmPFC_neg_vs_neu,neg_vs_neu,r_amyg-ant_vmPFC,NA_score_log,C5SER,93,10,-0.4823920901224332,0.23207595964676106,-2.0785956927924554,0.03765452720928786,-0.26292615427168253,0.6196963984576213,0.2945392019971422,0.029255489111192284,0.026541469027615568,-167.13954183495358,True,False,powell,sensitivity
r_amyg-ant_vmPFC_neg_vs_neu,neg_vs_neu,r_amyg-ant_vmPFC,C5SPGP,C5SER,148,10,-0.2012010523689461,0.08020905271772744,-2.5084581546800586,0.012125932950606932,-0.17699015832358148,0.3547852708370145,0.11804434250082661,0.012231763388345999,0.05000806877938003,-144.85567269972546,True,False,powell,sensitivity
r_amyg-ant_vmPFC_neg_vs_neu,neg_vs_neu,r_amyg-ant_vmPFC,C5SPGN,C5SER,148,10,0.002346463745480128,0.05449368535771536,0.04305936972471453,0.9656542075022327,-0.1829959748320444,0.15931645149005946,-0.003473410467292462,0.9135833782765435,0.012159877152517989,-92.84019396670396,True,False,powell,sensitivity
r_amyg-ant_vmPFC_neg_vs_neu,neg_vs_neu,r_amyg-ant_vmPFC,C5SPGN_log,C5SER,148,10,0.004165371507143915,0.024646266651620032,0.16900618523780028,0.865791776270862,-0.06967553474350523,0.23515335917267222,-0.0037193987103611346,0.7972326498228863,0.0020342339748428396,16.710084173572284,True,False,powell,sensitivity
r_amyg-ant_vmPFC_neg_vs_pos,neg_vs_pos,r_amyg-ant_vmPFC,PA_score,C5SER,93,10,-0.08545620386388937,0.1295254873683596,-0.6597636156416005,0.5094055355438492,-0.056423760906823016,0.7677850693260718,0.035588482313003864,0.5439852929178586,0.3765762888702801,-101.64936496400125,True,False,lbfgs,sensitivity
r_amyg-ant_vmPFC_neg_vs_pos,neg_vs_pos,r_amyg-ant_vmPFC,NA_score,C5SER,93,10,-0.06365881404803249,0.04079909200990484,-1.5602997741365903,0.11868905675016261,-0.03748757480871745,0.5680555660085462,0.02972350606055268,0.10873148453335946,0.03062064502808822,-2.0220049809774707,True,False,lbfgs,sensitivity
r_amyg-ant_vmPFC_neg_vs_pos,neg_vs_pos,r_amyg-ant_vmPFC,NA_score_log,C5SER,93,10,-0.6648147697640806,0.29422423675225917,-2.25955134458846,0.023849110246590977,-0.18617717196759043,0.7077340827241297,0.31458098776943444,0.018564170456814768,1.860407731059357e-10,-166.50850117021426,True,False,powell,sensitivity
r_amyg-ant_vmPFC_neg_vs_pos,neg_vs_pos,r_amyg-ant_vmPFC,C5SPGP,C5SER,148,10,-0.23813281530597585,0.10533518990458823,-2.2607147290632374,0.023776927800049474,0.0698649863921954,0.6780707342906469,0.10327238562867659,0.025905703735163304,0.04642923339976748,-144.8945049738993,True,False,powell,sensitivity
r_amyg-ant_vmPFC_neg_vs_pos,neg_vs_pos,r_amyg-ant_vmPFC,C5SPGN,C5SER,148,10,-0.04538446857824208,0.07235227817281506,-0.627270760843774,0.5304817662925143,-0.01951633251060743,0.8684276323658835,0.016592003488889846,0.6020472598917372,0.0010805203545395975,-93.51905586971174,True,False,powell,sensitivity
r_amyg-ant_vmPFC_neg_vs_pos,neg_vs_pos,r_amyg-ant_vmPFC,C5SPGN_log,C5SER,148,10,-0.019945974287019115,0.032633711066787405,-0.611207663333114,0.5410621107054829,-0.00401536094725507,0.9393457949329771,0.006951531292066556,0.6281039414004725,0.0008292758483622367,16.27145477442832,True,False,powell,sensitivity
r_amyg-post_vmPFC_neg,neg,r_amyg-post_vmPFC,PA_score,C5SER,93,10,-0.04823816771222638,0.07942012504285821,-0.6073796495056534,0.5435989906796359,-0.15279945382925667,0.48004682597283155,0.033552416900673024,0.5695218474677519,0.3929886671684798,-101.8937502520964,True,False,lbfgs,secondary
r_amyg-post_vmPFC_neg,neg,r_amyg-post_vmPFC,NA_score,C5SER,93,10,-0.04849621470007367,0.02494402982567051,-1.9442012793844974,0.051871183577377966,-0.08475512711217245,0.1852055194723392,0.03717247135190793,0.04490639210681608,0.030538481132253027,-1.5245322476517345,True,False,lbfgs,secondary
r_amyg-post_vmPFC_neg,neg,r_amyg-post_vmPFC,NA_score_log,C5SER,93,10,-0.23494153368316928,0.18639549003199168,-1.2604464498730386,0.2075083541720315,-0.13874699675986144,0.7802822240817205,0.1892145016104836,0.17251842881583912,0.05611201261469239,-168.78249668926256,True,False,powell,sensitivity
r_amyg-post_vmPFC_neg,neg,r_amyg-post_vmPFC,C5SPGP,C5SER,148,10,-0.21239088980347806,0.06383598396033181,-3.3271342685883787,0.0008774408422584923,-0.20727694053144916,0.21397591261408277,0.16159893365972117,0.0009047788105141836,0.09573628148878661,-142.79282731180683,True,False,powell,sensitivity
r_amyg-post_vmPFC_neg,neg,r_amyg-post_vmPFC,C5SPGN,C5SER,148,10,0.034251758592602814,0.04236481362344778,0.808495439093479,0.4188054305666751,-0.1986134536349377,0.08714335408351313,-0.027395989635061242,0.3956031059382894,0.011142547169733766,-92.15247856717065,True,False,powell,sensitivity
r_amyg-post_vmPFC_neg,neg,r_amyg-post_vmPFC,C5SPGN_log,C5SER,148,10,0.01816196680387423,0.019076656831438294,0.9520518696936112,0.3410706766808753,-0.0884665259441761,0.0909418787271932,-0.014680399766268384,0.3120662877242354,0.0022876496429698173,17.77949087762491,True,False,powell,sensitivity
r_amyg-post_vmPFC_neu,neu,r_amyg-post_vmPFC,PA_score,C5SER,93,10,0.028394504086608787,0.18452236104151631,0.15388110105647418,0.8777034857776058,0.26100639051898217,0.3726748691675966,-0.009532683878206433,0.8149920362042253,0.3929682178790634,-100.74236868932385,True,False,lbfgs,sensitivity
r_amyg-post_vmPFC_neu,neu,r_amyg-post_vmPFC,NA_score,C5SER,93,10,-0.06901308030502849,0.05326169746352232,-1.2957356522911032,0.19506657390912352,-0.13952026571557294,0.10317122647551451,0.016160277134285722,0.16904810693557248,0.02754011244876295,-1.3535323870991078,True,False,lbfgs,sensitivity
r_amyg-post_vmPFC_neu,neu,r_amyg-post_vmPFC,NA_score_log,C5SER,93,10,0.07978264012653778,0.39127478901741436,0.20390437198085593,0.8384282285101319,-0.042893043067372044,0.9455607420638744,-0.0010634115967279993,0.990167637132263,0.00517834870460408,-168.7342436397128,True,False,powell,sensitivity
r_amyg-post_vmPFC_neu,neu,r_amyg-post_vmPFC,C5SPGP,C5SER,148,10,-0.5453398049750763,0.13154939956942702,-4.145513447876025,3.390530999314301e-05,-0.2811944736477662,0.14371131392979006,0.11737606768412269,5.114732518369264e-05,0.1165153147164776,-139.64499255627072,True,False,lbfgs,sensitivity
r_amyg-post_vmPFC_neu,neu,r_amyg-post_vmPFC,C5SPGN,C5SER,148,10,0.13224962700015927,0.09241961702463718,1.4309692169023405,0.15243903772793765,-0.02165058832893914,0.8731867583934358,-0.031201963910196102,0.12389395658956225,1.186638016793914e-09,-91.93894097670591,True,False,powell,sensitivity
r_amyg-post_vmPFC_neu,neu,r_amyg-post_vmPFC,C5SPGN_log,C5SER,148,10,0.053441234770420204,0.041684443681616404,1.2820426530962379,0.19982768414416308,-0.028589385514985015,0.6391757505154021,-0.012993100687711187,0.15544129311038113,3.523754548659999e-12,17.93813751578901,True,False,powell,sensitivity
r_amyg-post_vmPFC_pos,pos,r_amyg-post_vmPFC,PA_score,C5SER,93,10,-0.020255704555056365,0.13867150594866118,-0.14606969482653062,0.8838663698085645,-0.09631413945128427,0.6768114567501361,0.003767234525227663,0.9313800984581102,0.38368453802635155,-101.60828922706091,True,False,lbfgs,sensitivity
r_amyg-post_vmPFC_pos,pos,r_amyg-post_vmPFC,NA_score,C5SER,93,10,-0.07519591644585585,0.043264669414125524,-1.7380444012200187,0.08220299040853973,-0.07969518264347313,0.30139087895988614,0.02450781125206277,0.07253900366258538,0.0284144121517167,-1.5812991190611285,True,False,lbfgs,sensitivity
r_amyg-post_vmPFC_pos,pos,r_amyg-post_vmPFC,NA_score_log,C5SER,93,10,-0.33436778669158385,0.3296632172355669,-1.014270835234418,0.3104535364812422,0.191413795584551,0.7233626324979414,0.11892229514517674,0.2528759423837442,0.13181966407153817,-167.9747344765141,True,False,powell,sensitivity
r_amyg-post_vmPFC_pos,pos,r_amyg-post_vmPFC,C5SPGP,C5SER,148,10,-0.4804736195339213,0.09906333457806098,-4.8501660233869135,1.2335817720643405e-06,-0.41037335455256885,0.007966535791586602,0.16571997562754182,1.6563060388237628e-06,0.06471277114661989,-136.18342912928063,True,False,powell,sensitivity
r_amyg-post_vmPFC_pos,pos,r_amyg-post_vmPFC,C5SPGN,C5SER,148,10,0.07593140560018978,0.07040691806762812,1.0784651236580929,0.280826237897539,-0.07204602793953423,0.5162028201976055,-0.02877155517564279,0.2407752413582327,0.00046990838714232905,-92.67086462383043,True,False,powell,sensitivity
r_amyg-post_vmPFC_pos,pos,r_amyg-post_vmPFC,C5SPGN_log,C5SER,148,10,0.04178282404672477,0.03174671852681506,1.3161304848383828,0.18813025063970867,-0.02154708663878491,0.6671833209551367,-0.015864097390291078,0.15144708502995097,0.0009701953987431796,17.263704001157123,True,False,powell,sensitivity
r_amyg-post_vmPFC_neg_vs_neu,neg_vs_neu,r_amyg-post_vmPFC,PA_score,C5SER,93,10,-0.06918573751703855,0.09733534412957685,-0.7107976874765617,0.4772096138716222,-0.37741556044978897,0.05506783564559098,0.03474642868892764,0.4942328791015812,0.40644141401152867,-100.39052423759969,True,False,lbfgs,sensitivity
r_amyg-post_vmPFC_neg_vs_neu,neg_vs_neu,r_amyg-post_vmPFC,NA_score,C5SER,93,10,-0.06689093442513257,0.03396586354083892,-1.9693576859809887,0.04891203120304821,-0.030148343216584363,0.6518641895020555,0.03577620782152656,0.04429155736622355,0.032000474994313466,-1.380886685501963,True,False,lbfgs,sensitivity
r_amyg-post_vmPFC_neg_vs_neu,neg_vs_neu,r_amyg-post_vmPFC,NA_score_log,C5SER,93,10,-0.5229036376171132,0.26369667387266105,-1.9829739599583385,0.04737033829484494,-0.24042057581948612,0.6844061195638775,0.28798064092325476,0.03774444753627949,0.14048138015352318,-167.05767197565527,True,False,powell,sensitivity
r_amyg-post_vmPFC_neg_vs_neu,neg_vs_neu,r_amyg-post_vmPFC,C5SPGP,C5SER,148,10,-0.1732753957845304,0.08649062284072002,-2.003400947911221,0.04513426981142454,-0.30028906933219546,0.10467253341648176,0.09520436635009884,0.04388438233815317,0.046207935799292686,-145.41234194486844,True,False,powell,sensitivity
r_amyg-post_vmPFC_neg_vs_neu,neg_vs_neu,r_amyg-post_vmPFC,C5SPGN,C5SER,148,10,0.005842552059767755,0.05921549782052869,0.09866592825877202,0.9214035221348114,-0.12942016014854077,0.3135948925734948,-0.005647224588305094,0.8612571336354515,0.012602589512262613,-93.26226968233345,True,False,powell,sensitivity
r_amyg-post_vmPFC_neg_vs_neu,neg_vs_neu,r_amyg-post_vmPFC,C5SPGN_log,C5SER,148,10,0.009636758331681606,0.02670703901602138,0.36083215087605097,0.7182249267634229,-0.03958653430110444,0.4949652682983109,-0.006687609228226226,0.6463178543963539,0.002295010997798064,16.34985433560024,True,False,powell,sensitivity
r_amyg-post_vmPFC_neg_vs_pos,neg_vs_pos,r_amyg-post_vmPFC,PA_score,C5SER,93,10,-0.09619207647926319,0.12270146892253087,-0.7839521182912267,0.4330682064689402,-0.09047069890519326,0.6642320195773864,0.038139614438037935,0.4693459477875078,0.3849553469337808,-101.55708355801724,True,False,lbfgs,sensitivity
r_amyg-post_vmPFC_neg_vs_pos,neg_vs_pos,r_amyg-post_vmPFC,NA_score,C5SER,93,10,-0.05665259647171273,0.03881563775560051,-1.459530224092186,0.14441922817264685,-0.09200120604036367,0.2006099450627118,0.025439805705671118,0.12843076424715766,0.03259519931461193,-2.037545844436721,True,False,lbfgs,sensitivity
r_amyg-post_vmPFC_neg_vs_pos,neg_vs_pos,r_amyg-post_vmPFC,NA_score_log,C5SER,93,10,-0.311738592090631,0.28533158843211154,-1.092548475980613,0.2745920954682157,-0.7554896837286683,0.1657835791587755,0.15122315254104027,0.21867085102492145,0.20896654032597212,-168.09564874554488,True,False,powell,sensitivity
r_amyg-post_vmPFC_neg_vs_pos,neg_vs_pos,r_amyg-post_vmPFC,C5SPGP,C5SER,148,10,-0.061689854121218156,0.100272634078921,-0.6152212384553923,0.538408623655374,0.03571683467266315,0.8379840589814604,0.025598458612797324,0.5419940907328218,0.04156750009283705,-147.8026226058463,True,False,powell,sensitivity
r_amyg-post_vmPFC_neg_vs_pos,neg_vs_pos,r_amyg-post_vmPFC,C5SPGN,C5SER,148,10,0.00659913506158402,0.06621662123433901,0.09965979747335403,0.9206144185542444,-0.06506803756108631,0.5758584944625145,-0.00560980592730738,0.8393780391400831,0.003299037113080708,-93.63370514498615,True,False,powell,sensitivity
r_amyg-post_vmPFC_neg_vs_pos,neg_vs_pos,r_amyg-post_vmPFC,C5SPGN_log,C5SER,148,10,0.0024027560275706387,0.029842207609910017,0.08051535794465588,0.9358273820167617,-0.03710621293627499,0.4779720658935308,-0.002547410140183712,0.8381772420898476,0.0011957523811548646,16.27502388760746,True,False,powell,sensitivity
l_amyg_safety_vs_threat_neg,neg,l_amyg_safety_vs_threat,PA_score,C5SER,93,10,-1.0764247751038125,0.436485533969753,-2.466117869506313,0.013658637984299116,-0.6679287479313946,0.14811629384705494,-0.07334378204379376,0.013237318291420377,0.4127481332496616,-96.06616188379721,True,False,lbfgs,sensitivity
l_amyg_safety_vs_threat_neg,neg,l_amyg_safety_vs_threat,NA_score,C5SER,93,10,0.09503567721286796,0.12731180411843632,0.7464796989637948,0.455377690548352,0.01931293154431343,0.9014150572708387,0.00737312695441606,0.3987587642051096,0.030966999939014847,-1.0556637925480743,True,False,lbfgs,sensitivity
l_amyg_safety_vs_threat_neg,neg,l_amyg_safety_vs_threat,NA_score_log,C5SER,93,10,0.8713221009730269,0.9050355369631907,0.9627490472879243,0.3356734763533611,1.038148007796581,0.36929075233391007,0.07406852848751687,0.23349913965133906,6.700642983938879e-10,-167.12336632918792,True,False,powell,sensitivity
l_amyg_safety_vs_threat_neg,neg,l_amyg_safety_vs_threat,C5SPGP,C5SER,148,10,0.20342372014302743,0.19701688799567543,1.0325192028588566,0.3018289565998482,0.18394913389723933,0.4585708076632634,0.019345307372182402,0.31976042896823875,0.038666651348262124,-146.5481366172063,True,False,powell,sensitivity
l_amyg_safety_vs_threat_neg,neg,l_amyg_safety_vs_threat,C5SPGN,C5SER,148,10,-0.1292453901240745,0.13380499898251305,-0.9659234789947239,0.3340824727247318,-0.08633705847358779,0.6051538314403665,-0.015125008373629423,0.2511608685988286,1.933560031651568e-11,-92.36886591653058,True,False,powell,sensitivity
l_amyg_safety_vs_threat_neg,neg,l_amyg_safety_vs_threat,C5SPGN_log,C5SER,148,10,-0.06436991527754615,0.060334692535082446,-1.066880638201933,0.2860257389892644,-0.03834484766834618,0.6105588978882406,-0.007661445522665254,0.19747215717722244,3.5745155570493792e-12,17.526326545495152,True,False,powell,sensitivity
r_amyg_safety_vs_threat_neg,neg,r_amyg_safety_vs_threat,PA_score,C5SER,93,10,-0.005266838322112592,0.19399327950166975,-0.02714959165411325,0.9783404209002362,0.10873029686724857,0.7104684294379182,-0.002520670299014292,0.8983774527895574,0.3873658535867593,-101.02693062482442,True,False,lbfgs,sensitivity
r_amyg_safety_vs_threat_neg,neg,r_amyg_safety_vs_threat,NA_score,C5SER,93,10,-0.01167392193250038,0.06430364117124499,-0.18154371540815128,0.8559408232429921,0.08322936506062978,0.4359606587033158,0.001910236445581026,0.7703165070688112,0.02617662130789469,-1.7843245945185515,True,False,lbfgs,sensitivity
r_amyg_safety_vs_threat_neg,neg,r_amyg_safety_vs_threat,NA_score_log,C5SER,93,10,-0.8728870743807223,0.4772408082944015,-1.829028572599042,0.06739532800007164,-0.1726779390300142,0.8309494327743397,0.09789381594009862,0.04224972855186031,1.4030263554059007e-07,-165.8316141854506,True,False,lbfgs,sensitivity
r_amyg_safety_vs_threat_neg,neg,r_amyg_safety_vs_threat,C5SPGP,C5SER,148,10,-0.14398448498849767,0.17903291961857543,-0.8042346921183687,0.421261446663745,0.24180020317633613,0.3366482741410812,0.012501574515507336,0.46695932552909236,0.026635950189967634,-145.45755121474542,True,False,powell,sensitivity
r_amyg_safety_vs_threat_neg,neg,r_amyg_safety_vs_threat,C5SPGN,C5SER,148,10,-0.22919107395363303,0.1232001114344166,-1.860315476058955,0.06284090525384389,-0.16068437401299385,0.3541632149654176,0.01702791037788513,0.1474278688471644,0.020937718002165887,-91.23995604242805,True,False,lbfgs,sensitivity
r_amyg_safety_vs_threat_neg,neg,r_amyg_safety_vs_threat,C5SPGN_log,C5SER,148,10,-0.10153036025066835,0.05520914702595895,-1.8390133831071416,0.06591321765453406,-0.06367030132002108,0.4091439443804479,0.007229693780653143,0.17071439710093783,0.0032152791401986397,18.545603400250627,True,False,lbfgs,sensitivity
l_amyg_safety_vs_threat_neu,neu,l_amyg_safety_vs_threat,PA_score,C5SER,93,10,0.11507908858337329,0.24242289491871755,0.47470387902907596,0.6349980527147445,0.05946403051557986,0.8375667776407398,0.011231588537436414,0.7125249011641638,0.3830058944610919,-100.67816823244172,True,False,lbfgs,sensitivity
l_amyg_safety_vs_threat_neu,neu,l_amyg_safety_vs_threat,NA_score,C5SER,93,10,0.04259223618098132,0.07481234178880182,0.569320985850448,0.5691383276063287,0.006921959113138925,0.9414602943909215,0.006241626239438631,0.5067671110085186,0.029117889173606665,-2.0395199179521626,True,False,lbfgs,sensitivity
l_amyg_safety_vs_threat_neu,neu,l_amyg_safety_vs_threat,NA_score_log,C5SER,93,10,-0.0894947496142574,0.5569217368074848,-0.16069537908015555,0.8723333290951447,-0.5967452226018637,0.41453545230454714,0.00474297180610146,0.9459268473628397,1.9681372074460182e-10,-167.83965976966036,True,False,powell,sensitivity
l_amyg_safety_vs_threat_neu,neu,l_amyg_safety_vs_threat,C5SPGP,C5SER,148,10,0.15962377420084928,0.16457136107792933,0.969936525743764,0.33207813218081705,0.29776517575711886,0.15039292869362014,0.025317341856743118,0.33379912309329884,0.03006697702980518,-146.29793091530905,True,False,powell,sensitivity
l_amyg_safety_vs_threat_neu,neu,l_amyg_safety_vs_threat,C5SPGN,C5SER,148,10,-0.13969094148742384,0.11112233629589438,-1.2570914736300858,0.20872051425582017,-0.2878744057567406,0.03726094120003449,-0.02497483414775988,0.157572861499242,2.7614021809187745e-09,-90.90491021041356,True,False,lbfgs,sensitivity
l_amyg_safety_vs_threat_neu,neu,l_amyg_safety_vs_threat,C5SPGN_log,C5SER,148,10,-0.06272381417913113,0.050171446897075526,-1.250189461503995,0.21123034558802267,-0.1164199836214582,0.0626851112963928,-0.011483045688500101,0.15023150334511431,0.0001457193689412521,18.507015241406833,True,False,powell,sensitivity
r_amyg_safety_vs_threat_neu,neu,r_amyg_safety_vs_threat,PA_score,C5SER,93,10,0.030491488403358,0.23878850784477265,0.12769244499479582,0.8983923691675952,-0.43086854748809256,0.1271189402698793,-0.002970161473397307,0.7953948106077617,0.38156962136576156,-99.05879498413711,True,False,lbfgs,sensitivity
r_amyg_safety_vs_threat_neu,neu,r_amyg_safety_vs_threat,NA_score,C5SER,93,10,0.0332001322417377,0.06861146730391982,0.48388605500411674,0.6284667375955115,0.20489652528263014,0.021238387835648395,-0.0006061853218333542,0.8561334004155617,0.025627545168874465,0.6667976795586412,True,False,lbfgs,sensitivity
r_amyg_safety_vs_threat_neu,neu,r_amyg_safety_vs_threat,NA_score_log,C5SER,93,10,-0.871256181855416,0.4901288024404617,-1.7776065750823768,0.07546849315728554,0.29351306595565413,0.6526457069995296,0.04737052377850173,0.046857167512908526,3.725014823480799e-06,-165.6175217182009,True,False,lbfgs,sensitivity
r_amyg_safety_vs_threat_neu,neu,r_amyg_safety_vs_threat,C5SPGP,C5SER,148,10,0.04823426738755169,0.18626005622735664,0.258961950106334,0.7956645986770936,0.22255573977466836,0.3195080003173756,-0.002072001821814184,0.8493539636689272,0.01905276137603315,-146.73038704031103,True,False,powell,sensitivity
r_amyg_safety_vs_threat_neu,neu,r_amyg_safety_vs_threat,C5SPGN,C5SER,148,10,-0.21678046031688616,0.13338845155266946,-1.6251816239975523,0.1041238647287015,-0.027218315587419925,0.8525867366451858,0.006761278071488363,0.37597113309887775,3.4507247024609044e-10,-91.31582388785216,True,False,powell,sensitivity
r_amyg_safety_vs_threat_neu,neu,r_amyg_safety_vs_threat,C5SPGN_log,C5SER,148,10,-0.08450579974704849,0.05822263435294735,-1.4514252178074218,0.14666149188424127,0.00538385279881836,0.9351220118631535,0.0021430473020168273,0.5246157064716144,3.5431300078057416e-12,18.21387706923079,True,False,powell,sensitivity
l_amyg_safety_vs_threat_pos,pos,l_amyg_safety_vs_threat,PA_score,C5SER,93,10,-0.28969773263093407,0.22988775661793442,-1.2601703409216427,0.20760791965646774,-0.2827234106523947,0.25584435519203386,0.00507563382322801,0.5992623469140357,0.40217880135005063,-100.14369429857166,True,False,lbfgs,sensitivity
l_amyg_safety_vs_threat_pos,pos,l_amyg_safety_vs_threat,NA_score,C5SER,93,10,-0.08941080637204998,0.07268888998682374,-1.230047760919962,0.21867922030507536,-0.13667058617273736,0.10713100562112393,0.0035644994059509686,0.22873474308353936,0.030801959924471753,-1.0519303815542855,True,False,lbfgs,sensitivity
l_amyg_safety_vs_threat_pos,pos,l_amyg_safety_vs_threat,NA_score_log,C5SER,93,10,-0.6982646039235381,0.5653253716021686,-1.2351552557151488,0.21677272811981263,-1.099862414334834,0.13785119588615713,0.03614208770961167,0.10054054743079491,1.93248444029341e-10,-167.0938592111344,True,False,powell,sensitivity
l_amyg_safety_vs_threat_pos,pos,l_amyg_safety_vs_threat,C5SPGP,C5SER,148,10,0.12063565658771924,0.1715081332417343,0.7033815499448518,0.4818180013608413,-0.06127777676321241,0.7625149150763746,0.0006619580215413442,0.921464275446056,0.022813695021461453,-146.95069612221914,True,False,powell,sensitivity
l_amyg_safety_vs_threat_pos,pos,l_amyg_safety_vs_threat,C5SPGN,C5SER,148,10,-0.10276956898047769,0.11213311749265002,-0.9164961367208391,0.35940673280023283,-0.13582431594721955,0.32116416922848345,-0.003358979690689023,0.45768558739586673,0.0019789267386118017,-92.56539844475208,True,False,powell,sensitivity
l_amyg_safety_vs_threat_pos,pos,l_amyg_safety_vs_threat,C5SPGN_log,C5SER,148,10,-0.05390437147418296,0.0505896193516482,-1.0655223772192066,0.28663960476728967,-0.06545309515737205,0.2880494248876756,-0.0018128468768620202,0.37400854650950865,0.0009562087210554376,17.377139605934758,True,False,powell,sensitivity
r_amyg_safety_vs_threat_pos,pos,r_amyg_safety_vs_threat,PA_score,C5SER,93,10,-0.13672061866639793,0.29755796163720105,-0.4594755855771562,0.6458926803781166,0.03409552363568975,0.9176211370828142,0.006545511689353851,0.7656881247739612,0.3736283581226662,-100.42881810435952,True,False,lbfgs,sensitivity
r_amyg_safety_vs_threat_pos,pos,r_amyg_safety_vs_threat,NA_score,C5SER,93,10,-0.03041286400137801,0.0936030563842992,-0.3249131510889361,0.745246803321669,0.006925372074132986,0.9498103515617391,0.003122782439769018,0.6504140252663818,0.02826521081165906,-1.8831139664532657,True,False,lbfgs,sensitivity
r_amyg_safety_vs_threat_pos,pos,r_amyg_safety_vs_threat,NA_score_log,C5SER,93,10,-0.31820207733443406,0.6888405411891998,-0.4619386611378835,0.6441253083410485,-0.7071215621781899,0.39812692856563214,0.03888328091118813,0.44236806239217596,0.09086282239581657,-167.56885307788045,True,False,powell,sensitivity
r_amyg_safety_vs_threat_pos,pos,r_amyg_safety_vs_threat,C5SPGP,C5SER,148,10,0.29052491391887925,0.20882695152108807,1.3912232678909793,0.16415773358703545,0.3906527063392583,0.11512380913209032,-0.01842483170249724,0.21870222453934063,2.4027979916588763e-09,-145.50807249661034,True,False,powell,sensitivity
r_amyg_safety_vs_threat_pos,pos,r_amyg_safety_vs_threat,C5SPGN,C5SER,148,10,-0.06394565087633028,0.1356284185040762,-0.47147678621946365,0.6373002931524048,-0.1373816143283701,0.39220903531357854,0.001012848897911861,0.9174578336745207,1.0824582102697184e-10,-92.43920225904446,True,False,powell,sensitivity
r_amyg_safety_vs_threat_pos,pos,r_amyg_safety_vs_threat,C5SPGN_log,C5SER,148,10,-0.032363869396767955,0.06113429644709997,-0.5293897415630306,0.5965351129997256,-0.07961858089172191,0.27179417193526656,0.000413141211909162,0.9252672964985743,0.0001943127173815769,17.587335179262936,True,False,powell,sensitivity
l_amyg_safety_vs_threat_neg_vs_neu,neu,l_amyg_safety_vs_threat_neg_vs,PA_score,C5SER,93,10,-0.42689813682649536,0.19584873699096045,-2.1797339282621935,0.029277190058694114,-0.03247655884482517,0.8669008704973105,0.021431740233506545,0.10416325447605845,0.3934964996778379,-98.44640828340337,True,False,lbfgs,sensitivity
l_amyg_safety_vs_threat_neg_vs_neu,neu,l_amyg_safety_vs_threat_neg_vs,NA_score,C5SER,93,10,0.0122936334672041,0.06466623265533834,0.19010900994847477,0.8492237099177311,-0.029237326326164825,0.707649852948953,0.00040077176158944414,0.9241440158154194,0.03125955801695694,-2.532288050013193,True,False,lbfgs,sensitivity
l_amyg_safety_vs_threat_neg_vs_neu,neu,l_amyg_safety_vs_threat_neg_vs,NA_score_log,C5SER,93,10,0.2453591801520681,0.479343988171091,0.5118645194408753,0.6087458313800562,0.6390560537001729,0.3956980695777771,0.0021266297114624533,0.9447383656981957,7.489975578546111e-10,-167.95114439483459,True,False,powell,sensitivity
l_amyg_safety_vs_threat_neg_vs_neu,neu,l_amyg_safety_vs_threat_neg_vs,C5SPGP,C5SER,148,10,0.0006093900582856917,0.15113739263709428,0.00403202706923056,0.9967829165695414,-0.14822306122466283,0.4211209176473635,0.0004695752112951906,0.9672979841228004,0.029572290990858778,-147.22379318333583,True,False,powell,sensitivity
l_amyg_safety_vs_threat_neg_vs_neu,neu,l_amyg_safety_vs_threat_neg_vs,C5SPGN,C5SER,148,10,0.019416567094768102,0.10137292716874916,0.19153602087909094,0.8481056623201133,0.18955642680249948,0.12522902916153852,-0.004449544852847626,0.5621264448244139,1.796106052392204e-11,-92.09149630724494,True,False,powell,sensitivity
l_amyg_safety_vs_threat_neg_vs_neu,neu,l_amyg_safety_vs_threat_neg_vs,C5SPGN_log,C5SER,148,10,0.005755915281543889,0.04581426873049564,0.12563586500536117,0.900020171713152,0.07584065970061482,0.17349752893250237,-0.0020993358422251116,0.5451710366092783,0.0003161061452684205,17.454419624644686,True,False,powell,sensitivity
r_amyg_safety_vs_threat_neg_vs_neu,neu,r_amyg_safety_vs_threat_neg_vs,PA_score,C5SER,93,10,-0.04740922006001086,0.18532708025640415,-0.2558137752692113,0.7980946366257209,0.30866955052988937,0.13396276249926217,7.962759320090295e-05,0.9950494203914383,0.38760426045803353,-99.60617916441137,True,False,lbfgs,sensitivity
r_amyg_safety_vs_threat_neg_vs_neu,neu,r_amyg_safety_vs_threat_neg_vs,NA_score,C5SER,93,10,-0.05504825892453405,0.06252239311188798,-0.880456684151893,0.37861196070140624,-0.10807013428960471,0.1638962821302592,0.004180131167674762,0.31294174678262354,0.027975015150502547,-1.7097997719470754,True,False,lbfgs,sensitivity
r_amyg_safety_vs_threat_neg_vs_neu,neu,r_amyg_safety_vs_threat_neg_vs,NA_score_log,C5SER,93,10,-0.2859667169046608,0.47774517992510795,-0.5985758285399957,0.5494557787535905,-0.37111849313629,0.5739751285648412,0.03241708869860661,0.29993334070605404,1.9878387678518993e-10,-168.35524641988272,True,False,powell,sensitivity
r_amyg_safety_vs_threat_neg_vs_neu,neu,r_amyg_safety_vs_threat_neg_vs,C5SPGP,C5SER,148,10,-0.20529630537943563,0.16104365093391565,-1.274786706516478,0.20238474716577493,-0.022341224522823982,0.913759331553849,0.008983929904387409,0.3438872983572422,0.0417316298237699,-146.50250396035642,True,False,powell,sensitivity
r_amyg_safety_vs_threat_neg_vs_neu,neu,r_amyg_safety_vs_threat_neg_vs,C5SPGN,C5SER,148,10,-0.02494876963601166,0.117974465991985,-0.2114760124254908,0.8325158482534267,-0.05471944076845422,0.6987827029394837,-0.0020901942785149447,0.7545577521012874,0.0026946495517684204,-93.13918327382913,True,False,powell,sensitivity
r_amyg_safety_vs_threat_neg_vs_neu,neu,r_amyg_safety_vs_threat_neg_vs,C5SPGN_log,C5SER,148,10,-0.024882190599179635,0.051880291529860754,-0.4796077636699128,0.6315063248306092,-0.03738195572718339,0.5549542987388727,-0.0006537084759381226,0.8261735292163035,0.0017495114734507385,16.776430068474923,True,False,powell,sensitivity
l_amyg_safety_vs_threat_neg_vs_pos,pos,l_amyg_safety_vs_threat_neg_vs,PA_score,C5SER,93,10,-0.04105379000035894,0.20698130423713293,-0.19834540202396597,0.8427748315658941,0.31027563933820923,0.15810164507924063,-0.006437981602414323,0.7550921755211839,0.4176891334706187,-99.60556507413472,True,False,lbfgs,sensitivity
l_amyg_safety_vs_threat_neg_vs_pos,pos,l_amyg_safety_vs_threat_neg_vs,NA_score,C5SER,93,10,0.14854553733879783,0.07371387881400089,2.01516376195067,0.04388749312603557,0.12238098728914383,0.12819156515420568,0.015104130502472514,0.038262477738555296,0.031096076001956418,-0.5571454622925955,True,False,lbfgs,sensitivity
l_amyg_safety_vs_threat_neg_vs_pos,pos,l_amyg_safety_vs_threat_neg_vs,NA_score_log,C5SER,93,10,1.079051931077967,0.5589033165005125,1.930659381007587,0.0535251892198807,1.5103682961622953,0.04539424985409488,0.1188921773634332,0.030916443180338666,5.224359422390141e-09,-165.99205009808927,True,False,powell,sensitivity
l_amyg_safety_vs_threat_neg_vs_pos,pos,l_amyg_safety_vs_threat_neg_vs,C5SPGP,C5SER,148,10,0.05814389303827446,0.17380885947989075,0.3345277865136763,0.7379813268341651,0.20805780100246155,0.3422143545869316,0.00590715132287124,0.7310028878159562,0.0417089513714903,-146.95458222317734,True,False,powell,sensitivity
l_amyg_safety_vs_threat_neg_vs_pos,pos,l_amyg_safety_vs_threat_neg_vs,C5SPGN,C5SER,148,10,0.02252425505587475,0.11606284584257429,0.19406947065925192,0.8461214860238924,0.09020303608023095,0.5415008313945721,-0.0010379739664835258,0.9277784448413747,7.801178275204656e-10,-92.95452713642828,True,False,powell,sensitivity
l_amyg_safety_vs_threat_neg_vs_pos,pos,l_amyg_safety_vs_threat_neg_vs,C5SPGN_log,C5SER,148,10,0.014245017841449074,0.052306433706068876,0.2723377762953143,0.7853623122289419,0.04637796945382111,0.48621506772059353,-0.00037766823002270694,0.9416749598618815,0.0007894320673550233,16.889492736088982,True,False,powell,sensitivity
r_amyg_safety_vs_threat_neg_vs_pos,pos,r_amyg_safety_vs_threat_neg_vs,PA_score,C5SER,93,10,0.027605834568526253,0.16302461902147597,0.1693353723764238,0.8655328545794485,0.015946172283828254,0.9422417228540773,-0.003517082801604289,0.6730291343575885,0.380420034775851,-101.61456883947298,True,False,lbfgs,sensitivity
r_amyg_safety_vs_threat_neg_vs_pos,pos,r_amyg_safety_vs_threat_neg_vs,NA_score,C5SER,93,10,-0.008708253384781121,0.05179503789018877,-0.16812910540279138,0.8664817124579649,0.03106978382420579,0.6614272770571507,0.0012141638108447653,0.6314176623705401,0.028555087928311976,-2.714511930270845,True,False,lbfgs,sensitivity
r_amyg_safety_vs_threat_neg_vs_pos,pos,r_amyg_safety_vs_threat_neg_vs,NA_score_log,C5SER,93,10,-0.5050966029630598,0.39801734601284466,-1.2690316339799912,0.2044297817017684,0.31041250264364456,0.6138430103782684,0.027859071157619302,0.12299338784158248,1.884855576393129e-10,-166.65345145179512,True,False,powell,sensitivity
r_amyg_safety_vs_threat_neg_vs_pos,pos,r_amyg_safety_vs_threat_neg_vs,C5SPGP,C5SER,148,10,-0.2809154403830024,0.14834840326272525,-1.8936195753013987,0.058275523295783005,-0.11225702082480012,0.58248709882019,0.007080548592060081,0.34697636516763697,0.010729793848200834,-145.6865758125324,True,False,powell,sensitivity
r_amyg_safety_vs_threat_neg_vs_pos,pos,r_amyg_safety_vs_threat_neg_vs,C5SPGN,C5SER,148,10,-0.10297715529899922,0.10120175028632314,-1.017543224377573,0.30889508068312876,0.009241106321962258,0.9472920085330421,-0.0007476852076660793,0.8841808177263866,0.007867437486680508,-92.55302725173556,True,False,powell,sensitivity
r_amyg_safety_vs_threat_neg_vs_pos,pos,r_amyg_safety_vs_threat_neg_vs,C5SPGN_log,C5SER,148,10,-0.04249758961435523,0.0455022309006911,-0.9339671654145151,0.350320830465199,0.02153325805630491,0.7324175070557057,-0.0007276112156559719,0.753113017751368,0.0015587663175476388,17.39955817687462,True,False,lbfgs,sensitivity
l_amyg-ant_vmPFC_neg,neg,l_amyg-ant_vmPFC,PA_score,C5SES,93,10,-0.12139722012208676,0.16495146478813555,-0.735957211886599,0.46175673786485505,0.06414491898055337,0.8145165448089117,0.012766271648601439,0.5983580601862822,0.3608879396644589,-100.67416867169291,True,False,lbfgs,primary
l_amyg-ant_vmPFC_neg,neg,l_amyg-ant_vmPFC,NA_score,C5SES,93,10,0.047179751268499576,0.051482769206092856,0.9164182889935915,0.35944754644433097,0.042938866016111764,0.6683934132998968,-0.005984637138021211,0.4292173539859955,0.02829856416070158,-2.509058856335713,True,False,lbfgs,primary
l_amyg-ant_vmPFC_neg,neg,l_amyg-ant_vmPFC,NA_score_log,C5SES,93,10,0.6981201686316331,0.3875506657838199,1.8013649059786476,0.07164538373676632,0.901458868357468,0.18696572941892564,-0.08720295292147759,0.1246555151864378,1.0345592899071967e-09,-167.45110154555405,True,False,powell,sensitivity
l_amyg-ant_vmPFC_neg,neg,l_amyg-ant_vmPFC,C5SPGP,C5SES,148,10,-0.028330460142417392,0.13480519932040622,-0.21015851232177846,0.8335439588025815,0.21684696437596374,0.2634727040045999,0.0006541690890889966,0.9727553294290416,0.03911009989248771,-146.62924267954668,True,False,powell,sensitivity
l_amyg-ant_vmPFC_neg,neg,l_amyg-ant_vmPFC,C5SPGN,C5SES,148,10,-0.1211751512708527,0.09311499997496082,-1.3013494206458402,0.19313887810860164,-0.32806749958215936,0.010938912690065587,0.014153197412316527,0.28233642697568695,1.790554951784884e-08,-90.4457977727219,True,False,lbfgs,sensitivity
l_amyg-ant_vmPFC_neg,neg,l_amyg-ant_vmPFC,C5SPGN_log,C5SES,148,10,-0.03982742524643041,0.04097226133856154,-0.972058264427459,0.3310215635121039,-0.14521702850421908,0.01269803271165658,0.004158653157770674,0.4741397813662399,0.00032253242202958255,19.209212870217073,True,False,powell,sensitivity
l_amyg-ant_vmPFC_neu,neu,l_amyg-ant_vmPFC,PA_score,C5SES,93,10,-0.10611985803988325,0.07389616771148003,-1.4360671375302885,0.15098323806798053,-0.1109928191857071,0.5832939309543679,-0.06753762891180412,0.13202371500158314,0.38103699105568994,-101.24539762373709,True,False,lbfgs,sensitivity
l_amyg-ant_vmPFC_neu,neu,l_amyg-ant_vmPFC,NA_score,C5SES,93,10,0.01824547804171675,0.023930522016067043,0.7624354382853273,0.44580016214955087,0.08850071158735583,0.17403979890181054,0.012018408220949125,0.40781368782474636,0.02945877933368642,-2.8301238661768764,True,False,lbfgs,sensitivity
l_amyg-ant_vmPFC_neu,neu,l_amyg-ant_vmPFC,NA_score_log,C5SES,93,10,-0.027458004614103165,0.17872146854148951,-0.15363573743088896,0.8778969570649136,0.244494932362599,0.6214317282052019,-0.003167093514080992,0.9767418211292982,0.007408948107672654,-169.7449128226718,True,False,powell,sensitivity
l_amyg-ant_vmPFC_neu,neu,l_amyg-ant_vmPFC,C5SPGP,C5SES,148,10,-0.0365167375526795,0.0600300546779601,-0.6083075844021602,0.5429834917115379,0.053277032799867785,0.7503093259238691,-0.026259093658141518,0.5062026171161458,0.031455203615920704,-148.18958658080885,True,False,powell,sensitivity
l_amyg-ant_vmPFC_neu,neu,l_amyg-ant_vmPFC,C5SPGN,C5SES,148,10,0.04977996658114862,0.04047428890821168,1.2299157792256838,0.2187286447087453,-0.10611609251412403,0.34018676578622675,0.0292777828269826,0.27148335780400135,3.7982906480787044e-10,-92.79894624283872,True,False,powell,sensitivity
l_amyg-ant_vmPFC_neu,neu,l_amyg-ant_vmPFC,C5SPGN_log,C5SES,148,10,0.022576411744569546,0.018178716240181726,1.2419145250018964,0.21426810037892707,-0.05781603661999745,0.24815979322584913,0.012969984114459137,0.2781323982961824,0.00021790480026561397,17.268237936584853,True,False,lbfgs,sensitivity
l_amyg-ant_vmPFC_pos,pos,l_amyg-ant_vmPFC,PA_score,C5SES,93,10,-0.06131978375322943,0.1672568789639471,-0.36662039931073426,0.7139021897711271,-0.15556215578295896,0.5815860546141502,-0.009604622688914002,0.5686567482907698,0.38266800016363367,-101.1803805436177,True,False,lbfgs,sensitivity
l_amyg-ant_vmPFC_pos,pos,l_amyg-ant_vmPFC,NA_score,C5SES,93,10,0.004947221464724772,0.05288021205176978,0.09355525011664925,0.925462458866952,0.03310711536000021,0.7109970596541099,0.0011019570442238429,0.8347923536000417,0.028858985678260455,-2.8039411869258117,True,False,lbfgs,sensitivity
l_amyg-ant_vmPFC_pos,pos,l_amyg-ant_vmPFC,NA_score_log,C5SES,93,10,-0.23838482162730312,0.3933203216500568,-0.6060831553966789,0.5444595359011881,0.17109508832484052,0.7910235066571721,-0.009928268313543947,0.799544993059834,2.0102372833386147e-10,-168.49304716470093,True,False,powell,sensitivity
l_amyg-ant_vmPFC_pos,pos,l_amyg-ant_vmPFC,C5SPGP,C5SES,148,10,-0.09421592663537476,0.1243846217307123,-0.7574563907051826,0.4487764830429777,-0.11748790689820617,0.5337165199229537,-0.01521001939142118,0.3766819640521283,0.0442140028321115,-147.44280699196247,True,False,powell,sensitivity
l_amyg-ant_vmPFC_pos,pos,l_amyg-ant_vmPFC,C5SPGN,C5SES,148,10,0.08389002006976207,0.08527668873193565,0.9837391826207919,0.32524376905045527,0.048625245470576096,0.7034057712587167,0.008711853812295167,0.4593138959277919,0.008720170256567732,-93.2417508747883,True,False,powell,sensitivity
l_amyg-ant_vmPFC_pos,pos,l_amyg-ant_vmPFC,C5SPGN_log,C5SES,148,10,0.04559980910634951,0.03802163438108425,1.199312177096611,0.23040658192833785,0.02318174640913411,0.6867686567143964,0.004670390574620671,0.37436738038149664,0.0021216389836594698,16.76128142974477,True,False,lbfgs,sensitivity
l_amyg-ant_vmPFC_neg_vs_neu,neg_vs_neu,l_amyg-ant_vmPFC,PA_score,C5SES,93,10,0.044359118358825986,0.05748022079736916,0.7717283918445956,0.4402753112235862,0.17533284591108772,0.30058268116404463,-0.03768813707612371,0.38133129484042283,0.37264699554315306,-102.08244622070075,True,False,lbfgs,sensitivity
l_amyg-ant_vmPFC_neg_vs_neu,neg_vs_neu,l_amyg-ant_vmPFC,NA_score,C5SES,93,10,-0.0026641500623954045,0.0175242955739947,-0.15202608579307966,0.8791663612943199,-0.08691527893439369,0.1325354468327677,0.003249784703798099,0.8042907978184493,0.0338701699618026,-3.167094863002916,True,False,lbfgs,sensitivity
l_amyg-ant_vmPFC_neg_vs_neu,neg_vs_neu,l_amyg-ant_vmPFC,NA_score_log,C5SES,93,10,0.11969268735028704,0.14483200932556195,0.8264242684173133,0.4085634615115121,-0.12941162711099297,0.7867475613250691,-0.07540176396470467,0.48652326737016427,0.10132200506081183,-169.71727168292605,True,False,powell,sensitivity
l_amyg-ant_vmPFC_neg_vs_neu,neg_vs_neu,l_amyg-ant_vmPFC,C5SPGP,C5SES,148,10,0.01570787727597106,0.049395867792134694,0.3179998242377721,0.7504850702328651,0.1245146120552988,0.41630140813375227,-0.016175465383974238,0.678494314347352,0.04179750534944633,-148.388108897282,True,False,lbfgs,sensitivity
l_amyg-ant_vmPFC_neg_vs_neu,neg_vs_neu,l_amyg-ant_vmPFC,C5SPGN,C5SES,148,10,-0.048262213025325795,0.033951653336845314,-1.4214981681893604,0.15517198573108093,-0.07407878825133395,0.4732252588670304,0.035976677377673204,0.17915014088448433,1.8017556440944546e-11,-93.49176008970528,True,False,powell,sensitivity
l_amyg-ant_vmPFC_neg_vs_neu,neg_vs_neu,l_amyg-ant_vmPFC,C5SPGN_log,C5SES,148,10,-0.020109135370806382,0.015165291719541597,-1.3259972668309623,0.1848406027021059,-0.03010216185793649,0.5173590863112417,0.014669939791995507,0.22044136021904193,3.5988578333739e-12,16.06472932032588,True,False,powell,sensitivity
l_amyg-ant_vmPFC_neg_vs_pos,neg_vs_pos,l_amyg-ant_vmPFC,PA_score,C5SES,93,10,-0.0383039392441756,0.11168860792833393,-0.34295296498595174,0.7316338450319702,0.1629763592212676,0.4236736446689052,0.004576109639283983,0.8643660013942647,0.36670956538060356,-101.21064904991519,True,False,lbfgs,sensitivity
l_amyg-ant_vmPFC_neg_vs_pos,neg_vs_pos,l_amyg-ant_vmPFC,NA_score,C5SES,93,10,0.022270713490924555,0.035605823457129746,0.6254795235318464,0.5316563834528529,-0.008239392920477533,0.9045382293315843,-0.004471973628025743,0.6001768534101903,0.029642502668976403,-3.107894511609544,True,False,lbfgs,sensitivity
l_amyg-ant_vmPFC_neg_vs_pos,neg_vs_pos,l_amyg-ant_vmPFC,NA_score_log,C5SES,93,10,0.5103819704419107,0.28146204666366964,1.813324306036141,0.06978181658101246,0.2132417138915494,0.6745534326286658,-0.10676572168823349,0.11228099243720852,1.9635457039707473e-10,-167.65852844436992,True,False,powell,sensitivity
l_amyg-ant_vmPFC_neg_vs_pos,neg_vs_pos,l_amyg-ant_vmPFC,C5SPGP,C5SES,148,10,0.017005761803419457,0.09726512984589081,0.17483924434546885,0.8612059507270342,0.22952520328000103,0.13595356230836023,-0.0077367415007645775,0.7680062699897824,0.040815195829852435,-146.95128930952671,True,False,powell,sensitivity
l_amyg-ant_vmPFC_neg_vs_pos,neg_vs_pos,l_amyg-ant_vmPFC,C5SPGN,C5SES,148,10,-0.09737003770358067,0.06515017240117998,-1.4945476598894945,0.13503253468889453,-0.21894649369852992,0.03470862134271595,0.023557246922104893,0.17979483772802862,6.845023868133204e-07,-91.45654788548939,True,False,powell,sensitivity
l_amyg-ant_vmPFC_neg_vs_pos,neg_vs_pos,l_amyg-ant_vmPFC,C5SPGN_log,C5SES,148,10,-0.04047807337928428,0.029406528543622183,-1.3764995524459258,0.16866702578682435,-0.09927864253753894,0.033795898360060264,0.009481033947416933,0.2317038272645826,0.0006937122796773093,18.212542810718816,True,False,powell,sensitivity
l_amyg-post_vmPFC_neg,neg,l_amyg-post_vmPFC,PA_score,C5SES,93,10,-0.07756119096231337,0.13969930880256912,-0.5552009643220726,0.5787572094071596,-0.13486124731999108,0.6196143931853404,0.012111924145589795,0.6835674818807529,0.37699745121346057,-101.33476471148336,True,False,lbfgs,primary
l_amyg-post_vmPFC_neg,neg,l_amyg-post_vmPFC,NA_score,C5SES,93,10,0.022350276322112388,0.043810578919522156,0.510157064191476,0.6099414295811081,0.055518911717601226,0.5280975828387278,-0.004044386035286955,0.6645218254765393,0.028249608648538396,-2.7905961493713107,True,False,lbfgs,primary
l_amyg-post_vmPFC_neg,neg,l_amyg-post_vmPFC,NA_score_log,C5SES,93,10,0.2871569102114903,0.335021520592549,0.8571297440940479,0.3913731844927817,0.28258138369202485,0.6740622854687532,-0.04795853165335419,0.5003180043023507,0.02419189410428222,-168.74586794886736,True,False,powell,sensitivity
l_amyg-post_vmPFC_neg,neg,l_amyg-post_vmPFC,C5SPGP,C5SES,148,10,0.022229233068633045,0.11315535310396084,0.1964487976826873,0.8442589052475811,0.24685145093732572,0.1950642548383532,-0.00831889023577836,0.7517155433980436,0.029330454332514366,-146.8925796405075,True,False,powell,sensitivity
l_amyg-post_vmPFC_neg,neg,l_amyg-post_vmPFC,C5SPGN,C5SES,148,10,-0.06564533629068649,0.08047800001787626,-0.8156929381458902,0.4146757789932225,-0.30507085696701847,0.016565107461246946,0.01295082582879867,0.4858544437543053,0.001519380712243902,-90.86472377172424,True,False,powell,sensitivity
l_amyg-post_vmPFC_neg,neg,l_amyg-post_vmPFC,C5SPGN_log,C5SES,148,10,-0.02414651853400614,0.0342722228390226,-0.7045506983139926,0.4810898890278934,-0.14674268735995796,0.009683266410630779,0.004375735832331711,0.582004905774167,0.0008765886442523255,19.288673043536647,True,False,powell,sensitivity
l_amyg-post_vmPFC_neu,neu,l_amyg-post_vmPFC,PA_score,C5SES,93,10,-0.09958831875803381,0.09801635797256546,-1.0160377391894968,0.3096114155279186,-0.12004846778877815,0.6403446434054879,-0.05171773983075036,0.2765545778503735,0.3904379436757365,-101.29189002909206,True,False,lbfgs,sensitivity
l_amyg-post_vmPFC_neu,neu,l_amyg-post_vmPFC,NA_score,C5SES,93,10,-0.0029247307088516236,0.03121049900212306,-0.09370983490692257,0.925339657534036,0.11584627325674733,0.16684745360975017,-0.0001359022279505356,0.9928389971718645,0.02845528321750981,-1.9948798096653206,True,False,lbfgs,sensitivity
l_amyg-post_vmPFC_neu,neu,l_amyg-post_vmPFC,NA_score_log,C5SES,93,10,-0.2353018117460793,0.23516332521801664,-1.0005888950920994,0.3170256010335324,0.6933283113593026,0.26457795854184885,-0.0961917980848024,0.3983524352104215,1.907884677380593e-10,-167.56769131052917,True,False,powell,sensitivity
l_amyg-post_vmPFC_neu,neu,l_amyg-post_vmPFC,C5SPGP,C5SES,148,10,-0.044961482162361156,0.07626392834788463,-0.5895510910120626,0.5554916497922227,-0.13315771301907825,0.5156140869237034,-0.02595344352497846,0.4982956129579409,0.04191252532401549,-147.73481556499667,True,False,powell,sensitivity
l_amyg-post_vmPFC_neu,neu,l_amyg-post_vmPFC,C5SPGN,C5SES,148,10,0.08000280708967349,0.05110720062952534,1.5653920798677976,0.11749100435947257,0.057377591766259575,0.6742188280074479,0.03762579214326362,0.1428190934638249,5.02038715733213e-11,-92.81229934478154,True,False,powell,sensitivity
l_amyg-post_vmPFC_neu,neu,l_amyg-post_vmPFC,C5SPGN_log,C5SES,148,10,0.03262681949246615,0.023105039968570582,1.4121083338028368,0.1579180652851,-0.006401873400572427,0.9173706156904762,0.014846885830719778,0.2009017984220034,0.0003877689437803345,16.811103125861734,True,False,powell,sensitivity
l_amyg-post_vmPFC_pos,pos,l_amyg-post_vmPFC,PA_score,C5SES,93,10,-0.03220122107520947,0.16527558312132615,-0.19483350454477644,0.84552329204881,-0.053127145119961305,0.8573588952463151,-0.007820386996601675,0.7081408656555457,0.3764807820213851,-101.38109755369666,True,False,lbfgs,sensitivity
l_amyg-post_vmPFC_pos,pos,l_amyg-post_vmPFC,NA_score,C5SES,93,10,-0.01829186535209547,0.05424723798102564,-0.3371944090221426,0.7359703517125893,0.07201434831302354,0.447213656274441,-0.001411018564583403,0.8352674321597404,0.028262518414912032,-1.8113355154096666,True,False,lbfgs,sensitivity
l_amyg-post_vmPFC_pos,pos,l_amyg-post_vmPFC,NA_score_log,C5SES,93,10,-0.5077934708039037,0.4468353103270318,-1.13642198606072,0.2557799985717333,0.4649943297618609,0.5186510658493866,-0.047002995128527104,0.3960187804314843,2.5906757189669275e-09,-166.2824997955182,True,False,powell,sensitivity
l_amyg-post_vmPFC_pos,pos,l_amyg-post_vmPFC,C5SPGP,C5SES,148,10,0.04011148367197392,0.13753140972896913,0.2916532576159944,0.770551751073898,0.10102655238220541,0.6139637174905768,0.0020407535491892468,0.912483943766651,0.03407195600551508,-147.41222910860336,True,False,powell,sensitivity
l_amyg-post_vmPFC_pos,pos,l_amyg-post_vmPFC,C5SPGN,C5SES,148,10,0.048952386823559256,0.09288406371672767,0.5270267564181016,0.5981750079976271,0.0880215931258769,0.5155200422716264,0.0042667340209740475,0.7335899242133974,0.0034148600328700314,-93.27593653025338,True,False,powell,sensitivity
l_amyg-post_vmPFC_pos,pos,l_amyg-post_vmPFC,C5SPGN_log,C5SES,148,10,0.017333322321099288,0.04197915789543278,0.4129030497532945,0.6796776465624874,0.030644313396540203,0.6161645495324255,0.0010677129666843584,0.850523638562348,0.0011978558934391502,16.379354131759555,True,False,lbfgs,sensitivity
l_amyg-post_vmPFC_neg_vs_neu,neg_vs_neu,l_amyg-post_vmPFC,PA_score,C5SES,93,10,0.02532146505150608,0.06646418447071323,0.3809790980383386,0.7032187583847227,-0.014216827265519424,0.9480530936297163,-0.021038675093574908,0.6485056819451334,0.38955598309298295,-102.2940316006021,True,False,lbfgs,sensitivity
l_amyg-post_vmPFC_neg_vs_neu,neg_vs_neu,l_amyg-post_vmPFC,NA_score,C5SES,93,10,0.005894736806637783,0.02106176916380739,0.27987852116275763,0.779570706565911,-0.05170275685095662,0.4468138205408604,-0.002995517588974854,0.8380628806886785,0.029299884685013967,-3.3599742493589417,True,False,lbfgs,sensitivity
l_amyg-post_vmPFC_neg_vs_neu,neg_vs_neu,l_amyg-post_vmPFC,NA_score_log,C5SES,93,10,0.1738230873071137,0.15954737928966659,1.0894762927539463,0.2759439037557141,-0.5590001275215822,0.3035082883605327,-0.1029390164877053,0.35282033702955207,3.471096651932367e-08,-168.22936541549635,True,False,lbfgs,sensitivity
l_amyg-post_vmPFC_neg_vs_neu,neg_vs_neu,l_amyg-post_vmPFC,C5SPGP,C5SES,148,10,0.02012139228845808,0.05260714730991977,0.3824840029800271,0.7021023923336269,0.29073923082836933,0.0845719709346057,-0.01934972263337553,0.6139562882941165,0.03887924343511572,-147.0811898131127,True,False,powell,sensitivity
l_amyg-post_vmPFC_neg_vs_neu,neg_vs_neu,l_amyg-post_vmPFC,C5SPGN,C5SES,148,10,-0.04840390900691366,0.035222134351313765,-1.3742469017953827,0.16936504452482226,-0.2634835969348825,0.019736152252770436,0.03428925127198224,0.18150198128313855,8.283289109193978e-10,-91.25424898542735,True,False,powell,sensitivity
l_amyg-post_vmPFC_neg_vs_neu,neg_vs_neu,l_amyg-post_vmPFC,C5SPGN_log,C5SES,148,10,-0.019382575731951318,0.015971211999710577,-1.2135945432508541,0.22490259181627215,-0.10651090540522187,0.0376454951639418,0.013389125211945232,0.24997532927161525,0.0001623630371927653,17.82006357157394,True,False,lbfgs,sensitivity
l_amyg-post_vmPFC_neg_vs_pos,neg_vs_pos,l_amyg-post_vmPFC,PA_score,C5SES,93,10,-0.04411330092470055,0.11597809370642764,-0.38035890671184347,0.7036790140874438,-0.1132670600204392,0.7037463346439872,0.0105207518933702,0.7846886537848811,0.38608407895160185,-101.73655939246996,True,False,lbfgs,sensitivity
l_amyg-post_vmPFC_neg_vs_pos,neg_vs_pos,l_amyg-post_vmPFC,NA_score,C5SES,93,10,0.01846689545462917,0.03699614447158364,0.49915729648026985,0.6176685757888178,-0.027004357480527427,0.746272529390381,-0.0052259764489817374,0.6706176044665213,0.029400185600699465,-2.77564714069743,True,False,lbfgs,sensitivity
l_amyg-post_vmPFC_neg_vs_pos,neg_vs_pos,l_amyg-post_vmPFC,NA_score_log,C5SES,93,10,0.35198264394410483,0.277753870458365,1.2672465854867956,0.20506713312494407,-0.3876273261727708,0.5388154903750888,-0.10104767293521842,0.272976638777504,2.0308741016704577e-10,-166.96168343486553,True,False,powell,sensitivity
l_amyg-post_vmPFC_neg_vs_pos,neg_vs_pos,l_amyg-post_vmPFC,C5SPGP,C5SES,148,10,-0.0034155440789389803,0.0917923068208868,-0.03720948080762029,0.9703179792572929,0.11345246920823909,0.48192940081825364,-0.0021910613291053027,0.9469147078423763,0.037885718259214954,-147.84708928198086,True,False,powell,sensitivity
l_amyg-post_vmPFC_neg_vs_pos,neg_vs_pos,l_amyg-post_vmPFC,C5SPGN,C5SES,148,10,-0.06562955637712738,0.061584826723250635,-1.0656773732928229,0.2865695093873257,-0.276395814901819,0.009968983362731276,0.021578634265007668,0.3279673507519646,0.0010482767517695053,-90.82853650677282,True,False,lbfgs,sensitivity
l_amyg-post_vmPFC_neg_vs_pos,neg_vs_pos,l_amyg-post_vmPFC,C5SPGN_log,C5SES,148,10,-0.023745866365123814,0.027399039878476725,-0.8666678274291408,0.386124038101638,-0.12557257801494823,0.009388869073213632,0.007437995620765445,0.44873256568983455,0.0012125422428358357,18.936764766291844,True,False,powell,sensitivity
r_amyg-ant_vmPFC_neg,neg,r_amyg-ant_vmPFC,PA_score,C5SES,93,10,0.011066412394514108,0.05863273605393497,0.18874119031959138,0.850295666540712,-0.009632820211793819,0.9674984388746249,-0.012962327862711849,0.7920171446473188,0.38437266542931703,-102.30036520300806,True,False,lbfgs,secondary
r_amyg-ant_vmPFC_neg,neg,r_amyg-ant_vmPFC,NA_score,C5SES,93,10,0.00689936743912368,0.01878392806406498,0.36730163230994645,0.7133940366470837,0.02669188724136304,0.7248362701387676,-0.0052753616970373325,0.7380650476314139,0.028521906659014367,-3.738318399362498,True,False,lbfgs,secondary
r_amyg-ant_vmPFC_neg,neg,r_amyg-ant_vmPFC,NA_score_log,C5SES,93,10,0.16557875515184114,0.14101649338715755,1.1741800634429937,0.24032290975125337,0.9237868851808273,0.09518510065100572,-0.13309924915622037,0.26116428139732195,1.9153459242978242e-10,-168.2826702791078,True,False,powell,sensitivity
r_amyg-ant_vmPFC_neg,neg,r_amyg-ant_vmPFC,C5SPGP,C5SES,148,10,0.02117475743086572,0.048675487227964755,0.43501891068284004,0.6635487010649364,0.16770949386039277,0.35565430423229116,-0.022145250744130852,0.5901241217157986,0.03285351911731041,-148.08851107252576,True,False,powell,sensitivity
r_amyg-ant_vmPFC_neg,neg,r_amyg-ant_vmPFC,C5SPGN,C5SES,148,10,-0.03374025598354932,0.03252997630281653,-1.0372050587884383,0.29964030096033345,-0.2442418270307302,0.05142718876649612,0.028090661455006275,0.30586870674983324,0.018000280235834963,-92.21060699978955,True,False,powell,sensitivity
r_amyg-ant_vmPFC_neg,neg,r_amyg-ant_vmPFC,C5SPGN_log,C5SES,148,10,-0.013580172700903462,0.01469758754509682,-0.9239729077466096,0.3555004215268407,-0.1040256523174652,0.06177651361366561,0.011006342557533345,0.374736751800563,0.0024825764875325562,17.268140279473982,True,False,powell,sensitivity
r_amyg-ant_vmPFC_neu,neu,r_amyg-ant_vmPFC,PA_score,C5SES,93,10,-0.22895601456600223,0.14930819154476854,-1.533445768763143,0.12516605905245815,-0.3887274947365771,0.131491110836265,0.05518121810780157,0.15653206964648764,0.38709136011872386,-100.16092497740354,True,False,lbfgs,sensitivity
r_amyg-ant_vmPFC_neu,neu,r_amyg-ant_vmPFC,NA_score,C5SES,93,10,0.02784985019882361,0.0495073454812372,0.5625397590621867,0.5737483226392421,0.10024613068088843,0.24694287585481967,-0.006763259857939283,0.6008594197988906,0.027311405514192366,-2.3141442179295666,True,False,lbfgs,sensitivity
r_amyg-ant_vmPFC_neu,neu,r_amyg-ant_vmPFC,NA_score_log,C5SES,93,10,0.36141388572261884,0.34863720116859814,1.0366475078138377,0.299900163948426,0.9371899596734249,0.1300133569476315,-0.08309580536617026,0.3617100393121403,1.9527482490629463e-10,-168.06283677804336,True,False,powell,sensitivity
r_amyg-ant_vmPFC_neu,neu,r_amyg-ant_vmPFC,C5SPGP,C5SES,148,10,0.1062976627224293,0.11443958656421634,0.928853956168233,0.3529647775970992,0.29953053510960237,0.11554856150327592,-0.03143802209945857,0.3013824615480708,0.01164514420548714,-146.5199212999405,True,False,powell,sensitivity
r_amyg-ant_vmPFC_neu,neu,r_amyg-ant_vmPFC,C5SPGN,C5SES,148,10,-0.08635414530292568,0.07871376630737216,-1.0970653464315039,0.272612827416145,-0.10976217353858125,0.3842687134032523,0.020552245586193476,0.32538198763419923,1.7600144187644967e-11,-93.06128491621087,True,False,powell,sensitivity
r_amyg-ant_vmPFC_neu,neu,r_amyg-ant_vmPFC,C5SPGN_log,C5SES,148,10,-0.03947033504161654,0.035389548250492175,-1.115310508126297,0.26471738395243216,-0.05499295328267735,0.33367211497887417,0.009174218475841673,0.32898380879767253,1.055886004046797e-08,16.75280541851066,True,False,lbfgs,sensitivity
r_amyg-ant_vmPFC_pos,pos,r_amyg-ant_vmPFC,PA_score,C5SES,93,10,-0.06766790628287332,0.12561343281521872,-0.5386996021549297,0.5900941482977957,-0.07028615958636135,0.760183319008612,0.021761775224388737,0.651910120972734,0.3815622685321938,-101.49995538964461,True,False,lbfgs,sensitivity
r_amyg-ant_vmPFC_pos,pos,r_amyg-ant_vmPFC,NA_score,C5SES,93,10,0.0065750026871524425,0.03967637712369456,0.16571580279757647,0.8683806091775437,0.009325950223259948,0.8992304098563199,-0.0018763967088068784,0.9020932879479818,0.02915469020421715,-3.1754581393463184,True,False,lbfgs,sensitivity
r_amyg-ant_vmPFC_pos,pos,r_amyg-ant_vmPFC,NA_score_log,C5SES,93,10,0.4084647972719175,0.2863479178526441,1.4264633049719444,0.1537346517718119,0.6788082632647765,0.209290113438109,-0.145442186828882,0.1874401653647466,1.0696091072919362e-09,-168.12950568739447,True,False,powell,sensitivity
r_amyg-ant_vmPFC_pos,pos,r_amyg-ant_vmPFC,C5SPGP,C5SES,148,10,0.07743208023754336,0.0931762623891414,0.8310279705592394,0.4059578284241203,-0.0228939049325499,0.9010403635627683,-0.03425277767033706,0.3711790842980005,0.03258944427153388,-147.54876679705023,True,False,powell,sensitivity
r_amyg-ant_vmPFC_pos,pos,r_amyg-ant_vmPFC,C5SPGN,C5SES,148,10,-0.10603182298390747,0.06458270193128038,-1.6417991166850108,0.10063164219044163,-0.27228754342809214,0.02923047626396179,0.041736338152114284,0.11573555865997658,1.8259912091820933e-11,-90.86107593246686,True,False,powell,sensitivity
r_amyg-ant_vmPFC_pos,pos,r_amyg-ant_vmPFC,C5SPGN_log,C5SES,148,10,-0.04840630014120138,0.028380438083956325,-1.7056220202804349,0.08807847679982861,-0.12482124788779546,0.02472559908849558,0.018820335153588164,0.10663331261866094,3.469343817977572e-12,18.977677297099547,True,False,powell,sensitivity
r_amyg-ant_vmPFC_neg_vs_neu,neg_vs_neu,r_amyg-ant_vmPFC,PA_score,C5SES,93,10,0.058232297303909976,0.0689189782700008,0.8449384881443817,0.3981451838928005,0.14117518108076074,0.44317373499230406,-0.037746366055441086,0.3447891180110261,0.38317993394923394,-101.96347415904492,True,False,lbfgs,sensitivity
r_amyg-ant_vmPFC_neg_vs_neu,neg_vs_neu,r_amyg-ant_vmPFC,NA_score,C5SES,93,10,0.005748392666550636,0.02251337699224158,0.255332315029043,0.7984664431044777,-0.041418019673234455,0.5172407957935269,-0.0023742744786686342,0.8559635478303449,0.0286196703500071,-3.494263456040983,True,False,lbfgs,sensitivity
r_amyg-ant_vmPFC_neg_vs_neu,neg_vs_neu,r_amyg-ant_vmPFC,NA_score_log,C5SES,93,10,0.17340216417671836,0.17869600318466222,0.9703751683663945,0.33185952149157627,0.25510546357789676,0.6371710355689583,-0.0885508513309558,0.393358996345171,1.9702924999334348e-10,-169.3190402123694,True,False,powell,sensitivity
r_amyg-ant_vmPFC_neg_vs_neu,neg_vs_neu,r_amyg-ant_vmPFC,C5SPGP,C5SES,148,10,0.017568727376914204,0.06253904026932477,0.28092416035254725,0.7787685692647173,-0.09196169015226881,0.6354802902405059,-0.012736155689680414,0.7278050870471853,0.025344774870595197,-148.13881524976557,True,False,powell,sensitivity
r_amyg-ant_vmPFC_neg_vs_neu,neg_vs_neu,r_amyg-ant_vmPFC,C5SPGN,C5SES,148,10,-0.03746540517306796,0.04160423749685837,-0.9005189717969728,0.3678441337139753,-0.20146692477541445,0.11756774885802289,0.020566364818609822,0.39833538108168376,0.01026795263679227,-92.8069031768398,True,False,powell,sensitivity
r_amyg-ant_vmPFC_neg_vs_neu,neg_vs_neu,r_amyg-ant_vmPFC,C5SPGN_log,C5SES,148,10,-0.014146249984912219,0.01883026731623405,-0.7512506194065752,0.45250184145137906,-0.07860320390345767,0.176107319535876,0.007383890943525961,0.5029029414298167,0.001882105425317759,16.5617786869972,True,False,lbfgs,sensitivity
r_amyg-ant_vmPFC_neg_vs_pos,neg_vs_pos,r_amyg-ant_vmPFC,PA_score,C5SES,93,10,0.05562070619674862,0.08455945222267197,0.6577704175552319,0.5106856659978465,0.05562729561008479,0.7740521749990602,-0.028859697900283893,0.45319980530313253,0.3877986247712235,-102.02959857672519,True,False,lbfgs,sensitivity
r_amyg-ant_vmPFC_neg_vs_pos,neg_vs_pos,r_amyg-ant_vmPFC,NA_score,C5SES,93,10,0.01032302434441125,0.027210350502156904,0.379378587702976,0.7044067487581773,0.018746425514381687,0.7721839702563047,-0.004045241002193097,0.7433788598348956,0.028214396995403904,-3.615206217414965,True,False,lbfgs,sensitivity
r_amyg-ant_vmPFC_neg_vs_pos,neg_vs_pos,r_amyg-ant_vmPFC,NA_score_log,C5SES,93,10,0.10864533564337811,0.2096565949425904,0.5182061440668161,0.6043144484664065,0.331270798666154,0.49671567794830696,-0.038503847857282184,0.6853961828634413,1.9787584447730107e-10,-169.47306130113347,True,False,powell,sensitivity
r_amyg-ant_vmPFC_neg_vs_pos,neg_vs_pos,r_amyg-ant_vmPFC,C5SPGP,C5SES,148,10,-0.0015137411109009706,0.07658343702560048,-0.019765907220838805,0.9842301146638606,0.18790605822038112,0.2560769005910609,-0.003369087649525266,0.9200174390212664,0.029020745014492817,-147.5785682745211,True,False,powell,sensitivity
r_amyg-ant_vmPFC_neg_vs_pos,neg_vs_pos,r_amyg-ant_vmPFC,C5SPGN,C5SES,148,10,-0.028464442324762345,0.05183353706194966,-0.5491510697165548,0.5829017803105061,-0.009148272368505708,0.9361518235284029,0.010227789027013634,0.6520690570181629,2.554370902308375e-10,-94.06360789888572,True,False,powell,sensitivity
r_amyg-ant_vmPFC_neg_vs_pos,neg_vs_pos,r_amyg-ant_vmPFC,C5SPGN_log,C5SES,148,10,-0.008264354821304052,0.023398636851128057,-0.35319813174952647,0.7239399083928792,0.0015932487011550412,0.9750975998041765,0.0023812850686645653,0.8161585949710624,0.00044202185103294834,15.603321677887749,True,False,powell,sensitivity
r_amyg-post_vmPFC_neg,neg,r_amyg-post_vmPFC,PA_score,C5SES,93,10,0.007539443346737995,0.06583271927758452,0.11452425829393183,0.9088222175694671,-0.09844812041929987,0.6249783270166704,-0.008872612277187804,0.8546238929948292,0.3911762238552376,-102.23197739324965,True,False,lbfgs,secondary
r_amyg-post_vmPFC_neg,neg,r_amyg-post_vmPFC,NA_score,C5SES,93,10,-0.002680189400835694,0.020658846700362856,-0.12973567400491037,0.8967755573015463,-0.0424789584916447,0.5037377265279472,0.002881303542341144,0.850277014153811,0.028602915756546988,-3.6578593901109286,True,False,lbfgs,secondary
r_amyg-post_vmPFC_neg,neg,r_amyg-post_vmPFC,NA_score_log,C5SES,93,10,0.11384143947582988,0.15518015908319405,0.7336082147898692,0.463187552838225,0.17816843728217155,0.7134699221979215,-0.07268396321302999,0.5274762373527775,2.0031360461440005e-10,-169.74639785136398,True,False,powell,sensitivity
r_amyg-post_vmPFC_neg,neg,r_amyg-post_vmPFC,C5SPGP,C5SES,148,10,0.013265058151294081,0.053196921774394286,0.24935762650986812,0.8030841591865863,-0.09235120338416204,0.5915072016665639,-0.012355411281916157,0.758893068156071,0.03228662530426231,-148.3712729243166,True,False,powell,sensitivity
r_amyg-post_vmPFC_neg,neg,r_amyg-post_vmPFC,C5SPGN,C5SES,148,10,-0.040733181737647305,0.03547462848283122,-1.14823420229365,0.25087189341330385,-0.2285826625575109,0.046018738844613376,0.02995092064697531,0.26432174665020836,0.0018198361502940767,-92.07976968178207,True,False,powell,sensitivity
r_amyg-post_vmPFC_neg,neg,r_amyg-post_vmPFC,C5SPGN_log,C5SES,148,10,-0.017690999240172263,0.016014170766656687,-1.1047090416324847,0.269285684316789,-0.10338124444132603,0.045451632875462375,0.01275640549809463,0.29233268348760977,0.0009488912672553083,17.641877623549078,True,False,powell,sensitivity
r_amyg-post_vmPFC_neu,neu,r_amyg-post_vmPFC,PA_score,C5SES,93,10,0.047524954169608995,0.1561106736767482,0.3044311644443795,0.7607994280121226,0.27171758806171536,0.2984446416860055,-0.01458881720247244,0.6723140885100751,0.3806783764391034,-100.85994284626489,True,False,lbfgs,sensitivity
r_amyg-post_vmPFC_neu,neu,r_amyg-post_vmPFC,NA_score,C5SES,93,10,-0.06057832851129874,0.045445686128527174,-1.3329830325363379,0.1825373720076886,-0.1317754133846116,0.10707874148347876,0.01388849556687685,0.1680127599829715,0.029151534973606605,-1.580863687148593,True,False,lbfgs,sensitivity
r_amyg-post_vmPFC_neu,neu,r_amyg-post_vmPFC,NA_score_log,C5SES,93,10,0.10132168840475471,0.35214925100383926,0.2877237083876406,0.7735582404219088,-0.008404529169430047,0.9893029869595937,-0.010188560052515581,0.8962210405826063,1.9962973776742592e-10,-169.1055449181869,True,False,powell,sensitivity
r_amyg-post_vmPFC_neu,neu,r_amyg-post_vmPFC,C5SPGP,C5SES,148,10,0.1929999581037809,0.1279399781774523,1.5085195484095724,0.1314216073572687,0.2072307287047135,0.2860656825380179,-0.044518543608602905,0.11289126370445202,0.02661667749227732,-146.37961282184767,True,False,powell,sensitivity
r_amyg-post_vmPFC_neu,neu,r_amyg-post_vmPFC,C5SPGN,C5SES,148,10,0.01278960705163108,0.08693082879117044,0.1471239516461405,0.8830341849107861,-0.10467149653109248,0.4321290191684687,-0.004490445859900052,0.8139231377851047,2.3469776398298612e-07,-93.16861890979351,True,False,lbfgs,sensitivity
r_amyg-post_vmPFC_neu,neu,r_amyg-post_vmPFC,C5SPGN_log,C5SES,148,10,-0.008881995076737405,0.039105840958106354,-0.22712707000093887,0.8203249352284872,-0.0709195272544668,0.23545790438992287,0.0008845450885263509,0.9179076696005821,2.7542176500546486e-07,16.88575936254699,True,False,lbfgs,sensitivity
r_amyg-post_vmPFC_pos,pos,r_amyg-post_vmPFC,PA_score,C5SES,93,10,-0.009859522698116832,0.1291389061765684,-0.07634819737930995,0.9391420817478566,-0.08318535688876345,0.6874982633181399,-0.0007448919328774476,0.9853823221727428,0.3840930361475712,-101.64874884704577,True,False,lbfgs,sensitivity
r_amyg-post_vmPFC_pos,pos,r_amyg-post_vmPFC,NA_score,C5SES,93,10,-0.002230245662465769,0.039327652991181655,-0.05670935061814778,0.9547767252884938,-0.01333040840975982,0.8574511027864741,0.0013659456855898424,0.9122757982704366,0.028556425449442282,-3.2670361648118558,True,False,lbfgs,sensitivity
r_amyg-post_vmPFC_pos,pos,r_amyg-post_vmPFC,NA_score_log,C5SES,93,10,0.423826463847096,0.2851986352154576,1.4860746564474614,0.1372593749762281,0.8564391828260293,0.09290397778342961,-0.12190694719794627,0.17600648897444438,1.9330107199778348e-10,-167.7831332624772,True,False,powell,sensitivity
r_amyg-post_vmPFC_pos,pos,r_amyg-post_vmPFC,C5SPGP,C5SES,148,10,0.05729445041575911,0.09853794428529905,0.5814455622280209,0.5609401975016759,-0.13460074753040432,0.44300475777361625,-0.02202196041001931,0.5208154761670712,0.025612819801651573,-147.24044814931756,True,False,powell,sensitivity
r_amyg-post_vmPFC_pos,pos,r_amyg-post_vmPFC,C5SPGN,C5SES,148,10,-0.13169851015820394,0.06541409322855993,-2.0133048347554574,0.0440825700586025,-0.20586299461082283,0.07317937200608012,0.04342855019614344,0.056482588563081984,1.4910738119898553e-10,-91.46156539210301,True,False,powell,sensitivity
r_amyg-post_vmPFC_pos,pos,r_amyg-post_vmPFC,C5SPGN_log,C5SES,148,10,-0.06090916793118839,0.029545528424388456,-2.061535913533051,0.03925194089062356,-0.0865674645763678,0.09505163621561655,0.019826213107597735,0.05389020711733938,0.0006792673765777324,18.242485521493677,True,False,powell,sensitivity
r_amyg-post_vmPFC_neg_vs_neu,neg_vs_neu,r_amyg-post_vmPFC,PA_score,C5SES,93,10,0.0022887745442217934,0.07942333217667562,0.028817407699924504,0.9770102173085327,-0.32277074627715846,0.10415813493544514,-0.0036816784959378458,0.9293064870635227,0.4038353965650223,-100.91136518897966,True,False,lbfgs,sensitivity
r_amyg-post_vmPFC_neg_vs_neu,neg_vs_neu,r_amyg-post_vmPFC,NA_score,C5SES,93,10,0.010486990781439885,0.02552763044847623,0.41080940914615377,0.6812122932548721,0.031219879117824794,0.6687352668479274,-0.004903253123615375,0.7145482698448131,0.028563752871705598,-3.457744773468761,True,False,lbfgs,sensitivity
r_amyg-post_vmPFC_neg_vs_neu,neg_vs_neu,r_amyg-post_vmPFC,NA_score_log,C5SES,93,10,0.1589949233563759,0.19703053891534297,0.8069557350431366,0.41969198613188063,0.4367473528166572,0.45882967158692745,-0.07242639435360153,0.48422887593482977,0.016685663364018683,-169.20725320689357,True,False,powell,sensitivity
r_amyg-post_vmPFC_neg_vs_neu,neg_vs_neu,r_amyg-post_vmPFC,C5SPGP,C5SES,148,10,-0.028412751739533258,0.06500495188859952,-0.4370859590547016,0.662049009711454,-0.21125935451134145,0.25143663551375595,0.013046837984952347,0.7121025334086853,0.03137260181827771,-147.58777005847537,True,False,powell,sensitivity
r_amyg-post_vmPFC_neg_vs_neu,neg_vs_neu,r_amyg-post_vmPFC,C5SPGN,C5SES,148,10,-0.07249915744082339,0.043728018578843446,-1.6579566099045713,0.09732622460137974,-0.15940168565513932,0.20477929506620973,0.037389395245348865,0.11560294730310662,0.0039443675228008875,-92.32564601904892,True,False,powell,sensitivity
r_amyg-post_vmPFC_neg_vs_neu,neg_vs_neu,r_amyg-post_vmPFC,C5SPGN_log,C5SES,148,10,-0.02852034084500819,0.01981634356299215,-1.4392332649233595,0.15008444347910666,-0.05545477022719098,0.32839014218621443,0.014309348554012525,0.18396564953715622,0.0009668891324186071,16.844713130524696,True,False,powell,sensitivity
r_amyg-post_vmPFC_neg_vs_pos,neg_vs_pos,r_amyg-post_vmPFC,PA_score,C5SES,93,10,0.00938335367355957,0.09779675667110102,0.09594749348505087,0.9235622742023,0.001234403924233165,0.9950236517999113,-0.007924889425750046,0.8497440569343759,0.38106530470312017,-102.02354360333047,True,False,lbfgs,sensitivity
r_amyg-post_vmPFC_neg_vs_pos,neg_vs_pos,r_amyg-post_vmPFC,NA_score,C5SES,93,10,-0.007906535955319824,0.030881653961998056,-0.2560269590822223,0.7979300205755131,-0.03851848214568262,0.5735167067361167,0.004112685936749011,0.7559370074708543,0.03041059339932247,-3.3612514263100763,True,False,lbfgs,sensitivity
r_amyg-post_vmPFC_neg_vs_pos,neg_vs_pos,r_amyg-post_vmPFC,NA_score_log,C5SES,93,10,-0.002288611249056456,0.23165761307152247,-0.009879283562979064,0.9921176003942012,-0.44826362949308474,0.3802484244758667,0.014387938343891087,0.884842395881251,0.08636360237011684,-169.20090931137216,True,False,powell,sensitivity
r_amyg-post_vmPFC_neg_vs_pos,neg_vs_pos,r_amyg-post_vmPFC,C5SPGP,C5SES,148,10,-0.022756963973095838,0.08096151632050362,-0.28108371739243976,0.7786461895637293,0.07640880844070025,0.6401347980658192,0.0058545808342223195,0.861928146592068,0.03455021340061834,-148.04273554670294,True,False,powell,sensitivity
r_amyg-post_vmPFC_neg_vs_pos,neg_vs_pos,r_amyg-post_vmPFC,C5SPGN,C5SES,148,10,-0.024744245861577873,0.05482900101193267,-0.451298499058786,0.6517744264907164,-0.08494630116983595,0.4373951297291099,0.00830295191280507,0.715318160251331,4.5868421260552806e-11,-93.88660774476506,True,False,powell,sensitivity
r_amyg-post_vmPFC_neg_vs_pos,neg_vs_pos,r_amyg-post_vmPFC,C5SPGN_log,C5SES,148,10,-0.008232417330657394,0.024612536084118425,-0.3344806606893905,0.7380168819213897,-0.044416785537539936,0.36710374898621845,0.0023286673385390765,0.81981630771386,0.0008082132191628051,15.941815113611966,True,False,powell,sensitivity
l_amyg_safety_vs_threat_neg,neg,l_amyg_safety_vs_threat,PA_score,C5SES,93,10,-0.08848373656673085,0.2155186839172205,-0.4105617896252417,0.681393886758523,0.2910629966794025,0.3346664650979845,-0.009622839473162432,0.547418283073772,0.39442860736127167,-99.55294691131499,True,False,lbfgs,sensitivity
l_amyg_safety_vs_threat_neg,neg,l_amyg_safety_vs_threat,NA_score,C5SES,93,10,0.04707506439474389,0.0707737238883613,0.6651488971952394,0.5059552623398478,-0.032958506464103525,0.759861004272006,0.003729802589885309,0.4699785776555595,0.031451137879957465,-1.7868306821351894,True,False,lbfgs,sensitivity
l_amyg_safety_vs_threat_neg,neg,l_amyg_safety_vs_threat,NA_score_log,C5SES,93,10,0.5405664192768488,0.547156160848642,0.9879563787391655,0.3231740121034328,0.6666906582093216,0.46894787712179586,0.047491474224006514,0.2254776680059868,1.9778740523812539e-10,-167.8693816726409,True,False,powell,sensitivity
l_amyg_safety_vs_threat_neg,neg,l_amyg_safety_vs_threat,C5SPGP,C5SES,148,10,-0.13044511463651848,0.1697885346817329,-0.7682798775608535,0.4423209267964059,-0.01824154246932534,0.9373865067679922,-0.01502359891009887,0.3730154996821542,0.033588290994861776,-146.8493717806748,True,False,powell,sensitivity
l_amyg_safety_vs_threat_neg,neg,l_amyg_safety_vs_threat,C5SPGN,C5SES,148,10,-0.004055566031108222,0.11483257316322609,-0.03531720938921687,0.9718268007827668,-0.004985899797171466,0.974707381450549,-0.0023722952887906823,0.8351173805383678,5.080731943896343e-05,-93.15128973266621,True,False,powell,sensitivity
l_amyg_safety_vs_threat_neg,neg,l_amyg_safety_vs_threat,C5SPGN_log,C5SES,148,10,0.011175089494645945,0.051846456600766005,0.21554201053116595,0.8293447620179415,0.008568787038655936,0.9038704418611082,-0.00012676776080727052,0.9803488252509259,0.0007220423140269046,16.62691076745935,True,False,powell,sensitivity
r_amyg_safety_vs_threat_neg,neg,r_amyg_safety_vs_threat,PA_score,C5SES,93,10,0.1826014818165229,0.21573753319126016,0.8464057186314409,0.39732644939814676,0.3225921075884514,0.34872072890430583,-0.021827063179337598,0.3172294118964708,0.41050174697616776,-100.57151898811944,True,False,lbfgs,sensitivity
r_amyg_safety_vs_threat_neg,neg,r_amyg_safety_vs_threat,NA_score,C5SES,93,10,0.1136237023339368,0.06255200249926587,1.8164678634432259,0.06929863329179398,0.18038100430210768,0.053431573520948204,-0.010356176340264728,0.09871902353881461,0.026067665887071188,-0.23759258532831495,True,False,lbfgs,sensitivity
r_amyg_safety_vs_threat_neg,neg,r_amyg_safety_vs_threat,NA_score_log,C5SES,93,10,0.606839072769799,0.47635550430368645,1.2739205641317133,0.20269156965966295,1.2539765834477592,0.07442558428897822,-0.04758133256611811,0.31664248841877685,2.6475650699787136e-10,-166.9146049457211,True,False,powell,sensitivity
r_amyg_safety_vs_threat_neg,neg,r_amyg_safety_vs_threat,C5SPGP,C5SES,148,10,0.22018103766448197,0.18100759017323345,1.2164188112429846,0.22382542162845254,0.47261954385300764,0.03750912979396606,-0.02283836245660514,0.1814777812788243,0.008726465289485015,-144.90535388687124,True,False,lbfgs,sensitivity
r_amyg_safety_vs_threat_neg,neg,r_amyg_safety_vs_threat,C5SPGN,C5SES,148,10,-0.014308456997466343,0.123582971703853,-0.11578016615229396,0.9078267699053371,0.01611532811872335,0.916383620554717,-0.0007789828395720931,0.9467718292049137,1.921588492169112e-11,-93.0887106558053,True,False,powell,sensitivity
r_amyg_safety_vs_threat_neg,neg,r_amyg_safety_vs_threat,C5SPGN_log,C5SES,148,10,0.012918697571085358,0.05564847388749731,0.23214828132039458,0.81642284594081,0.02238603103755414,0.746671249451177,-0.002297048320952899,0.6620809949928913,0.0008145436550252547,16.705431351015335,True,False,lbfgs,sensitivity
l_amyg_safety_vs_threat_neu,neu,l_amyg_safety_vs_threat,PA_score,C5SES,93,10,-0.32297701505190207,0.19860614954787198,-1.6262186029343053,0.10390316012164003,-0.461363426791387,0.2290390245608046,-0.04305172414811688,0.08583252426759397,0.3373572498869307,-99.6481752953164,True,False,lbfgs,sensitivity
l_amyg_safety_vs_threat_neu,neu,l_amyg_safety_vs_threat,NA_score,C5SES,93,10,0.12706722497215822,0.05703383917730375,2.227926908043809,0.025885389495823086,0.15576924995637753,0.16937844764281296,0.016046131790199654,0.02634015047483751,0.026259250992677244,-0.09804291054760483,True,False,lbfgs,sensitivity
l_amyg_safety_vs_threat_neu,neu,l_amyg_safety_vs_threat,NA_score_log,C5SES,93,10,0.5508328237548568,0.4429293347941262,1.2436133271933414,0.21364190882983847,0.19722475689036764,0.8163416104182358,0.07828485584293954,0.16160047296346247,1.966002751296202e-10,-167.5672174382935,True,False,powell,sensitivity
l_amyg_safety_vs_threat_neu,neu,l_amyg_safety_vs_threat,C5SPGP,C5SES,148,10,-0.02619520764587142,0.14572153792562176,-0.1797620860908139,0.8573393495950739,0.18661430492965428,0.4217555295696326,-0.0068573220901366515,0.7678719594287863,0.031137262674709332,-146.807404149925,True,False,powell,sensitivity
l_amyg_safety_vs_threat_neu,neu,l_amyg_safety_vs_threat,C5SPGN,C5SES,148,10,-0.018928155319159264,0.09887649663583095,-0.1914323015394951,0.8481869150279921,-0.23196398922093198,0.1394776743410685,-0.00518779352745087,0.7419165481864429,0.00417368591884972,-91.99379534054833,True,False,powell,sensitivity
l_amyg_safety_vs_threat_neu,neu,l_amyg_safety_vs_threat,C5SPGN_log,C5SES,148,10,0.008856805030693206,0.04460933346895664,0.19854152353243748,0.842621400229018,-0.07538974116382176,0.2884512541817823,8.958135099931118e-05,0.9899456075275797,0.0011263056358846396,17.402940115191143,True,False,powell,sensitivity
r_amyg_safety_vs_threat_neu,neu,r_amyg_safety_vs_threat,PA_score,C5SES,93,10,-0.5155463463540763,0.20954001923085863,-2.46037176214095,0.013879316294746591,-0.9324523061697436,0.002247080956589909,0.017484587643573076,0.10293120641251198,0.3247156311839677,-96.16613018100017,True,False,lbfgs,sensitivity
r_amyg_safety_vs_threat_neu,neu,r_amyg_safety_vs_threat,NA_score,C5SES,93,10,0.16321927883708412,0.06233246955158064,2.6185273904801543,0.008831020160938508,0.3499917273671873,0.00033379937217824544,-0.006210351901824701,0.04940298036934703,0.019401094937621582,3.6878103924115067,True,False,lbfgs,sensitivity
r_amyg_safety_vs_threat_neu,neu,r_amyg_safety_vs_threat,NA_score_log,C5SES,93,10,0.4332163414686894,0.47527220036175705,0.9115120580142149,0.36202563521727726,1.352088916887666,0.0693972337747583,-0.006955967974639486,0.7724137525461187,1.9513739355280359e-10,-167.02850526809246,True,False,powell,sensitivity
r_amyg_safety_vs_threat_neu,neu,r_amyg_safety_vs_threat,C5SPGP,C5SES,148,10,-0.12914999702929447,0.16674660315755183,-0.7745285036317417,0.43861831897914794,0.13002354197895644,0.5637239457006604,0.0025664478461150035,0.7986567342859423,0.016043945981017885,-146.4640824541293,True,False,powell,sensitivity
r_amyg_safety_vs_threat_neu,neu,r_amyg_safety_vs_threat,C5SPGN,C5SES,148,10,-0.2029426867203142,0.11298248021854243,-1.7962314717092545,0.07245771141424262,-0.0465275229302969,0.7556034192310792,0.007236717258981763,0.2867310374049935,1.7482176935766182e-11,-91.45813477697402,True,False,powell,sensitivity
r_amyg_safety_vs_threat_neu,neu,r_amyg_safety_vs_threat,C5SPGN_log,C5SES,148,10,-0.06747028455310822,0.05104790913071461,-1.321705153101218,0.1862663520511174,0.0044621664170573,0.9474873636492823,0.001904483888232916,0.5356244272175206,4.371240924739073e-12,17.657377675422538,True,False,lbfgs,sensitivity
l_amyg_safety_vs_threat_pos,pos,l_amyg_safety_vs_threat,PA_score,C5SES,93,10,-0.02967036153642505,0.20379002460792886,-0.14559280609297628,0.884242847375377,-0.12709461352974405,0.6779356446131313,-0.003097697885973388,0.7330166978226902,0.3843718104446941,-100.99626272881588,True,False,lbfgs,sensitivity
l_amyg_safety_vs_threat_pos,pos,l_amyg_safety_vs_threat,NA_score,C5SES,93,10,0.048863069338096664,0.06501952094597892,0.751513831956625,0.4523434795541832,-0.028838853688643695,0.7707571076545271,-0.0006037053205163644,0.82716745676311,0.030464658000369835,-1.7145724674750227,True,False,lbfgs,sensitivity
l_amyg_safety_vs_threat_pos,pos,l_amyg_safety_vs_threat,NA_score_log,C5SES,93,10,0.38597925289558604,0.5292196052181966,0.7293366479430544,0.4657957599056457,-0.1234870514505948,0.8785191927063594,0.0016540740684308245,0.9369215292321977,1.9679252982895893e-10,-167.92517207382448,True,False,powell,sensitivity
l_amyg_safety_vs_threat_pos,pos,l_amyg_safety_vs_threat,C5SPGP,C5SES,148,10,-0.2137567601207174,0.16086069322452085,-1.3288315239470405,0.18390355934304803,-0.26728201248601785,0.1948415025546555,-0.003353125904291153,0.6086680716217415,0.050617507409823646,-146.28019973035646,True,False,powell,sensitivity
l_amyg_safety_vs_threat_pos,pos,l_amyg_safety_vs_threat,C5SPGN,C5SES,148,10,0.07282968086181299,0.11021008173229743,0.6608259400325805,0.5087239453202672,-0.02960686706633776,0.8330006449410907,-0.0018406804176799468,0.6785817464511893,0.00797830773538436,-92.96732129861027,True,False,powell,sensitivity
l_amyg_safety_vs_threat_pos,pos,l_amyg_safety_vs_threat,C5SPGN_log,C5SES,148,10,0.053319607611383164,0.04907371079131552,1.0865208021077353,0.27724864269080696,0.0004292150477890935,0.9945804360850125,-0.0010477464201220212,0.6004222786437344,0.0020812738951491425,17.152783972935225,True,False,powell,sensitivity
r_amyg_safety_vs_threat_pos,pos,r_amyg_safety_vs_threat,PA_score,C5SES,93,10,-0.26536601582858715,0.28346307644796614,-0.9361572560131973,0.34919222714827214,-0.13387939204711827,0.7145615267566094,0.014506568014433764,0.49038150495045185,0.38914591572104834,-100.14056463731706,True,False,lbfgs,sensitivity
r_amyg_safety_vs_threat_pos,pos,r_amyg_safety_vs_threat,NA_score,C5SES,93,10,0.05007807193403609,0.08635163865462633,0.5799319238668916,0.561960526516895,0.08047697099458027,0.5276488750544731,-0.002899228113237916,0.652392571474582,0.02680251507297801,-1.9584368029134964,True,False,lbfgs,sensitivity
r_amyg_safety_vs_threat_pos,pos,r_amyg_safety_vs_threat,NA_score_log,C5SES,93,10,-0.10394506836454942,0.6163647785053179,-0.16864212880011703,0.8660781411354908,-0.5537020001611096,0.5452422188073014,0.01907628451177876,0.6780009937856732,0.025090956400189525,-168.06901884763315,True,False,powell,sensitivity
r_amyg_safety_vs_threat_pos,pos,r_amyg_safety_vs_threat,C5SPGP,C5SES,148,10,0.10923339143750928,0.1898877072699419,0.5752525690471606,0.5651204944480819,0.32354867091020445,0.2307588361101277,-0.010107714980537454,0.4648597007662476,0.010039207182611106,-146.35271992532796,True,False,powell,sensitivity
r_amyg_safety_vs_threat_pos,pos,r_amyg_safety_vs_threat,C5SPGN,C5SES,148,10,0.0004852406206381573,0.13626009361351354,0.0035611352360764396,0.9971586311817617,-0.1083070743053526,0.5474062494427051,-0.002057779758589322,0.8336144779996009,3.039751202959313e-10,-92.7846279213511,True,False,powell,sensitivity
r_amyg_safety_vs_threat_pos,pos,r_amyg_safety_vs_threat,C5SPGN_log,C5SES,148,10,0.004058270081230744,0.05907055047822065,0.06870208671454704,0.9452267571727393,-0.06192544060971016,0.4410788014669984,-0.001425521153696601,0.7390850440386212,0.0006895645175924552,17.183184330043332,True,False,powell,sensitivity
l_amyg_safety_vs_threat_neg_vs_neu,neu,l_amyg_safety_vs_threat_neg_vs,PA_score,C5SES,93,10,0.20437924799004176,0.16732230124377742,1.221470458335825,0.22190794416769077,0.4236263461650302,0.08785704325515425,-0.015032629300137072,0.19015584219596293,0.3662615992171542,-100.07289052024916,True,False,lbfgs,sensitivity
l_amyg_safety_vs_threat_neg_vs_neu,neu,l_amyg_safety_vs_threat_neg_vs,NA_score,C5SES,93,10,-0.08354274226283655,0.05200537124730557,-1.6064252645281318,0.10818050349270392,-0.1154700260840414,0.18987701242027077,0.005209572685433085,0.14027701772510365,0.028863414074274518,-1.563189112551953,True,False,lbfgs,sensitivity
l_amyg_safety_vs_threat_neg_vs_neu,neu,l_amyg_safety_vs_threat_neg_vs,NA_score_log,C5SES,93,10,-0.2404861462597906,0.40249626903007557,-0.5974866471167732,0.5501825193790677,0.2706943355270058,0.7346773651299584,0.024704997246655494,0.3562371934414581,3.6653996038039104e-10,-168.34369156939667,True,False,powell,sensitivity
l_amyg_safety_vs_threat_neg_vs_neu,neu,l_amyg_safety_vs_threat_neg_vs,C5SPGP,C5SES,148,10,-0.03888625414613152,0.139280713044777,-0.27919338791459286,0.7800964176523959,-0.17652150172449962,0.38797410934837373,-0.0006849866732634837,0.9491754984672142,0.027321294577230294,-147.18089551326773,True,False,powell,sensitivity
l_amyg_safety_vs_threat_neg_vs_neu,neu,l_amyg_safety_vs_threat_neg_vs,C5SPGN,C5SES,148,10,-0.00831025093947073,0.0949145292121006,-0.08755509834432453,0.9302302913906693,0.1760185835733825,0.1988461289058837,-0.0015984741485280819,0.826475622540563,1.7486842829681676e-11,-92.3509698811796,True,False,powell,sensitivity
l_amyg_safety_vs_threat_neg_vs_neu,neu,l_amyg_safety_vs_threat_neg_vs,C5SPGN_log,C5SES,148,10,-0.009165183048617173,0.04262796124573946,-0.21500402038423091,0.829764184048571,0.06683093032548362,0.2805679999526497,-0.000631736117335065,0.8473622021859522,0.00012935024091636363,17.182775009970328,True,False,powell,sensitivity
r_amyg_safety_vs_threat_neg_vs_neu,neu,r_amyg_safety_vs_threat_neg_vs,PA_score,C5SES,93,10,0.32629730615568786,0.1396070626630231,2.3372550065270605,0.019425928544995807,0.6252922817046094,0.001955835553428081,-0.022172477646217142,0.030378465363465022,0.3735283874616043,-97.11718003063876,True,False,lbfgs,sensitivity
r_amyg_safety_vs_threat_neg_vs_neu,neu,r_amyg_safety_vs_threat_neg_vs,NA_score,C5SES,93,10,-0.009585558639331663,0.05218958274739443,-0.18366804512937446,0.8542738786941875,-0.0767905469358858,0.3263909288497524,0.0012216795542547764,0.7321390414146922,0.028715995360184765,-2.365291114782366,True,False,lbfgs,sensitivity
r_amyg_safety_vs_threat_neg_vs_neu,neu,r_amyg_safety_vs_threat_neg_vs,NA_score_log,C5SES,93,10,0.22585200657810195,0.3991375591534911,0.5658500469289311,0.5714957216444772,0.09239871868288284,0.8892484592044576,-0.0008126789893315352,0.9758817829421892,4.9081334667129444e-08,-168.82890259667224,True,False,lbfgs,sensitivity
r_amyg_safety_vs_threat_neg_vs_neu,neu,r_amyg_safety_vs_threat_neg_vs,C5SPGP,C5SES,148,10,0.26175370899232236,0.14654199332329843,1.786202733129512,0.07406643872710794,0.28363691484069803,0.16180600317039295,-0.014075842091399105,0.11476098953707749,0.01762619887991423,-145.74079193303703,True,False,powell,sensitivity
r_amyg_safety_vs_threat_neg_vs_neu,neu,r_amyg_safety_vs_threat_neg_vs,C5SPGN,C5SES,148,10,0.14363161810901462,0.09806379134228708,1.4646753520642004,0.1430095127404165,0.05950651310115071,0.6661988174163516,-0.007956845066962709,0.18524682586815056,1.780317058896079e-11,-92.36001024635596,True,False,powell,sensitivity
r_amyg_safety_vs_threat_neg_vs_neu,neu,r_amyg_safety_vs_threat_neg_vs,C5SPGN_log,C5SES,148,10,0.05859027797559182,0.04433682355728966,1.3214811814356662,0.1863409731989325,0.017948829293521443,0.7734575226779881,-0.003576519209119771,0.18773448037901108,4.5575447000111096e-05,17.224876861792893,True,False,powell,sensitivity
l_amyg_safety_vs_threat_neg_vs_pos,pos,l_amyg_safety_vs_threat_neg_vs,PA_score,C5SES,93,10,-0.020946577807606552,0.16453404181761921,-0.1273084741382891,0.8986962534907068,0.3112772613276118,0.18755466839891377,-0.005454071735881662,0.7491688445009133,0.41660531672119,-99.81735394521084,True,False,lbfgs,sensitivity
l_amyg_safety_vs_threat_neg_vs_pos,pos,l_amyg_safety_vs_threat_neg_vs,NA_score,C5SES,93,10,-0.008284369972331425,0.06774684389546895,-0.12228422013450432,0.9026739287135699,0.01179021338195826,0.9094433683984635,-0.00010900830642189727,0.9870195359308628,0.027762652936516904,-2.6611080145936796,True,False,lbfgs,sensitivity
l_amyg_safety_vs_threat_neg_vs_pos,pos,l_amyg_safety_vs_threat_neg_vs,NA_score_log,C5SES,93,10,0.18855778953690164,0.5306966078094993,0.3553024209353661,0.7223630419905744,0.7640903045884732,0.35198353850537223,0.030126588438343788,0.561852267643542,4.3369336446609865e-08,-168.08614325853634,True,False,lbfgs,sensitivity
l_amyg_safety_vs_threat_neg_vs_pos,pos,l_amyg_safety_vs_threat_neg_vs,C5SPGP,C5SES,148,10,0.14042573835339017,0.18466106387148817,0.7604512581554125,0.44698489391202156,0.26257435737612517,0.23547760449804866,0.009777081423729558,0.5851626888058243,0.05129761406719455,-146.59973274765287,True,False,powell,sensitivity
l_amyg_safety_vs_threat_neg_vs_pos,pos,l_amyg_safety_vs_threat_neg_vs,C5SPGN,C5SES,148,10,-0.09137914922013661,0.12299341876043159,-0.7429596651681525,0.45750610072604414,0.008747495077339991,0.953137707870938,-0.010126322389316576,0.3963872551405835,0.007108187101495856,-92.8155250903938,True,False,powell,sensitivity
l_amyg_safety_vs_threat_neg_vs_pos,pos,l_amyg_safety_vs_threat_neg_vs,C5SPGN_log,C5SES,148,10,-0.05186919121257918,0.05508589707986275,-0.9416056370540714,0.3463945826198651,-0.0011223035642535905,0.9866354836971472,-0.005771598731682946,0.28090741482194803,0.0018653662402455951,17.135501452816158,True,False,powell,sensitivity
r_amyg_safety_vs_threat_neg_vs_pos,pos,r_amyg_safety_vs_threat_neg_vs,PA_score,C5SES,93,10,0.24413975949182717,0.17254173513316784,1.414960614041582,0.1570800442779745,0.2450117748130196,0.2895365266546793,-0.010086882388259565,0.22826202114926264,0.412534688298898,-100.65087995104048,True,False,lbfgs,sensitivity
r_amyg_safety_vs_threat_neg_vs_pos,pos,r_amyg_safety_vs_threat_neg_vs,NA_score,C5SES,93,10,0.07084397549140116,0.05512779631627998,1.28508629448843,0.19876213036646018,0.09477107151110775,0.20026543166474853,-0.0011747062936620259,0.63946044141637,0.028940475036979458,-1.9290808206907286,True,False,lbfgs,sensitivity
r_amyg_safety_vs_threat_neg_vs_pos,pos,r_amyg_safety_vs_threat_neg_vs,NA_score_log,C5SES,93,10,0.6022066157345624,0.4301120754097175,1.4001155749019845,0.16147871179312823,1.3306437837594418,0.03554080776034909,-0.004699628581107985,0.796478252065507,1.99924063052211e-10,-166.6739273938488,True,False,powell,sensitivity
r_amyg_safety_vs_threat_neg_vs_pos,pos,r_amyg_safety_vs_threat_neg_vs,C5SPGP,C5SES,148,10,0.13831403513121296,0.16313607449045836,0.847844571246581,0.3965245369802215,0.1735716103203352,0.36968075556506363,-0.0064970566828262575,0.39194731086021095,0.04177952884219489,-146.89934931776645,True,False,powell,sensitivity
r_amyg_safety_vs_threat_neg_vs_pos,pos,r_amyg_safety_vs_threat_neg_vs,C5SPGN,C5SES,148,10,-0.02554369795817621,0.1144476783518016,-0.22319105399112807,0.823386814228144,0.07300474872165369,0.5875605254631591,-0.0015306616653944743,0.7674283212008282,4.868022741427259e-11,-93.09750407007903,True,False,powell,sensitivity
r_amyg_safety_vs_threat_neg_vs_pos,pos,r_amyg_safety_vs_threat_neg_vs,C5SPGN_log,C5SES,148,10,-4.781702000065165e-05,0.05089848849595323,-0.0009394585460912739,0.9992504206408204,0.053841343912173066,0.37240154810932335,-0.001225567671181346,0.5981217207218616,4.9811784277076186e-05,16.868648024066914,True,False,powell,sensitivity
